time_ms,temp_C,pressure_Pa,altitude_m,ax_ms2,ay_ms2,az_ms2,gx_rads,gy_rads,gz_rads,angleX_deg,angleY_deg,angleZ_deg,latitude,longitude,distance_m
0.0,18.08,101622.5,105.26,0.565,-0.177,-9.804,0.027,-0.073,0.015,-9.785,-3.195,-19.417,54.303349,-5.582283,330918.91
250.0,18.08,101622.09,105.3,0.632,-0.086,-9.778,-0.009,0.017,0.041,-18.55,-3.657,-19.375,54.303349,-5.582283,330918.91
500.0,18.09,101622.67,105.25,0.637,0.057,-9.857,-0.067,0.009,-0.044,78.335,-3.884,-19.378,54.303349,-5.582283,330918.91
754.0,18.09,101622.89,105.23,0.682,0.134,-9.708,-0.048,0.021,-0.003,87.87,-3.623,-19.148,54.30336,-5.582278,330920.12
1001.0,18.09,101623.31,105.2,0.781,0.098,-9.742,-0.076,0.065,0.004,44.536,-3.283,-18.859,54.30336,-5.582278,330920.12
1251.0,18.09,101622.66,105.25,0.821,0.148,-9.996,-0.111,-0.016,-0.014,58.02,-3.667,-18.632,54.30336,-5.582278,330920.12
1501.0,18.09,101622.58,105.26,0.752,0.113,-9.965,-0.006,-0.014,0.044,60.906,-3.67,-18.336,54.30336,-5.582278,330920.12
1750.0,18.09,101622.74,105.24,0.697,0.089,-9.965,-0.117,0.012,0.017,87.744,-3.797,-18.168,54.303368,-5.58228,330920.72
1997.0,18.1,101622.8,105.24,0.666,0.196,-10.089,-0.011,0.004,-0.014,118.673,-3.752,-18.044,54.303368,-5.58228,330920.72
2247.0,18.1,101622.56,105.26,0.749,-0.17,-9.946,0.038,0.019,0.067,73.785,-3.489,-17.807,54.303368,-5.58228,330920.72
2497.0,18.1,101622.4,105.27,0.804,-0.084,-10.036,0.046,0.043,0.06,15.97,-3.594,-17.358,54.303368,-5.58228,330920.72
2751.0,18.1,101622.66,105.25,0.721,-0.022,-9.838,0.0,-0.02,0.048,-21.634,-4.13,-17.136,54.30336,-5.582263,330920.72
3000.0,18.1,101623.03,105.22,0.73,-0.019,-9.644,-0.064,0.011,0.052,-64.586,-4.239,-16.928,54.30336,-5.582263,330920.72
3250.0,18.11,101623.61,105.17,0.845,-0.065,-9.713,-0.092,0.056,-0.017,-80.065,-4.383,-16.672,54.30336,-5.582263,330920.72
3501.0,18.11,101623.77,105.16,0.742,-0.086,-9.895,-0.027,-0.022,0.044,-82.867,-4.571,-16.613,54.30336,-5.582263,330920.72
3749.0,18.11,101625.16,105.04,0.761,-0.034,-9.792,-0.01,0.028,0.038,-55.307,-4.438,-16.3,54.30336,-5.582276,330920.19
4000.0,18.11,101625.33,105.03,0.881,-0.002,-9.898,-0.069,0.011,0.044,-58.149,-4.369,-15.952,54.30336,-5.582276,330920.19
4250.0,18.11,101624.73,105.08,0.797,-0.007,-9.668,0.002,0.031,0.007,-58.106,-4.469,-15.631,54.30336,-5.582276,330920.19
4500.0,18.11,101624.56,105.09,0.85,-0.256,-9.881,0.007,-0.007,0.019,-129.326,-4.621,-15.374,54.30336,-5.582276,330920.19
4750.0,18.11,101623.75,105.16,0.91,-0.069,-9.907,-0.052,0.005,0.043,-158.38,-4.759,-15.1,54.303368,-5.582298,330920.03
5002.0,18.11,101623.34,105.19,0.867,-0.067,-9.732,-0.049,0.042,-0.031,-168.388,-4.858,-15.178,54.303368,-5.582298,330920.03
5252.0,18.12,101623.77,105.16,0.903,-0.187,-9.795,-0.054,0.007,0.005,-174.946,-4.997,-14.971,54.303368,-5.582298,330920.03
5502.0,18.12,101624.17,105.12,0.888,-0.23,-9.96,-0.023,-0.008,0.011,-177.764,-5.064,-14.925,54.303368,-5.582298,330920.03
5750.0,18.12,101624.17,105.12,0.965,-0.213,-9.955,-0.062,0.005,0.019,-178.712,-5.031,-14.693,54.303371,-5.582313,330919.75
6002.0,18.12,101624.34,105.11,0.919,-0.168,-9.946,-0.003,0.005,0.036,-179.188,-4.984,-14.406,54.303371,-5.582313,330919.75
6252.0,18.12,101623.91,105.15,0.876,-0.227,-9.73,0.011,0.017,0.07,-178.824,-4.982,-13.939,54.303371,-5.582313,330919.75
6502.0,18.12,101622.93,105.23,0.994,-0.256,-9.936,-0.078,-0.002,0.004,-178.763,-5.065,-13.546,54.303371,-5.582313,330919.75
6751.0,18.12,101621.62,105.34,0.917,-0.278,-9.795,-0.05,-0.022,0.001,-179.082,-5.192,-13.377,54.303391,-5.582343,330920.28
7000.0,18.12,101621.06,105.38,0.91,-0.364,-9.831,0.029,-0.037,0.04,-178.883,-5.268,-13.294,54.303391,-5.582343,330920.28
7250.0,18.12,101620.91,105.4,0.84,-0.357,-9.625,-0.023,0.017,0.044,-178.883,-5.289,-12.909,54.303391,-5.582343,330920.28
7500.0,18.13,101620.02,105.47,0.843,-0.148,-9.742,-0.056,0.026,0.0,-165.224,-5.167,-13.09,54.303391,-5.582343,330920.28
7754.0,18.13,101619.2,105.54,0.991,-0.472,-10.039,-0.05,-0.006,-0.043,-173.044,-5.289,-12.819,54.303391,-5.582356,330919.75
8001.0,18.13,101619.09,105.55,1.01,-0.311,-9.898,-0.016,0.011,0.046,-175.732,-5.25,-12.464,54.303391,-5.582356,330919.75
8251.0,18.13,101619.34,105.52,0.804,-0.345,-9.718,0.002,-0.006,0.012,-177.671,-5.423,-12.333,54.303391,-5.582356,330919.75
8501.0,18.13,101619.92,105.48,0.735,-0.294,-9.673,0.019,0.017,-0.011,-178.209,-5.419,-12.015,54.303391,-5.582356,330919.75
8749.0,18.14,101620.62,105.42,0.936,0.256,-9.974,-0.2,-0.072,0.027,-158.576,-5.322,-11.982,54.303398,-5.582366,330920.03
8997.0,18.14,101621.69,105.33,1.575,0.273,-11.32,0.158,0.105,-0.056,-81.114,-3.484,-18.93,54.303398,-5.582366,330920.03
9247.0,18.14,101622.02,105.3,0.934,0.462,-9.692,-0.392,0.165,-0.353,3.047,-7.153,-18.942,54.303398,-5.582366,330920.03
9497.0,18.14,101621.53,105.34,0.682,0.496,-10.652,0.11,-0.526,0.418,77.883,-6.922,-21.226,54.303398,-5.582366,330920.03
9751.0,18.14,101621.94,105.31,0.39,0.735,-10.348,0.12,0.198,-0.056,123.454,-3.624,-20.816,54.303398,-5.582368,330919.97
9997.0,18.14,101622.1,105.3,0.201,0.651,-9.546,-0.63,-0.084,0.04,124.307,-4.948,-17.631,54.303398,-5.582368,330919.97
10247.0,18.14,101622.35,105.28,0.043,2.291,-9.45,-0.339,0.165,-0.016,144.304,-2.478,-17.523,54.303398,-5.582368,330919.97
10497.0,18.14,101622.03,105.3,-0.711,3.546,-7.666,-0.373,-0.663,-0.203,149.381,-3.848,-18.499,54.303398,-5.582368,330919.97
10751.0,18.15,101622.08,105.3,-2.227,4.056,-7.096,-0.045,-0.387,-0.25,146.331,-2.66,-21.605,54.303398,-5.582363,330920.16
11000.0,18.15,101622.9,105.23,-0.831,4.235,-9.117,0.189,-0.032,-0.038,154.606,5.787,-22.449,54.303398,-5.582363,330920.16
11250.0,18.15,101623.22,105.2,-0.596,3.8,-10.59,0.413,-0.138,0.262,157.959,5.931,-20.877,54.303398,-5.582363,330920.16
11500.0,18.15,101623.06,105.22,-4.458,2.892,-6.819,0.451,-2.55,0.601,161.301,-7.837,-16.449,54.303398,-5.582363,330920.16
11754.0,18.15,101624.29,105.11,-5.339,4.937,-5.442,0.578,-0.682,0.638,157.612,7.083,-3.291,54.303398,-5.582356,330920.44
12000.0,18.15,101623.96,105.14,-7.606,3.871,-3.608,1.557,-0.196,0.842,160.477,19.178,7.171,54.303398,-5.582356,330920.44
12250.0,18.15,101624.05,105.13,-4.894,1.978,-8.102,1.077,0.04,0.579,160.531,31.915,17.939,54.303398,-5.582356,330920.44
12500.0,18.15,101623.88,105.15,-5.2,2.732,-8.31,0.205,-0.7,0.236,162.275,30.445,24.15,54.303398,-5.582356,330920.44
12753.0,18.15,101624.43,105.1,-5.713,3.776,-6.924,-0.566,-0.43,0.148,161.692,30.111,26.204,54.303391,-5.582346,330920.16
-19994.0,17.0,101521.5,113.63,-9.776,0.151,-0.4,-0.034,0.005,0.014,94.153,52.222,0.178,0.0,0.0,0.0
-19746.0,17.02,101521.89,113.6,-9.761,0.237,-0.503,-0.054,0.007,0.009,133.452,72.928,0.316,0.0,0.0,0.0
-19492.0,17.03,101521.54,113.63,-9.761,0.235,-0.321,0.033,0.004,-0.001,138.8,81.514,0.419,0.0,0.0,0.0
-19246.0,17.04,101521.38,113.64,-9.673,0.469,-1.046,-0.1,0.022,0.04,78.546,84.769,0.631,54.303513,-5.584073,330863.38
-18995.0,17.05,101521.53,113.63,-9.692,-0.129,-0.912,0.052,-0.011,-0.014,69.298,85.605,0.582,54.303513,-5.584073,330863.38
-18746.0,17.06,101521.28,113.65,-9.744,0.041,-0.56,-0.062,0.013,0.026,52.591,87.015,0.781,54.303513,-5.584073,330863.38
-18496.0,17.07,101520.7,113.7,-9.776,-0.06,-0.512,-0.081,-0.001,0.017,92.363,87.092,1.048,54.303513,-5.584073,330863.38
-18243.0,17.08,101519.14,113.83,-9.792,0.11,-0.378,-0.065,0.008,0.008,122.122,87.414,1.262,54.303528,-5.584093,330863.97
-17996.0,17.08,101518.96,113.84,-9.759,0.091,-0.378,-0.018,0.009,0.011,142.854,87.599,1.443,54.303528,-5.584093,330863.97
-17747.0,17.09,101519.06,113.83,-9.737,0.184,-0.757,-0.064,-0.005,0.014,151.37,87.147,1.603,54.303528,-5.584093,330863.97
-17492.0,17.09,101518.23,113.9,-9.776,-0.01,-0.522,0.002,0.018,0.009,132.062,87.653,1.736,54.303528,-5.584093,330863.97
-17244.0,17.1,101518.7,113.86,-9.673,0.347,-0.836,-0.028,0.013,0.017,89.53,86.964,1.969,54.303532,-5.584102,330863.97
-16993.0,17.1,101519.38,113.81,-9.761,-0.017,-0.263,-0.075,0.012,0.014,90.313,86.879,2.213,54.303532,-5.584102,330863.97
-16744.0,17.1,101519.91,113.76,-9.744,0.091,-0.555,-0.047,0.016,0.017,84.313,87.208,2.453,54.303532,-5.584102,330863.97
-16494.0,17.11,101520.91,113.68,-9.744,0.306,-0.34,-0.053,-0.002,0.007,80.412,86.771,2.618,54.303532,-5.584102,330863.97
-16241.0,17.11,101520.8,113.69,-9.783,0.086,-0.481,-0.033,0.005,0.019,92.703,87.134,2.794,54.303547,-5.584105,330865.19
-15995.0,17.12,101520.81,113.69,-9.737,0.139,-0.51,-0.026,-0.009,0.008,106.077,86.959,2.927,54.303547,-5.584105,330865.19
-15746.0,17.12,101520.79,113.69,-9.771,0.062,-0.496,-0.062,0.012,0.012,136.6,87.3,3.072,54.303547,-5.584105,330865.19
-15497.0,17.12,101519.91,113.76,-9.785,0.045,-0.268,-0.023,0.002,0.017,137.414,87.215,3.246,54.303547,-5.584105,330865.19
-15244.0,17.13,101520.53,113.71,-9.682,0.132,-0.639,-0.039,0.009,0.02,144.196,87.434,3.488,54.303566,-5.58412,330866.31
-14994.0,17.13,101520.46,113.72,-9.706,0.218,-0.56,-0.073,0.002,0.008,151.001,87.099,3.649,54.303566,-5.58412,330866.31
-14744.0,17.13,101518.92,113.84,-9.728,0.055,-0.314,-0.099,0.015,0.019,115.169,87.425,3.818,54.303566,-5.58412,330866.31
-14495.0,17.14,101517.68,113.95,-9.701,0.441,-0.654,-0.071,-0.006,0.004,95.824,87.028,3.977,54.303566,-5.58412,330866.31
-14242.0,17.14,101516.06,114.08,-9.747,0.091,-0.443,-0.034,0.013,0.018,77.323,87.399,4.143,54.303566,-5.584135,330865.72
-13997.0,17.14,101515.18,114.15,-9.776,0.139,-0.311,-0.067,0.0,0.01,115.403,87.344,4.319,54.303566,-5.584135,330865.72
-13742.0,17.15,101515.4,114.14,-9.764,0.017,-0.338,-0.026,0.01,0.017,124.27,87.545,4.48,54.303566,-5.584135,330865.72
-13493.0,17.15,101516.55,114.04,-9.708,0.275,-0.553,-0.054,0.006,0.014,146.414,87.338,4.749,54.303566,-5.584135,330865.72
-13245.0,17.16,101518.0,113.92,-9.764,0.091,-0.33,-0.005,0.003,0.004,154.573,87.347,4.852,54.303577,-5.584152,330866.06
-12997.0,17.16,101518.73,113.86,-9.754,0.117,-0.515,-0.089,0.008,0.029,129.395,87.4,5.138,54.303577,-5.584152,330866.06
-12747.0,17.16,101518.47,113.88,-9.759,0.089,-0.472,0.0,0.012,0.004,143.003,87.405,5.326,54.303577,-5.584152,330866.06
-12493.0,17.16,101517.91,113.93,-9.742,0.077,-0.548,-0.038,0.007,0.017,143.825,87.337,5.517,54.303577,-5.584152,330866.06
-12245.0,17.17,101517.34,113.97,-9.72,-0.043,-0.491,0.067,-0.007,-0.009,144.999,87.081,5.575,54.303585,-5.584173,330865.91
-11993.0,17.17,101517.48,113.96,-9.773,0.081,-0.536,-0.018,0.006,0.015,97.125,87.273,5.583,54.303585,-5.584173,330865.91
-11744.0,17.17,101517.65,113.95,-9.831,0.026,-0.469,-0.343,0.013,0.038,123.333,87.284,5.915,54.303585,-5.584173,330865.91
-11495.0,17.17,101518.23,113.9,-9.627,-0.034,-0.455,-0.062,0.02,0.025,68.477,87.077,6.277,54.303585,-5.584173,330865.91
-11242.0,17.18,101518.15,113.91,-9.771,-0.124,-0.371,-0.019,-0.003,0.009,63.819,86.678,6.487,54.303547,-5.58414,330863.81
-10993.0,17.18,101517.88,113.93,-9.816,0.321,-0.259,-0.04,-0.003,0.021,64.689,86.963,6.665,54.303547,-5.58414,330863.81
-10744.0,17.18,101516.42,114.05,-9.682,0.227,-0.608,-0.041,0.005,0.009,117.621,87.122,6.828,54.303547,-5.58414,330863.81
-10495.0,17.18,101515.05,114.17,-9.783,0.263,-0.409,-0.016,-0.005,0.014,125.666,87.125,7.071,54.303547,-5.58414,330863.81
-10244.0,17.18,101515.3,114.15,-9.835,0.029,-0.419,-0.047,0.001,0.001,109.259,87.028,7.187,54.303547,-5.58414,330863.81
-9992.0,17.19,101516.16,114.07,-9.859,-0.01,-0.354,-0.016,-0.006,0.019,79.479,86.977,7.41,54.303547,-5.58414,330863.81
-9743.0,17.19,101515.11,114.16,-9.749,-0.067,0.005,-0.046,-0.004,0.007,70.452,86.937,7.669,54.303547,-5.58414,330863.81
-9493.0,17.19,101511.95,114.42,-9.795,-0.455,0.378,-0.024,0.01,0.009,56.951,86.128,7.846,54.303539,-5.584123,330863.81
-9241.0,17.19,101511.84,114.43,-9.785,-0.055,0.328,-0.025,0.02,0.022,54.142,85.552,8.017,54.303539,-5.584123,330863.81
-8992.0,17.2,101511.77,114.44,-9.701,0.505,-0.867,-0.041,0.025,0.02,59.695,86.057,8.259,54.303539,-5.584123,330863.81
-8743.0,17.2,101512.19,114.4,-9.74,0.201,-0.512,-0.033,0.005,0.005,98.8,86.47,8.422,54.303539,-5.584123,330863.81
-8492.0,17.2,101514.03,114.25,-9.795,0.036,-0.527,-0.03,0.002,0.018,117.215,87.0,8.6,54.303532,-5.584116,330863.38
-8240.0,17.2,101513.54,114.29,-9.78,0.062,-0.378,-0.034,-0.001,0.003,131.572,86.993,8.781,54.303532,-5.584116,330863.38
-7994.0,17.2,101512.33,114.39,-9.752,0.069,-0.505,-0.05,0.014,0.019,134.369,87.399,8.918,54.303532,-5.584116,330863.38
-7745.0,17.21,101512.09,114.41,-9.778,0.268,-0.414,-0.046,-0.003,0.012,148.914,87.125,9.115,54.303532,-5.584116,330863.38
-7494.0,17.21,101511.11,114.49,-9.756,0.189,-0.354,-0.044,0.008,0.021,122.929,87.372,9.292,54.303532,-5.58411,330863.66
-7242.0,17.21,101509.91,114.59,-9.685,0.414,-0.464,-0.04,0.006,0.006,135.771,87.107,9.588,54.303532,-5.58411,330863.66
-6995.0,17.21,101509.8,114.6,-9.799,-0.268,0.158,-0.015,-0.009,0.0,104.79,86.959,9.589,54.303532,-5.58411,330863.66
-6745.0,17.21,101511.84,114.43,-9.869,-0.208,0.192,-0.036,0.009,0.013,76.207,86.473,9.843,54.303532,-5.58411,330863.66
-6495.0,17.21,101513.46,114.3,-9.838,-0.215,0.06,-0.023,0.014,0.007,68.95,86.756,9.936,54.303532,-5.584103,330863.91
-6243.0,17.22,101515.5,114.13,-9.629,0.326,-0.613,-0.042,0.02,0.023,69.494,87.063,10.168,54.303532,-5.584103,330863.91
-5995.0,17.22,101516.37,114.06,-9.675,0.335,-0.819,-0.036,0.006,0.01,103.955,86.81,10.344,54.303532,-5.584103,330863.91
-5745.0,17.22,101516.94,114.01,-9.809,0.232,-0.582,-0.034,-0.002,0.014,114.211,87.056,10.518,54.303532,-5.584103,330863.91
-5495.0,17.22,101517.03,114.0,-9.761,0.12,-0.539,-0.06,0.005,0.015,124.938,87.11,10.692,54.303532,-5.584102,330863.97
-5243.0,17.23,101515.95,114.09,-9.697,0.103,-0.52,-0.052,0.023,0.019,90.366,87.436,10.831,54.303532,-5.584102,330863.97
-4994.0,17.23,101516.53,114.04,-9.675,0.345,-0.797,-0.039,0.006,0.013,117.161,87.182,11.036,54.303532,-5.584102,330863.97
-4745.0,17.23,101517.34,113.97,-9.771,0.105,-0.608,-0.036,0.007,0.015,121.947,87.271,11.172,54.303532,-5.584102,330863.97
-4495.0,17.23,101517.75,113.94,-9.752,0.196,-0.584,-0.03,0.003,0.009,141.547,87.189,11.415,54.303532,-5.584096,330864.16
-4243.0,17.23,101517.67,113.95,-9.735,0.048,-0.364,-0.033,0.006,0.009,143.8,87.208,11.561,54.303532,-5.584096,330864.16
-3993.0,17.24,101518.38,113.89,-9.759,0.091,-0.577,-0.029,0.008,0.012,142.294,87.293,11.765,54.303532,-5.584096,330864.16
-3743.0,17.24,101517.73,113.94,-9.752,0.098,-0.378,-0.04,0.011,0.013,152.442,87.332,11.948,54.303532,-5.584096,330864.16
-3493.0,17.24,101517.01,114.0,-9.723,0.165,-0.761,-0.027,0.004,0.01,156.451,87.242,12.15,54.303532,-5.584093,330864.31
-3241.0,17.24,101517.59,113.96,-9.759,0.184,-0.438,-0.03,0.002,0.008,157.363,87.272,12.292,54.303532,-5.584093,330864.31
-2993.0,17.24,101518.16,113.91,-9.73,0.23,-0.644,-0.021,0.011,0.011,159.365,87.322,12.482,54.303532,-5.584093,330864.31
-2744.0,17.24,101518.16,113.91,-9.737,0.089,-0.529,-0.12,0.001,0.026,156.883,87.205,12.671,54.303532,-5.584093,330864.31
-2493.0,17.24,101517.19,113.99,-9.718,0.132,-0.697,-0.033,0.009,0.009,156.258,87.246,12.864,54.303532,-5.584088,330864.5
-2242.0,17.25,101517.6,113.95,-9.783,0.127,-0.366,-0.025,0.001,0.01,158.366,87.172,13.047,54.303532,-5.584088,330864.5
-1997.0,17.25,101517.36,113.97,-9.706,0.227,-0.644,-0.031,0.005,0.012,161.188,87.3,13.199,54.303532,-5.584088,330864.5
-1742.0,17.25,101517.58,113.96,-9.728,0.141,-0.718,-0.042,0.019,0.017,138.327,87.426,13.411,54.303532,-5.584088,330864.5
-1497.0,17.25,101516.61,114.04,-9.754,-0.002,-0.321,-0.045,0.021,0.013,120.092,87.413,13.563,54.303532,-5.584083,330864.69
-1246.0,17.25,101515.88,114.1,-9.699,0.314,-0.421,-0.041,0.019,0.017,120.852,87.397,13.806,54.303532,-5.584083,330864.69
-997.0,17.25,101515.55,114.12,-9.747,0.254,-0.711,-0.029,0.005,0.011,135.498,87.079,13.981,54.303532,-5.584083,330864.69
-742.0,17.26,101517.27,113.98,-9.73,0.244,-0.536,-0.039,0.002,0.011,149.857,87.154,14.179,54.303532,-5.584083,330864.69
-497.0,17.26,101518.46,113.88,-9.723,0.122,-0.395,-0.032,-0.005,0.01,156.517,87.082,14.334,54.303482,-5.584042,330861.91
-245.0,17.26,101519.2,113.82,-9.79,0.124,-0.251,-0.035,0.008,0.013,157.46,87.38,14.533,54.303482,-5.584042,330861.91
5.0,17.26,101519.12,113.83,-9.74,0.132,-0.347,-0.031,-0.002,0.014,160.023,87.212,14.727,54.303482,-5.584042,330861.91
254.0,17.26,101518.64,113.87,-9.756,0.139,-0.275,-0.034,0.013,0.013,156.765,87.403,14.938,54.303482,-5.584042,330861.91
505.0,17.27,101517.27,113.98,-9.79,0.098,-0.323,-0.032,-0.001,0.011,159.922,87.152,15.122,54.303474,-5.584035,330861.5
757.0,17.27,101516.18,114.07,-9.639,0.177,-0.532,-0.046,0.01,0.013,153.574,87.393,15.298,54.303474,-5.584035,330861.5
1003.0,17.27,101516.92,114.01,-9.826,0.05,-0.314,-0.018,0.003,0.012,156.278,87.339,15.471,54.303474,-5.584035,330861.5
1258.0,17.27,101517.5,113.96,-9.771,0.141,-0.529,-0.044,0.014,0.016,159.924,87.443,15.655,54.303474,-5.584035,330861.5
1503.0,17.28,101517.55,113.96,-9.697,0.297,-0.421,-0.033,0.003,0.012,159.083,87.169,15.878,54.303474,-5.58403,330861.69
1755.0,17.28,101518.12,113.91,-9.756,0.141,-0.546,-0.036,0.007,0.011,160.584,87.245,16.028,54.303474,-5.58403,330861.69
2004.0,17.28,101519.03,113.84,-9.761,0.113,-0.338,-0.046,0.007,0.013,159.895,87.37,16.194,54.303474,-5.58403,330861.69
2254.0,17.28,101519.36,113.81,-9.725,0.132,-0.505,-0.031,0.0,0.013,153.86,87.177,16.393,54.303474,-5.58403,330861.69
2504.0,17.28,101519.19,113.82,-9.742,0.175,-0.397,-0.036,0.008,0.009,155.023,87.332,16.552,54.303471,-5.584026,330861.5
2756.0,17.28,101519.25,113.82,-9.742,0.045,-0.575,-0.037,0.005,0.018,161.915,87.216,16.74,54.303471,-5.584026,330861.5
3003.0,17.29,101519.17,113.82,-9.756,0.079,-0.17,-0.029,0.01,0.008,158.328,87.327,16.929,54.303471,-5.584026,330861.5
3258.0,17.29,101518.84,113.86,-9.723,0.182,-0.67,-0.051,0.006,0.022,163.713,87.18,17.119,54.303471,-5.584026,330861.5
3503.0,17.29,101518.69,113.86,-9.771,0.098,-0.342,-0.026,0.007,0.006,157.154,87.279,17.302,54.303471,-5.584023,330861.62
3755.0,17.29,101519.42,113.8,-9.718,0.148,-0.539,-0.044,0.002,0.017,163.023,87.177,17.468,54.303471,-5.584023,330861.62
4003.0,17.29,101520.0,113.75,-9.773,0.17,-0.364,-0.018,0.009,0.005,158.312,87.32,17.628,54.303471,-5.584023,330861.62
4253.0,17.29,101519.89,113.76,-9.79,0.103,-0.517,0.022,-0.001,-0.001,162.979,87.166,17.659,54.303471,-5.584023,330861.62
4504.0,17.29,101519.73,113.78,-9.749,0.187,-0.259,0.036,0.002,-0.016,155.409,87.28,17.609,54.303474,-5.584023,330861.97
4755.0,17.29,101519.24,113.82,-9.809,0.074,-0.558,-0.156,0.007,0.033,63.256,87.165,17.65,54.303474,-5.584023,330861.97
5007.0,17.3,101518.68,113.86,-9.756,0.117,-0.182,-0.159,0.001,0.037,86.87,87.127,18.118,54.303474,-5.584023,330861.97
5256.0,17.3,101518.93,113.84,-9.706,0.385,-0.491,-0.043,0.006,0.008,123.295,87.065,18.524,54.303474,-5.584023,330861.97
5507.0,17.3,101518.44,113.88,-9.845,0.194,-0.613,-0.098,-0.001,0.004,137.383,87.021,18.611,54.303474,-5.584022,330862.03
5759.0,17.3,101519.48,113.8,-9.716,-0.101,-0.52,0.276,-0.006,-0.02,109.784,87.061,18.447,54.303474,-5.584022,330862.03
6007.0,17.3,101519.8,113.77,-9.816,0.323,-0.29,-0.11,-0.003,0.015,81.395,86.931,18.564,54.303474,-5.584022,330862.03
6256.0,17.3,101520.21,113.74,-9.768,0.134,-0.424,-0.112,0.018,0.021,78.485,87.324,18.916,54.303474,-5.584022,330862.03
6507.0,17.31,101520.79,113.69,-9.708,0.139,-0.622,0.01,-0.008,-0.002,118.468,87.125,19.076,54.303474,-5.58402,330862.09
6758.0,17.31,101521.12,113.66,-9.754,0.074,-0.582,-0.05,0.01,0.013,105.284,87.341,19.24,54.303474,-5.58402,330862.09
7004.0,17.31,101521.5,113.63,-9.74,-0.038,-0.575,-0.058,0.003,0.024,27.579,87.108,19.287,54.303474,-5.58402,330862.09
7253.0,17.31,101521.33,113.65,-9.752,0.012,-0.498,-0.017,0.01,0.007,81.173,87.336,19.494,54.303474,-5.58402,330862.09
7504.0,17.31,101520.68,113.7,-9.759,0.12,-0.5,-0.061,0.003,0.019,42.57,87.275,19.682,54.303474,-5.58402,330862.09
7756.0,17.31,101521.02,113.67,-9.72,0.057,-0.321,0.007,0.002,-0.001,61.589,87.32,19.857,54.303474,-5.58402,330862.09
8005.0,17.31,101521.51,113.63,-9.725,-0.148,-0.644,-0.029,0.003,0.016,9.135,87.283,19.993,54.303474,-5.58402,330862.09
8254.0,17.32,101522.38,113.56,-9.759,0.067,-0.438,-0.042,0.01,0.011,49.532,87.426,20.198,54.303474,-5.58402,330862.09
8505.0,17.32,101522.38,113.56,-9.747,0.024,-0.45,-0.052,0.001,0.02,0.673,87.22,20.412,54.303474,-5.58402,330862.09
8757.0,17.32,101522.62,113.54,-9.744,0.045,-0.56,-0.003,0.008,0.009,80.439,87.423,20.619,54.303474,-5.58402,330862.09
9008.0,17.32,101522.88,113.52,-9.74,0.055,-0.385,-0.053,-0.003,0.019,46.8,87.302,20.848,54.303474,-5.58402,330862.09
9258.0,17.32,101522.23,113.57,-9.737,0.041,-0.565,-0.106,0.02,0.027,119.371,87.631,21.197,54.303474,-5.58402,330862.09
9503.0,17.32,101521.67,113.62,-9.74,0.275,-0.599,-0.027,-0.007,0.016,145.044,87.076,21.531,54.303474,-5.58402,330862.09
9755.0,17.32,101520.53,113.71,-9.768,-0.213,-0.555,-0.2,0.03,0.055,53.037,87.592,21.88,54.303474,-5.58402,330862.09
10004.0,17.32,101517.77,113.94,-9.692,0.52,-0.86,-0.007,-0.003,0.008,68.079,86.9,22.254,54.303474,-5.58402,330862.09
10254.0,17.33,101516.68,114.03,-9.804,-0.259,-0.359,-0.042,0.014,0.013,51.109,87.083,22.347,54.303474,-5.58402,330862.09
10505.0,17.33,101515.7,114.11,-9.697,0.328,-0.572,-0.05,0.004,0.019,47.779,86.965,22.634,54.303474,-5.584022,330862.03
10756.0,17.33,101516.28,114.06,-9.795,-0.079,-0.742,-0.044,0.031,0.019,36.499,87.299,22.686,54.303474,-5.584022,330862.03
11008.0,17.33,101516.44,114.05,-9.697,0.251,-0.5,-0.072,0.025,0.022,67.741,86.738,22.992,54.303474,-5.584022,330862.03
11257.0,17.33,101517.02,114.0,-9.754,-0.196,-0.323,-0.044,0.031,0.019,64.284,86.725,23.144,54.303474,-5.584022,330862.03
11508.0,17.33,101517.56,113.96,-9.852,0.115,-0.084,-0.035,0.024,0.011,94.338,86.67,23.378,54.303474,-5.584023,330861.97
11759.0,17.34,101517.98,113.92,-9.735,0.323,-0.493,-0.046,0.008,0.012,90.055,86.927,23.528,54.303474,-5.584023,330861.97
12006.0,17.34,101516.92,114.01,-9.62,0.754,-1.255,0.009,-0.009,-0.002,67.154,86.551,23.741,54.303474,-5.584023,330861.97
12255.0,17.34,101516.5,114.05,-9.656,0.548,-1.58,-0.133,0.014,0.025,67.463,85.566,23.869,54.303474,-5.584023,330861.97
12506.0,17.34,101517.14,113.99,-9.852,0.316,-1.094,-0.054,-0.007,0.024,56.573,85.221,24.098,54.303474,-5.584023,330861.97
12758.0,17.34,101517.4,113.97,-9.718,0.115,-0.457,-0.03,0.02,0.02,45.613,86.338,24.239,54.303474,-5.584023,330861.97
13007.0,17.35,101517.32,113.98,-9.814,0.16,-0.412,-0.029,0.002,0.014,79.129,86.451,24.506,54.303474,-5.584023,330861.97
13256.0,17.35,101517.87,113.93,-9.807,0.005,-0.385,-0.022,0.04,0.008,67.378,87.044,24.552,54.303474,-5.584023,330861.97
13507.0,17.35,101517.54,113.96,-9.754,0.591,-0.376,-0.088,0.006,0.018,60.349,86.52,24.882,54.303474,-5.584025,330861.91
13759.0,17.35,101516.98,114.0,-9.708,-0.045,-0.608,-0.017,0.012,0.01,44.006,87.149,24.989,54.303474,-5.584025,330861.91
14005.0,17.35,101516.58,114.04,-9.797,0.373,-0.591,-0.067,0.002,0.026,76.462,86.995,25.283,54.303474,-5.584025,330861.91
14254.0,17.35,101516.91,114.01,-9.761,0.034,-0.721,-0.027,0.034,0.015,61.285,87.18,25.346,54.303474,-5.584025,330861.91
14505.0,17.36,101518.3,113.9,-9.713,0.184,-0.18,-0.014,0.0,0.01,98.548,86.957,25.61,54.303474,-5.584025,330861.91
14757.0,17.36,101518.62,113.87,-9.768,0.098,-0.306,0.0,0.01,0.008,134.418,87.225,25.698,54.303474,-5.584025,330861.91
15006.0,17.36,101519.97,113.76,-9.725,0.208,-0.393,-0.095,-0.006,0.029,151.064,87.123,25.982,54.303474,-5.584025,330861.91
15256.0,17.36,101520.79,113.69,-9.764,0.012,-0.658,0.075,0.007,-0.006,142.021,87.167,25.967,54.303474,-5.584025,330861.91
15506.0,17.36,101520.14,113.74,-9.723,0.081,-0.407,-0.092,0.012,0.015,110.337,87.237,25.949,54.303474,-5.584025,330861.91
15758.0,17.36,101520.22,113.74,-9.749,0.074,-0.424,-0.042,0.011,0.017,105.277,87.351,26.186,54.303474,-5.584025,330861.91
16004.0,17.36,101520.31,113.73,-9.747,0.019,-0.52,-0.186,0.01,0.055,57.089,87.446,26.649,54.303474,-5.584025,330861.91
16253.0,17.37,101519.88,113.76,-9.723,0.153,-0.091,-0.03,0.002,0.008,69.216,86.962,26.809,54.303474,-5.584025,330861.91
16504.0,17.37,101519.55,113.79,-9.723,0.441,-0.381,-0.056,-0.005,0.016,79.837,87.029,27.11,54.303474,-5.584023,330861.97
16756.0,17.37,101519.39,113.81,-9.677,0.472,-1.058,-0.061,0.014,0.013,104.838,87.075,27.322,54.303474,-5.584023,330861.97
17006.0,17.37,101519.48,113.8,-9.768,0.124,-0.29,-0.028,0.014,0.01,105.753,87.451,27.416,54.303474,-5.584023,330861.97
17255.0,17.37,101519.25,113.82,-9.749,0.218,-0.582,-0.007,0.003,0.014,127.905,87.092,27.688,54.303474,-5.584023,330861.97
17506.0,17.37,101519.25,113.82,-9.649,0.397,-0.244,-0.061,0.009,0.012,133.231,87.14,27.879,54.303474,-5.584023,330861.97
17758.0,17.37,101520.28,113.73,-9.771,0.235,-0.759,-0.052,0.002,0.025,150.783,87.125,28.086,54.303474,-5.584023,330861.97
18005.0,17.38,101521.66,113.62,-9.754,0.227,-0.479,-0.026,0.006,0.005,151.645,87.169,28.257,54.303474,-5.584023,330861.97
18255.0,17.38,101521.5,113.63,-9.744,0.017,-0.469,-0.011,0.011,0.014,140.073,87.226,28.327,54.303474,-5.584023,330861.97
18505.0,17.38,101521.1,113.66,-9.632,0.065,-0.448,0.034,0.014,-0.01,107.581,87.118,28.618,54.303474,-5.584022,330862.03
18757.0,17.38,101519.48,113.8,-9.843,0.318,-0.575,-0.076,-0.005,0.027,64.831,86.927,28.858,54.303474,-5.584022,330862.03
19006.0,17.38,101518.59,113.87,-9.795,0.089,-0.448,-0.041,0.01,0.012,114.493,87.25,29.018,54.303474,-5.584022,330862.03
19255.0,17.38,101518.59,113.87,-9.747,0.192,-0.505,-0.037,0.003,0.017,143.591,87.093,29.235,54.303474,-5.584022,330862.03
19506.0,17.38,101518.27,113.9,-9.677,0.271,-0.587,-0.041,0.014,0.009,152.284,87.322,29.408,54.303474,-5.58402,330862.09
19757.0,17.38,101518.8,113.85,-9.752,0.218,-0.491,-0.031,-0.009,0.015,151.223,87.019,29.614,54.303474,-5.58402,330862.09
20003.0,17.39,101519.38,113.82,-9.821,0.014,-0.256,-0.037,0.015,0.008,153.779,87.298,29.772,54.303474,-5.58402,330862.09
20258.0,17.39,101519.88,113.77,-9.74,0.127,-0.436,-0.048,0.003,0.017,158.528,87.087,29.985,54.303474,-5.58402,330862.09
20503.0,17.39,101520.69,113.7,-9.766,0.11,-0.431,-0.028,0.006,0.01,158.08,87.313,30.16,54.303474,-5.58402,330862.09
20755.0,17.39,101520.45,113.72,-9.819,0.117,-0.347,-0.041,0.0,0.02,158.944,87.155,30.369,54.303474,-5.58402,330862.09
21004.0,17.39,101520.83,113.7,-9.787,0.12,-0.35,-0.038,0.011,0.007,157.319,87.184,30.555,54.303474,-5.58402,330862.09
21253.0,17.39,101520.17,113.74,-9.697,0.23,-0.486,-0.045,0.001,0.019,159.105,87.087,30.748,54.303474,-5.58402,330862.09
21504.0,17.39,101520.59,113.71,-9.787,0.096,-0.385,-0.017,0.008,0.006,156.303,87.23,30.918,54.303474,-5.584018,330862.16
21755.0,17.39,101520.59,113.71,-9.723,0.148,-0.5,-0.047,0.004,0.022,146.252,87.125,31.122,54.303474,-5.584018,330862.16
22007.0,17.4,101521.17,113.66,-9.737,0.165,-0.512,-0.034,0.011,0.004,150.363,87.254,31.285,54.303474,-5.584018,330862.16
22257.0,17.4,101521.88,113.6,-9.773,0.194,-0.524,-0.037,-0.003,0.023,161.725,87.008,31.494,54.303474,-5.584018,330862.16
22508.0,17.4,101522.2,113.57,-9.735,0.122,-0.414,-0.039,0.015,0.004,155.539,87.282,31.639,54.303474,-5.584016,330862.22
22759.0,17.4,101523.27,113.48,-9.711,0.163,-0.57,-0.056,-0.004,0.021,164.447,87.069,31.815,54.303474,-5.584016,330862.22
23007.0,17.4,101523.84,113.44,-9.725,0.192,-0.441,-0.031,0.008,0.009,160.121,87.217,32.005,54.303474,-5.584016,330862.22
23256.0,17.4,101523.56,113.46,-9.761,0.163,-0.378,-0.032,0.001,0.017,163.675,87.151,32.208,54.303474,-5.584016,330862.22
23507.0,17.4,101522.59,113.54,-9.72,0.153,-0.527,-0.039,0.01,0.01,160.565,87.236,32.394,54.303474,-5.584015,330862.28
23759.0,17.4,101522.76,113.53,-9.737,0.156,-0.45,-0.033,0.002,0.016,162.399,87.18,32.604,54.303474,-5.584015,330862.28
24004.0,17.41,101523.01,113.51,-9.732,0.129,-0.551,-0.044,0.008,0.011,160.514,87.254,32.773,54.303474,-5.584015,330862.28
24253.0,17.4,101522.59,113.54,-9.792,0.12,-0.314,-0.034,0.005,0.017,161.735,87.253,32.975,54.303474,-5.584015,330862.28
24504.0,17.41,101523.17,113.49,-9.718,0.144,-0.603,-0.041,0.01,0.006,159.291,87.27,33.119,54.303474,-5.584013,330862.34
24756.0,17.41,101522.84,113.52,-9.744,0.134,-0.441,-0.035,0.002,0.016,164.371,87.259,33.243,54.303474,-5.584013,330862.34
25003.0,17.41,101522.61,113.54,-9.732,0.151,-0.563,0.013,0.011,0.001,162.766,87.403,33.442,54.303474,-5.584013,330862.34
25253.0,17.41,101522.77,113.53,-9.814,0.055,-0.103,0.009,0.007,0.0,136.476,87.282,33.427,54.303474,-5.584013,330862.34
25503.0,17.41,101522.86,113.52,-9.713,-0.014,-0.783,-0.062,-0.001,0.027,78.368,87.15,33.544,54.303474,-5.584012,330862.41
25755.0,17.41,101521.06,113.67,-9.639,0.089,-0.68,-0.121,0.038,0.011,49.01,86.596,34.201,54.303474,-5.584012,330862.41
26003.0,17.41,101519.33,113.81,-9.694,0.283,-2.016,-0.021,0.004,0.015,57.861,86.316,34.293,54.303474,-5.584012,330862.41
26258.0,17.42,101517.14,113.99,-9.653,0.941,-1.516,-0.01,0.008,0.017,64.898,84.899,34.543,54.303474,-5.584012,330862.41
26503.0,17.42,101516.75,114.02,-9.582,0.338,-1.211,-0.01,-0.008,-0.001,75.019,85.004,34.711,54.303474,-5.584013,330862.34
26755.0,17.42,101515.66,114.11,-9.816,0.017,-0.278,-0.044,0.009,0.02,66.289,86.457,34.914,54.303474,-5.584013,330862.34
27005.0,17.42,101515.66,114.1,-9.747,0.12,-0.419,-0.036,-0.006,0.008,103.81,86.647,35.098,54.303474,-5.584013,330862.34
27254.0,17.42,101517.54,113.96,-9.773,0.069,-0.184,-0.034,0.011,0.018,137.528,87.289,35.282,54.303474,-5.584013,330862.34
27505.0,17.42,101518.84,113.85,-9.708,0.048,-0.448,-0.035,0.008,0.01,151.158,87.144,35.472,54.303474,-5.584013,330862.34
27757.0,17.43,101519.74,113.78,-9.78,0.077,-0.601,-0.045,0.009,0.014,143.69,87.316,35.615,54.303474,-5.584013,330862.34
28006.0,17.43,101518.61,113.87,-9.73,0.505,-1.01,-0.091,0.012,0.029,81.87,87.512,35.823,54.303474,-5.584013,330862.34
28256.0,17.43,101518.28,113.9,-9.752,0.359,-0.761,-0.082,0.015,0.02,70.198,87.246,35.977,54.303474,-5.584013,330862.34
28506.0,17.43,101518.12,113.91,-9.732,0.163,-0.462,-0.011,0.011,0.014,94.712,87.255,36.203,54.303474,-5.584013,330862.34
28758.0,17.43,101518.12,113.91,-9.752,0.22,-0.539,-0.05,0.012,0.012,113.304,87.231,36.4,54.303474,-5.584013,330862.34
29005.0,17.43,101518.17,113.91,-9.699,0.311,-0.792,-0.038,0.006,0.019,81.595,87.311,36.578,54.303474,-5.584013,330862.34
29254.0,17.43,101518.09,113.91,-9.759,0.249,-0.484,-0.023,-0.005,0.003,91.067,86.896,36.798,54.303474,-5.584013,330862.34
29504.0,17.43,101517.94,113.93,-9.821,0.146,-0.718,-0.043,0.005,0.009,84.648,87.029,36.869,54.303474,-5.584013,330862.34
29756.0,17.43,101518.02,113.92,-9.764,0.117,-0.359,0.014,0.0,-0.006,80.247,86.871,37.179,54.303474,-5.584013,330862.34
30005.0,17.44,101516.81,114.02,-9.783,-0.11,-0.062,0.02,0.004,0.004,76.489,86.886,37.258,54.303474,-5.584013,330862.34
30255.0,17.44,101517.62,113.95,-9.809,-0.108,0.249,0.002,0.014,0.001,78.806,86.889,37.483,54.303474,-5.584013,330862.34
30505.0,17.44,101517.3,113.98,-9.725,0.01,0.299,0.001,-0.01,0.01,79.608,86.425,37.629,54.303474,-5.584013,330862.34
30757.0,17.44,101517.84,113.93,-9.675,0.017,-0.4,-0.035,0.01,-0.001,74.442,86.351,37.889,54.303474,-5.584013,330862.34
31004.0,17.44,101518.74,113.86,-9.687,0.124,-0.251,-0.023,-0.002,0.017,108.845,86.608,38.06,54.303474,-5.584013,330862.34
31253.0,17.44,101518.91,113.85,-9.819,-0.043,-0.287,-0.025,0.006,0.007,112.854,86.952,38.254,54.303474,-5.584013,330862.34
31504.0,17.45,101518.73,113.86,-9.776,0.017,-0.06,-0.043,0.005,0.018,134.795,87.14,38.446,54.303474,-5.584013,330862.34
31756.0,17.45,101517.91,113.93,-9.742,0.177,-0.194,-0.035,0.0,0.01,146.743,87.049,38.654,54.303474,-5.584013,330862.34
32005.0,17.45,101518.81,113.85,-9.747,0.101,-0.421,-0.047,0.009,0.018,155.774,87.276,38.808,54.303474,-5.584013,330862.34
32254.0,17.45,101519.79,113.77,-9.795,-0.034,-0.041,0.0,0.006,0.002,127.724,87.182,38.997,54.303474,-5.584013,330862.34
32505.0,17.45,101519.3,113.81,-9.804,-0.026,0.053,-0.02,-0.002,0.012,110.083,87.095,39.181,54.303474,-5.584013,330862.34
32756.0,17.45,101518.81,113.85,-9.78,0.065,-0.192,-0.022,-0.001,0.008,134.741,87.092,39.341,54.303474,-5.584013,330862.34
33004.0,17.45,101519.55,113.79,-9.732,0.204,-0.385,-0.045,0.003,0.019,149.823,87.079,39.582,54.303474,-5.584013,330862.34
33253.0,17.45,101520.09,113.75,-9.752,0.084,-0.366,-0.038,0.006,0.009,155.377,87.095,39.743,54.303474,-5.584013,330862.34
33504.0,17.45,101519.93,113.76,-9.761,0.16,-0.364,-0.041,0.008,0.018,161.287,87.257,39.961,54.303474,-5.584013,330862.34
33756.0,17.45,101521.23,113.65,-9.752,0.089,-0.393,-0.026,0.006,0.009,161.485,87.214,40.113,54.303474,-5.584013,330862.34
34007.0,17.46,101521.64,113.6,-9.799,-0.045,-0.8,0.09,-0.01,0.003,149.294,87.281,40.144,54.303474,-5.584013,330862.34
34256.0,17.46,101522.55,113.54,-9.754,-0.254,-0.445,0.011,-0.001,-0.005,144.099,87.101,40.144,54.303474,-5.584013,330862.34
34507.0,17.46,101522.55,113.54,-9.749,-0.014,-0.548,0.001,0.008,0.012,90.585,87.236,40.331,54.303474,-5.584013,330862.34
34758.0,17.46,101523.09,113.5,-9.749,0.0,-0.486,-0.032,0.003,0.01,117.802,87.174,40.49,54.303474,-5.584013,330862.34
35003.0,17.46,101523.42,113.47,-9.761,0.053,-0.543,-0.038,0.005,0.015,113.727,87.209,40.689,54.303474,-5.584013,330862.34
35258.0,17.46,101523.34,113.48,-9.752,0.005,-0.457,-0.035,0.003,0.012,115.5,87.169,40.855,54.303474,-5.584013,330862.34
35508.0,17.46,101523.02,113.51,-9.744,0.053,-0.417,-0.051,0.009,0.018,133.351,87.302,41.075,54.303474,-5.584013,330862.34
35754.0,17.47,101523.84,113.44,-9.742,-0.017,-0.486,-0.027,0.003,0.011,137.149,87.196,41.236,54.303474,-5.584013,330862.34
36008.0,17.47,101523.19,113.49,-9.754,0.129,-0.558,-0.048,0.009,0.014,121.594,87.292,41.46,54.303474,-5.584013,330862.34
36257.0,17.47,101522.38,113.56,-9.754,-0.057,-0.476,-0.034,0.003,0.014,77.453,87.193,41.607,54.303474,-5.584013,330862.34
36507.0,17.47,101521.95,113.59,-9.756,0.048,-0.517,-0.039,0.009,0.015,123.583,87.335,41.842,54.303474,-5.584013,330862.34
36754.0,17.47,101521.3,113.65,-9.742,0.069,-0.522,-0.032,0.002,0.014,147.38,87.182,42.032,54.303474,-5.584012,330862.41
37006.0,17.47,101521.45,113.63,-9.766,0.048,-0.555,-0.041,0.008,0.013,147.724,87.296,42.209,54.303474,-5.584012,330862.41
37255.0,17.47,101521.88,113.6,-9.744,0.007,-0.498,-0.034,0.002,0.015,118.426,87.17,42.381,54.303474,-5.584012,330862.41
37505.0,17.48,101522.12,113.58,-9.752,0.038,-0.369,-0.019,0.009,0.008,145.504,87.33,42.579,54.303474,-5.584012,330862.41
37758.0,17.48,101521.95,113.59,-9.737,0.093,-0.431,-0.044,0.001,0.016,62.165,87.098,42.763,54.303474,-5.584012,330862.41
38007.0,17.48,101521.8,113.62,-9.754,0.055,-0.479,-0.058,0.015,0.018,112.933,87.382,42.992,54.303474,-5.584012,330862.41
38256.0,17.48,101521.64,113.62,-9.764,0.117,-0.46,-0.175,0.001,0.03,132.372,87.057,43.323,54.303474,-5.584012,330862.41
38506.0,17.48,101521.8,113.61,-9.78,0.105,-0.656,-0.04,0.01,0.01,137.376,87.177,43.76,54.303474,-5.584012,330862.41
38758.0,17.48,101521.85,113.6,-9.708,0.129,-0.443,0.07,-0.006,0.006,140.254,87.028,43.785,54.303474,-5.58401,330862.47
39004.0,17.48,101522.43,113.55,-9.718,0.081,-0.34,-0.088,0.013,0.02,103.502,87.161,43.843,54.303474,-5.58401,330862.47
39254.0,17.48,101521.62,113.62,-9.735,0.338,-0.429,-0.059,0.006,0.027,135.014,87.138,44.17,54.303474,-5.58401,330862.47
39504.0,17.48,101521.38,113.64,-9.742,0.005,-0.764,-0.012,0.004,0.005,113.89,86.962,44.552,54.303474,-5.58401,330862.47
39756.0,17.49,101520.62,113.7,-9.732,0.213,-0.385,-0.048,0.007,0.018,100.563,86.995,44.747,54.303474,-5.58401,330862.47
40004.0,17.49,101520.62,113.7,-9.759,0.041,-0.51,-0.051,0.017,0.021,128.767,87.245,44.902,54.303474,-5.58401,330862.47
40254.0,17.49,101520.45,113.72,-9.737,0.172,-0.393,-0.034,0.007,0.01,146.473,87.105,45.14,54.303474,-5.58401,330862.47
40504.0,17.49,101521.52,113.63,-9.766,0.12,-0.448,-0.01,0.009,0.009,156.864,87.206,45.279,54.303474,-5.58401,330862.47
40756.0,17.49,101522.17,113.57,-9.754,0.158,-0.448,-0.018,0.006,0.006,161.679,87.181,45.364,54.303474,-5.584008,330862.53
41008.0,17.49,101522.82,113.52,-9.761,0.103,-0.488,0.042,0.005,0.0,165.307,87.218,45.421,54.303474,-5.584008,330862.53
41257.0,17.49,101523.56,113.46,-9.756,0.06,-0.438,0.041,0.006,-0.007,168.815,87.284,45.389,54.303474,-5.584008,330862.53
41507.0,17.49,101523.78,113.44,-9.747,-0.077,-0.306,-0.045,0.004,0.019,67.099,87.199,45.506,54.303474,-5.584008,330862.53
41754.0,17.49,101523.45,113.47,-9.744,0.101,-0.572,-0.104,0.006,0.027,79.489,87.309,45.866,54.303474,-5.584008,330862.53
42005.0,17.5,101523.87,113.43,-9.749,0.16,-0.5,-0.044,0.009,0.023,109.834,87.324,46.226,54.303474,-5.584008,330862.53
42254.0,17.5,101523.55,113.46,-9.723,0.132,-0.486,-0.079,0.004,0.018,142.369,87.222,46.464,54.303474,-5.584008,330862.53
42503.0,17.5,101522.48,113.55,-9.756,0.11,-0.443,-0.005,0.008,0.007,155.168,87.405,46.663,54.303474,-5.584008,330862.53
42757.0,17.5,101521.68,113.62,-9.749,0.132,-0.546,0.002,0.009,-0.009,160.288,87.256,46.688,54.303474,-5.584008,330862.53
43008.0,17.5,101521.19,113.66,-9.747,0.005,-0.57,-0.143,0.012,0.035,109.195,86.993,46.748,54.303474,-5.584008,330862.53
43257.0,17.5,101521.44,113.64,-9.72,0.065,-0.567,0.005,0.009,0.026,89.71,87.24,47.102,54.303474,-5.584008,330862.53
43506.0,17.5,101521.02,113.67,-9.78,0.132,-0.292,-0.076,0.002,0.022,129.62,87.246,47.41,54.303474,-5.584008,330862.53
43759.0,17.51,101520.45,113.72,-9.761,0.057,-0.594,-0.095,0.006,0.044,135.747,87.293,47.817,54.303474,-5.584008,330862.53
44010.0,17.51,101520.61,113.7,-9.742,0.115,0.01,-0.075,0.014,0.015,120.511,87.179,48.06,54.303474,-5.584008,330862.53
44254.0,17.51,101520.12,113.74,-9.737,0.072,-0.615,-0.03,-0.004,0.018,123.57,87.055,48.251,54.303474,-5.584008,330862.53
44503.0,17.51,101520.53,113.71,-9.725,0.11,-0.354,-0.037,0.01,0.012,140.577,87.259,48.458,54.303474,-5.584008,330862.53
44756.0,17.51,101520.11,113.75,-9.759,0.18,-0.546,-0.026,-0.002,0.013,154.598,87.058,48.677,54.303474,-5.584008,330862.53
45007.0,17.51,101520.27,113.73,-9.74,0.115,-0.493,-0.034,0.012,0.01,157.271,87.211,48.829,54.303474,-5.584008,330862.53
45257.0,17.51,101521.08,113.67,-9.74,0.151,-0.5,-0.022,-0.002,0.013,162.781,87.066,48.992,54.303474,-5.584008,330862.53
45506.0,17.51,101521.66,113.62,-9.778,0.091,-0.448,-0.035,0.012,0.011,161.464,87.3,49.174,54.303474,-5.584008,330862.53
45759.0,17.51,101521.49,113.63,-9.754,0.172,-0.464,-0.029,0.002,0.009,163.991,87.149,49.303,54.303474,-5.584008,330862.53
46006.0,17.51,101521.0,113.67,-9.742,0.062,-0.491,-0.035,0.008,0.015,165.907,87.291,49.469,54.303474,-5.584008,330862.53
46255.0,17.52,101521.09,113.66,-9.747,0.218,-0.429,-0.135,0.006,0.036,166.66,87.243,49.802,54.303474,-5.584008,330862.53
46505.0,17.52,101521.25,113.65,-9.752,0.201,-0.517,0.051,-0.007,-0.002,158.131,87.013,49.84,54.303474,-5.584008,330862.53
46758.0,17.52,101521.31,113.65,-9.737,-0.014,-0.565,0.021,0.011,-0.005,136.674,87.312,49.713,54.303474,-5.58401,330862.47
47008.0,17.52,101521.4,113.64,-9.783,0.146,-0.393,0.022,-0.004,0.007,62.57,87.182,49.8,54.303474,-5.58401,330862.47
47257.0,17.52,101521.16,113.66,-9.72,-0.045,-0.546,0.03,0.013,0.011,30.313,87.421,49.996,54.303474,-5.58401,330862.47
47507.0,17.52,101521.65,113.62,-9.752,-0.053,-0.555,0.07,0.002,0.009,29.49,87.242,50.135,54.303474,-5.58401,330862.47
47754.0,17.53,101522.55,113.54,-9.787,0.034,-0.429,-0.065,0.007,0.013,22.813,87.151,50.275,54.303482,-5.58401,330863.16
48007.0,17.53,101521.9,113.6,-9.752,-0.067,-0.436,-0.033,0.005,0.014,-37.053,87.248,50.461,54.303482,-5.58401,330863.16
48256.0,17.53,101522.77,113.53,-9.718,-0.017,-0.479,-0.035,0.008,0.012,21.238,87.313,50.649,54.303482,-5.58401,330863.16
48506.0,17.53,101522.44,113.55,-9.732,-0.019,-0.467,-0.042,0.002,0.017,-26.951,87.226,50.85,54.303482,-5.58401,330863.16
48759.0,17.53,101522.37,113.56,-9.752,-0.01,-0.491,-0.033,0.009,0.014,-10.253,87.344,51.041,54.303482,-5.584008,330863.22
49003.0,17.53,101521.72,113.61,-9.771,0.038,-0.486,-0.059,0.001,0.017,10.309,87.201,51.261,54.303482,-5.584008,330863.22
49253.0,17.53,101522.13,113.58,-9.759,-0.081,-0.419,-0.022,0.009,0.012,42.897,87.376,51.435,54.303482,-5.584008,330863.22
49507.0,17.53,101522.45,113.55,-9.74,-0.019,-0.555,-0.062,0.008,0.021,-1.594,87.299,51.671,54.303482,-5.584008,330863.22
49755.0,17.54,101522.67,113.53,-9.732,0.014,-0.735,0.029,0.005,0.014,22.447,87.351,51.908,54.303482,-5.584008,330863.22
50027.0,17.54,101522.67,113.53,-9.773,0.189,-0.424,-0.09,-0.009,0.014,27.117,87.175,52.129,54.303482,-5.584008,330863.22
50254.0,17.54,101522.59,113.54,-9.754,-0.053,-0.503,-0.061,0.012,0.025,-12.234,87.393,52.291,54.303482,-5.584008,330863.22
50508.0,17.54,101521.3,113.65,-9.668,0.189,-0.287,-0.262,0.011,0.063,11.226,87.353,52.931,54.303482,-5.584008,330863.22
50756.0,17.54,101520.9,113.68,-9.641,0.026,-0.438,0.046,-0.006,0.008,19.168,86.895,53.097,54.303482,-5.584008,330863.22
51003.0,17.54,101519.77,113.77,-9.831,-0.026,-0.189,-0.016,0.001,0.005,16.852,87.095,53.425,54.303482,-5.584008,330863.22
51253.0,17.54,101519.66,113.78,-9.792,0.036,-0.479,-0.037,0.006,0.007,49.512,87.031,53.617,54.303482,-5.584008,330863.22
51508.0,17.55,101519.91,113.76,-9.766,0.187,-0.424,-0.039,0.005,0.015,116.328,87.075,53.813,54.303482,-5.584008,330863.22
51755.0,17.55,101520.06,113.75,-9.708,0.211,-0.524,-0.041,0.008,0.013,143.103,87.171,54.013,54.303482,-5.58401,330863.16
52006.0,17.55,101519.99,113.76,-9.764,0.06,-0.359,-0.03,-0.001,0.013,153.499,87.14,54.201,54.303482,-5.58401,330863.16
52255.0,17.55,101520.16,113.74,-9.771,0.122,-0.45,-0.038,0.007,0.013,158.324,87.226,54.394,54.303482,-5.58401,330863.16
52504.0,17.55,101520.48,113.72,-9.723,0.184,-0.543,-0.039,0.006,0.014,161.959,87.147,54.567,54.303482,-5.58401,330863.16
52758.0,17.55,101519.83,113.77,-9.742,0.153,-0.467,-0.037,0.002,0.014,162.045,87.147,54.773,54.303482,-5.58401,330863.16
53035.0,17.55,101521.44,113.64,-9.756,0.101,-0.385,-0.041,0.01,0.015,161.942,87.244,54.987,54.303482,-5.58401,330863.16
53256.0,17.55,101522.41,113.56,-9.749,0.089,-0.407,-0.033,0.005,0.014,162.359,87.179,55.18,54.303482,-5.58401,330863.16
53506.0,17.55,101523.06,113.5,-9.756,0.065,-0.304,-0.032,0.008,0.012,162.604,87.253,55.346,54.303482,-5.58401,330863.16
53759.0,17.55,101523.22,113.49,-9.747,0.194,-0.539,-0.041,0.006,0.016,163.72,87.2,55.558,54.303482,-5.58401,330863.16
54005.0,17.56,101523.31,113.48,-9.744,0.134,-0.522,-0.031,0.012,0.01,161.517,87.213,55.727,54.303482,-5.58401,330863.16
54254.0,17.56,101523.41,113.47,-9.749,0.247,-0.563,-0.035,-0.001,0.017,164.597,87.052,55.949,54.303482,-5.58401,330863.16
54503.0,17.56,101523.41,113.47,-9.735,0.124,-0.462,-0.034,0.008,0.009,161.077,87.199,56.108,54.303482,-5.58401,330863.16
54756.0,17.56,101523.78,113.44,-9.744,0.177,-0.464,-0.038,0.001,0.016,163.629,87.09,56.339,54.303482,-5.584008,330863.22
55005.0,17.56,101523.3,113.48,-9.742,0.055,-0.366,-0.03,0.008,0.008,161.394,87.209,56.492,54.303482,-5.584008,330863.22
55255.0,17.56,101523.7,113.45,-9.725,0.177,-0.438,-0.038,0.005,0.018,164.139,87.14,56.719,54.303482,-5.584008,330863.22
55504.0,17.56,101523.55,113.46,-9.742,0.098,-0.385,-0.031,0.01,0.01,161.505,87.252,56.872,54.303482,-5.584008,330863.22
55757.0,17.57,101523.8,113.44,-9.749,0.086,-0.436,-0.069,0.003,0.026,165.972,87.189,57.091,54.303482,-5.58401,330863.16
56007.0,17.57,101523.53,113.46,-9.768,0.038,-0.335,-0.016,0.01,0.008,161.809,87.23,57.286,54.303482,-5.58401,330863.16
56256.0,17.57,101522.55,113.54,-9.744,0.215,-0.551,-0.04,0.004,0.018,165.249,87.109,57.5,54.303482,-5.58401,330863.16
56506.0,17.57,101521.83,113.6,-9.756,0.156,-0.532,-0.034,0.01,0.01,160.349,87.268,57.679,54.303482,-5.58401,330863.16
56759.0,17.57,101521.5,113.63,-9.764,0.232,-0.476,-0.042,0.001,0.018,163.885,87.087,57.897,54.303482,-5.58401,330863.16
57007.0,17.57,101522.08,113.58,-9.747,0.084,-0.503,-0.03,0.006,0.009,160.091,87.193,58.054,54.303482,-5.58401,330863.16
57256.0,17.57,101521.75,113.61,-9.752,0.182,-0.412,-0.035,0.002,0.019,163.6,87.11,58.304,54.303482,-5.58401,330863.16
57505.0,17.58,101521.64,113.62,-9.747,0.012,-0.318,-0.026,0.003,0.006,159.683,87.154,58.458,54.303482,-5.58401,330863.16
57759.0,17.58,101521.56,113.63,-9.752,0.062,-0.395,-0.052,0.009,0.025,110.144,87.19,58.684,54.303482,-5.584008,330863.22
58035.0,17.58,101521.41,113.64,-9.72,0.278,-0.615,-0.032,0.011,0.006,130.49,87.156,58.91,54.303482,-5.584008,330863.22
58256.0,17.58,101521.17,113.66,-9.711,0.271,-0.543,-0.044,0.008,0.019,122.094,87.177,59.064,54.303482,-5.584008,330863.22
58506.0,17.58,101519.87,113.77,-9.613,0.33,-0.555,-0.037,0.012,0.01,142.089,87.199,59.272,54.303482,-5.584008,330863.22
58759.0,17.58,101519.22,113.82,-9.771,0.113,-0.371,-0.027,0.002,0.014,138.967,87.186,59.388,54.303482,-5.584008,330863.22
59005.0,17.58,101519.11,113.83,-9.823,0.065,-0.247,-0.025,0.009,0.007,149.935,87.241,59.597,54.303482,-5.584008,330863.22
59255.0,17.58,101519.59,113.79,-9.735,0.108,-0.539,0.072,-0.002,0.003,159.331,87.09,59.647,54.303482,-5.584008,330863.22
59504.0,17.59,101520.33,113.73,-9.697,0.144,-0.551,0.125,0.01,-0.01,152.318,87.259,59.571,54.303482,-5.584008,330863.22
59757.0,17.59,101520.27,113.73,-9.752,-0.091,-0.39,-0.05,0.0,0.029,66.642,86.945,59.416,54.303482,-5.584008,330863.22
60006.0,17.59,101520.42,113.72,-9.766,-0.153,-0.239,-0.151,0.007,0.042,29.458,87.093,59.816,54.303482,-5.584008,330863.22
60255.0,17.59,101519.61,113.79,-9.711,-0.151,-0.17,0.009,0.021,-0.019,8.986,86.309,60.645,54.303482,-5.584008,330863.22
60504.0,17.59,101519.2,113.82,-9.699,0.057,-0.455,-0.03,0.003,0.004,69.765,86.767,60.752,54.303482,-5.584008,330863.22
60758.0,17.59,101519.2,113.82,-9.787,0.177,-0.244,-0.043,0.001,0.02,123.955,87.012,60.955,54.303482,-5.584008,330863.22
61043.0,17.59,101519.75,113.78,-9.725,0.12,-0.536,-0.041,0.003,0.015,139.721,87.17,61.188,54.303482,-5.584008,330863.22
61253.0,17.59,101519.59,113.79,-9.768,0.187,-0.448,-0.027,0.005,0.015,151.345,87.211,61.388,54.303482,-5.584008,330863.22
61508.0,17.6,101519.67,113.78,-9.766,0.093,-0.594,-0.033,-0.001,0.014,157.761,87.104,61.558,54.303482,-5.584008,330863.22
61756.0,17.6,101519.77,113.77,-9.728,0.215,-0.503,-0.036,0.007,0.015,159.381,87.248,61.791,54.303482,-5.584008,330863.22
62006.0,17.6,101520.42,113.72,-9.732,0.151,-0.512,-0.036,0.001,0.01,159.489,87.122,61.931,54.303482,-5.584008,330863.22
62256.0,17.6,101520.95,113.68,-9.752,0.299,-0.522,-0.043,0.008,0.017,154.364,87.253,62.168,54.303482,-5.584008,330863.22
62505.0,17.6,101521.61,113.62,-9.771,0.093,-0.45,-0.037,-0.001,0.009,158.658,87.035,62.313,54.303482,-5.584008,330863.22
62758.0,17.6,101522.34,113.56,-9.773,0.091,-0.347,-0.038,0.006,0.017,157.439,87.259,62.546,54.303482,-5.584008,330863.22
63005.0,17.6,101522.52,113.55,-9.756,0.065,-0.297,-0.032,-0.004,0.012,159.499,87.107,62.728,54.303482,-5.584008,330863.22
63255.0,17.61,101522.77,113.53,-9.785,0.141,-0.402,-0.048,0.014,0.018,161.099,87.354,62.964,54.303482,-5.584008,330863.22
63504.0,17.61,101522.44,113.55,-9.771,0.158,-0.457,-0.034,0.001,0.009,160.086,87.086,63.134,54.303482,-5.584008,330863.22
63757.0,17.61,101521.03,113.67,-9.708,0.194,-0.52,-0.043,0.011,0.02,157.925,87.318,63.324,54.303482,-5.584008,330863.22
64007.0,17.61,101520.14,113.74,-9.74,0.256,-0.546,-0.03,-0.001,0.007,158.491,87.082,63.542,54.303482,-5.584008,330863.22
64257.0,17.61,101520.06,113.75,-9.783,0.062,-0.419,-0.034,0.004,0.016,162.812,87.333,63.679,54.303482,-5.584008,330863.22
64506.0,17.61,101519.91,113.76,-9.718,0.239,-0.479,-0.039,0.002,0.011,161.158,87.049,63.953,54.303482,-5.584008,330863.22
64759.0,17.62,101520.8,113.69,-9.752,0.01,-0.385,-0.026,0.007,0.013,142.272,87.299,64.058,54.303482,-5.584008,330863.22
65011.0,17.62,101520.48,113.72,-9.771,0.225,-0.474,-0.034,0.004,0.014,152.902,87.066,64.309,54.303482,-5.584008,330863.22
65255.0,17.62,101519.5,113.8,-9.689,0.199,-0.685,-0.039,0.013,0.014,135.439,87.22,64.426,54.303482,-5.584008,330863.22
65504.0,17.62,101519.72,113.78,-9.718,0.29,-0.627,-0.03,-0.001,0.013,143.213,87.016,64.663,54.303482,-5.584008,330863.22
65757.0,17.62,101520.05,113.75,-9.785,-0.002,-0.565,-0.037,0.007,0.01,147.742,87.176,64.769,54.303482,-5.584008,330863.22
66055.0,17.62,101521.36,113.64,-9.747,0.28,-0.369,-0.033,0.005,0.008,155.06,87.181,65.044,54.303482,-5.584008,330863.22
66254.0,17.62,101522.02,113.59,-9.737,0.168,-0.508,0.024,0.006,-0.002,158.356,87.173,65.093,54.303482,-5.584008,330863.22
66503.0,17.62,101522.34,113.56,-9.761,0.079,-0.402,0.022,0.004,-0.004,142.482,87.161,65.038,54.303482,-5.584008,330863.22
66756.0,17.62,101522.5,113.55,-9.764,-0.005,-0.455,-0.034,0.005,0.013,80.554,87.16,65.124,54.303482,-5.584008,330863.22
67025.0,17.63,101523.05,113.5,-9.752,0.103,-0.472,-0.03,0.009,0.009,107.158,87.229,65.345,54.303482,-5.584008,330863.22
67258.0,17.63,101523.78,113.44,-9.761,0.031,-0.51,-0.041,0.003,0.017,57.403,87.149,65.478,54.303482,-5.584008,330863.22
67507.0,17.63,101524.27,113.4,-9.754,0.091,-0.469,-0.03,0.006,0.011,116.788,87.237,65.711,54.303482,-5.584008,330863.22
67754.0,17.63,101524.69,113.37,-9.766,0.01,-0.457,-0.041,0.006,0.015,150.965,87.228,65.875,54.303482,-5.584008,330863.22
68032.0,17.63,101524.91,113.35,-9.756,0.101,-0.467,-0.027,0.005,0.01,162.596,87.219,66.098,54.303482,-5.584008,330863.22
68253.0,17.64,101524.83,113.35,-9.754,0.01,-0.493,-0.041,0.007,0.016,119.118,87.227,66.244,54.303482,-5.584008,330863.22
68508.0,17.64,101524.34,113.4,-9.744,0.072,-0.472,-0.03,0.005,0.011,150.299,87.236,66.466,54.303482,-5.584008,330863.22
68755.0,17.64,101524.34,113.38,-9.756,-0.014,-0.469,-0.033,0.004,0.015,111.126,87.207,66.615,54.303482,-5.584008,330863.22
69034.0,17.64,101525.41,113.31,-9.732,0.043,-0.474,-0.03,0.006,0.011,116.055,87.302,66.861,54.303482,-5.584008,330863.22
69256.0,17.64,101525.78,113.28,-9.74,-0.005,-0.474,-0.039,0.003,0.016,123.593,87.209,67.013,54.303482,-5.584008,330863.22
69505.0,17.64,101525.88,113.27,-9.744,0.055,-0.443,-0.026,0.005,0.013,143.012,87.247,67.234,54.303482,-5.584008,330863.22
69758.0,17.65,101525.95,113.26,-9.761,0.048,-0.476,-0.035,0.003,0.014,146.415,87.18,67.421,54.303482,-5.584008,330863.22
70072.0,17.65,101526.21,113.24,-9.761,0.096,-0.493,-0.048,0.008,0.015,153.795,87.324,67.684,54.303482,-5.584008,330863.22
70254.0,17.65,101526.05,113.25,-9.737,0.072,-0.529,-0.039,0.003,0.013,147.63,87.191,67.81,54.303482,-5.584008,330863.22
70503.0,17.65,101525.78,113.28,-9.761,0.041,-0.479,-0.041,0.01,0.015,143.158,87.328,68.01,54.303482,-5.584008,330863.22
70756.0,17.65,101525.22,113.32,-9.744,0.029,-0.498,-0.032,-0.002,0.013,157.934,87.099,68.207,54.303482,-5.584008,330863.22
71024.0,17.66,101524.81,113.36,-9.766,-0.017,-0.409,-0.032,0.012,0.013,116.735,87.357,68.409,54.303482,-5.584008,330863.22
71257.0,17.66,101524.33,113.4,-9.747,0.043,-0.441,-0.021,-0.001,0.01,145.374,87.115,68.593,54.303482,-5.584008,330863.22
71506.0,17.66,101525.03,113.34,-9.749,0.045,-0.455,-0.025,0.009,0.012,129.297,87.34,68.775,54.303482,-5.584008,330863.22
71759.0,17.66,101524.8,113.36,-9.764,0.041,-0.534,-0.032,0.003,0.011,131.739,87.163,68.97,54.303482,-5.584008,330863.22
72032.0,17.66,101524.47,113.38,-9.766,0.007,-0.474,-0.044,0.007,0.017,134.617,87.323,69.175,54.303482,-5.584008,330863.22
72253.0,17.66,101525.05,113.34,-9.737,0.06,-0.555,-0.033,0.005,0.012,154.731,87.242,69.365,54.303482,-5.584008,330863.22
72507.0,17.66,101525.2,113.32,-9.766,-0.002,-0.488,-0.043,0.006,0.015,127.635,87.245,69.534,54.303482,-5.584008,330863.22
72755.0,17.66,101525.05,113.34,-9.744,0.065,-0.476,-0.036,0.007,0.012,154.029,87.254,69.736,54.303482,-5.584008,330863.22
73034.0,17.67,101525.42,113.31,-9.737,0.01,-0.474,-0.04,0.005,0.017,160.895,87.229,69.945,54.303482,-5.584008,330863.22
73255.0,17.67,101526.0,113.26,-9.742,0.041,-0.5,-0.029,0.007,0.012,167.133,87.257,70.129,54.303482,-5.584008,330863.22
73504.0,17.67,101526.33,113.23,-9.756,0.022,-0.527,-0.035,0.004,0.014,131.083,87.224,70.31,54.303482,-5.584008,330863.22
73757.0,17.67,101526.17,113.24,-9.737,0.072,-0.517,-0.035,0.004,0.013,156.154,87.23,70.525,54.303482,-5.584008,330863.22
74075.0,17.67,101525.44,113.3,-9.74,0.029,-0.476,-0.035,0.006,0.016,166.823,87.261,70.777,54.303482,-5.584008,330863.22
74257.0,17.67,101525.11,113.33,-9.747,0.022,-0.51,-0.032,0.005,0.012,169.451,87.259,70.919,54.303482,-5.584008,330863.22
74506.0,17.67,101524.88,113.35,-9.764,0.062,-0.481,-0.047,0.005,0.016,167.97,87.218,71.119,54.303482,-5.584008,330863.22
74759.0,17.67,101524.39,113.39,-9.744,0.057,-0.467,-0.045,0.003,0.012,170.551,87.175,71.311,54.303482,-5.584008,330863.22
75044.0,17.67,101524.39,113.39,-9.756,-0.014,-0.527,-0.031,0.011,0.013,114.25,87.335,71.512,54.303482,-5.584008,330863.22
75254.0,17.68,101524.45,113.39,-9.73,0.062,-0.517,-0.032,0.002,0.013,127.406,87.144,71.685,54.303482,-5.584008,330863.22
75503.0,17.68,101524.86,113.35,-9.761,0.002,-0.433,-0.036,0.006,0.015,156.003,87.255,71.875,54.303482,-5.584008,330863.22
75756.0,17.68,101524.53,113.38,-9.752,0.081,-0.522,-0.061,0.01,0.018,138.168,87.293,72.115,54.303482,-5.584008,330863.22
76048.0,17.68,101524.45,113.39,-9.761,0.024,-0.412,-0.034,0.004,0.012,108.502,87.228,72.329,54.303482,-5.584008,330863.22
76258.0,17.68,101524.52,113.38,-9.764,0.022,-0.512,-0.039,0.01,0.015,117.304,87.341,72.504,54.303482,-5.584008,330863.22
76507.0,17.68,101524.03,113.42,-9.732,0.067,-0.474,-0.046,0.001,0.015,150.485,87.166,72.712,54.303482,-5.584008,330863.22
76754.0,17.68,101523.21,113.49,-9.749,0.117,-0.534,-0.047,0.011,0.015,119.609,87.335,72.89,54.303482,-5.584008,330863.22
77056.0,17.69,101522.97,113.51,-9.742,0.031,-0.393,-0.029,0.0,0.013,98.08,87.094,73.139,54.303482,-5.584008,330863.22
77255.0,17.69,101522.97,113.51,-9.735,0.007,-0.548,-0.039,0.013,0.014,135.967,87.343,73.276,54.303482,-5.584008,330863.22
77504.0,17.69,101523.14,113.5,-9.744,0.077,-0.505,-0.03,-0.001,0.013,152.927,87.114,73.483,54.303482,-5.584008,330863.22
77757.0,17.69,101523.39,113.47,-9.742,0.024,-0.524,-0.039,0.011,0.013,165.164,87.329,73.648,54.303482,-5.584008,330863.22
78094.0,17.69,101524.02,113.42,-9.752,0.072,-0.445,-0.034,0.005,0.011,154.211,87.193,73.916,54.303482,-5.584008,330863.22
78253.0,17.69,101524.18,113.41,-9.742,0.007,-0.474,-0.034,0.01,0.012,155.834,87.317,74.013,54.303482,-5.584008,330863.22
78508.0,17.69,101524.34,113.4,-9.747,0.055,-0.512,-0.039,0.002,0.014,147.964,87.161,74.226,54.303482,-5.584008,330863.22
78756.0,17.69,101524.67,113.37,-9.776,0.007,-0.486,-0.031,0.009,0.014,129.133,87.33,74.384,54.303482,-5.584008,330863.22
79046.0,17.7,101525.24,113.32,-9.752,0.077,-0.448,-0.038,0.005,0.013,141.47,87.164,74.646,54.303482,-5.584008,330863.22
79256.0,17.7,101524.75,113.36,-9.759,-0.05,-0.429,-0.047,0.009,0.018,100.932,87.281,74.781,54.303482,-5.584008,330863.22
79505.0,17.7,101524.97,113.34,-9.744,0.127,-0.515,-0.019,0.004,0.007,111.552,87.191,75.029,54.303482,-5.584008,330863.22
79758.0,17.7,101524.66,113.37,-9.771,-0.034,-0.472,-0.042,0.01,0.019,10.031,87.319,75.17,54.30349,-5.584008,330863.91
80050.0,17.7,101524.25,113.4,-9.747,0.036,-0.417,-0.037,-0.001,0.01,97.878,87.139,75.398,54.30349,-5.584008,330863.91
80255.0,17.7,101524.02,113.42,-9.764,0.002,-0.409,-0.049,0.007,0.023,48.35,87.303,75.593,54.30349,-5.584008,330863.91
80504.0,17.7,101523.69,113.45,-9.768,0.134,-0.426,-0.144,0.01,0.026,93.67,87.245,75.92,54.30349,-5.584008,330863.91
80757.0,17.71,101523.28,113.48,-9.737,0.445,-0.285,-0.016,0.005,0.014,70.897,86.998,76.366,54.30349,-5.58401,330863.81
81006.0,17.71,101521.98,113.59,-9.79,0.251,-0.512,0.039,0.005,-0.008,77.614,86.789,76.559,54.30349,-5.58401,330863.81
81257.0,17.71,101521.72,113.61,-9.732,-0.122,-0.661,-0.106,0.005,0.048,-2.889,86.864,76.712,54.30349,-5.58401,330863.81
81507.0,17.71,101521.16,113.66,-9.704,0.23,-0.725,-0.001,0.01,-0.007,48.307,86.568,77.074,54.30349,-5.58401,330863.81
81754.0,17.71,101520.99,113.67,-9.735,0.045,-0.493,-0.038,0.003,0.024,38.082,86.739,77.213,54.303482,-5.584013,330863.03
82003.0,17.71,101521.08,113.67,-9.74,0.12,-0.68,-0.029,0.008,0.006,91.593,86.997,77.486,54.303482,-5.584013,330863.03
82253.0,17.71,101521.45,113.63,-9.771,-0.029,-0.527,-0.041,-0.007,0.018,88.018,86.834,77.583,54.303482,-5.584013,330863.03
82503.0,17.71,101520.89,113.68,-9.816,0.12,-0.278,-0.041,0.009,0.008,113.101,87.134,77.835,54.303482,-5.584013,330863.03
82756.0,17.72,101520.08,113.75,-9.79,0.136,-0.381,-0.056,-0.001,0.022,114.14,86.91,77.998,54.303482,-5.584013,330863.03
83005.0,17.72,101519.84,113.77,-9.74,0.242,-0.326,-0.03,0.015,0.013,136.073,87.32,78.244,54.303482,-5.584013,330863.03
83256.0,17.72,101518.22,113.9,-9.752,0.146,-0.405,-0.063,-0.002,0.021,118.475,87.047,78.499,54.303482,-5.584013,330863.03
83505.0,17.72,101514.48,114.21,-9.675,0.311,-0.558,-0.02,0.006,0.012,136.005,87.298,78.695,54.303482,-5.584013,330863.03
83759.0,17.72,101514.7,114.19,-9.917,0.072,-0.165,-0.047,-0.005,0.017,121.479,87.04,78.882,54.30349,-5.584013,330863.72
84008.0,17.72,101515.27,114.15,-9.749,0.081,-0.261,-0.032,0.011,0.008,140.456,87.232,79.032,54.30349,-5.584013,330863.72
84254.0,17.73,101515.36,114.14,-9.74,0.225,-0.362,-0.033,0.005,0.019,143.055,87.198,79.256,54.30349,-5.584013,330863.72
84504.0,17.73,101515.52,114.13,-9.826,-0.005,-0.441,-0.032,0.01,0.012,136.266,87.387,79.412,54.30349,-5.584013,330863.72
84757.0,17.73,101516.17,114.07,-9.759,0.316,-0.555,-0.029,0.005,0.017,124.809,87.061,79.707,54.30349,-5.584012,330863.78
85006.0,17.73,101513.46,114.3,-9.694,0.113,-0.785,-0.034,0.002,0.017,115.797,87.163,79.84,54.30349,-5.584012,330863.78
85254.0,17.73,101511.59,114.45,-9.761,0.397,-0.713,-0.032,0.002,0.018,116.106,86.98,80.204,54.30349,-5.584012,330863.78
85504.0,17.73,101510.62,114.53,-9.771,-0.077,-0.443,-0.046,0.005,0.01,131.849,87.067,80.328,54.30349,-5.584012,330863.78
85757.0,17.73,101508.1,114.74,-9.792,0.199,-0.251,-0.055,0.014,0.025,93.378,87.258,80.65,54.30349,-5.584012,330863.78
86006.0,17.73,101506.64,114.86,-9.766,0.012,-0.546,-0.058,0.01,0.011,74.88,86.992,80.691,54.30349,-5.584012,330863.78
86253.0,17.74,101506.23,114.9,-9.701,0.453,-0.678,-0.027,0.014,0.03,93.755,87.157,81.038,54.30349,-5.584012,330863.78
86503.0,17.74,101505.97,114.92,-9.713,0.33,-0.613,-0.02,-0.002,0.003,127.547,86.797,81.197,54.30349,-5.584012,330863.78
86756.0,17.74,101505.48,114.96,-9.711,0.29,-0.539,-0.031,0.011,0.026,103.586,87.306,81.417,54.30349,-5.584013,330863.72
87005.0,17.74,101505.25,114.98,-9.756,0.287,-0.579,-0.014,0.004,-0.001,128.36,86.904,81.606,54.30349,-5.584013,330863.72
87253.0,17.74,101506.95,114.84,-9.73,0.043,-0.682,-0.046,0.009,0.02,115.397,87.041,81.732,54.30349,-5.584013,330863.72
87503.0,17.74,101508.59,114.7,-9.747,0.263,-0.443,-0.039,-0.001,0.002,135.451,86.857,81.969,54.30349,-5.584013,330863.72
87756.0,17.74,101510.21,114.57,-9.771,0.019,-0.369,-0.052,0.003,0.017,127.315,87.115,82.093,54.30349,-5.584012,330863.78
88005.0,17.74,101510.38,114.55,-9.73,0.206,-0.421,-0.033,0.01,0.008,134.834,87.127,82.346,54.30349,-5.584012,330863.78
88257.0,17.75,101511.57,114.45,-9.72,0.11,-0.575,-0.042,0.004,0.019,138.658,87.166,82.465,54.30349,-5.584012,330863.78
88507.0,17.75,101511.89,114.43,-9.768,0.134,-0.429,-0.041,0.006,0.014,147.976,87.118,82.698,54.30349,-5.584012,330863.78
88754.0,17.75,101511.17,114.49,-9.776,0.129,-0.22,-0.05,0.005,0.021,155.768,87.213,82.88,54.30349,-5.58401,330863.81
89003.0,17.75,101510.12,114.57,-9.783,0.287,-0.33,-0.03,0.0,0.011,154.157,87.017,83.099,54.30349,-5.58401,330863.81
89253.0,17.75,101510.5,114.54,-9.747,0.237,-0.383,-0.051,-0.001,0.015,140.538,86.972,83.266,54.30349,-5.58401,330863.81
89508.0,17.75,101511.31,114.48,-9.768,0.239,-0.383,-0.042,0.011,0.004,143.05,87.047,83.518,54.30349,-5.58401,330863.81
89756.0,17.75,101511.97,114.42,-9.682,0.077,-0.567,-0.031,0.008,0.015,140.108,87.081,83.636,54.30349,-5.58401,330863.81
90005.0,17.75,101512.94,114.34,-9.699,0.271,-0.656,-0.024,0.004,0.01,136.923,87.11,83.899,54.30349,-5.58401,330863.81
90255.0,17.76,101514.49,114.21,-9.665,0.223,-0.812,-0.055,0.005,0.017,132.275,87.007,84.043,54.30349,-5.58401,330863.81
90504.0,17.76,101515.55,114.12,-9.708,0.34,-0.316,-0.036,0.007,0.008,142.357,87.157,84.288,54.30349,-5.58401,330863.81
90757.0,17.76,101515.72,114.11,-9.807,-0.036,-0.254,-0.026,-0.005,0.015,141.428,87.023,84.406,54.30349,-5.584008,330863.91
91006.0,17.76,101514.58,114.2,-9.759,0.184,-0.417,-0.047,0.021,0.013,145.845,87.346,84.64,54.30349,-5.584008,330863.91
91255.0,17.76,101515.48,114.13,-9.725,0.156,-0.417,-0.044,0.002,0.017,137.282,87.214,84.806,54.30349,-5.584008,330863.91
91504.0,17.76,101516.02,114.08,-9.704,0.302,-0.625,-0.026,0.009,0.008,146.433,87.2,85.026,54.30349,-5.584008,330863.91
91757.0,17.76,101515.53,114.13,-9.701,0.242,-0.584,-0.032,-0.002,0.02,157.374,87.08,85.205,54.30349,-5.584008,330863.91
92006.0,17.77,101515.78,114.1,-9.84,0.036,-0.464,-0.041,0.004,0.009,154.431,87.175,85.435,54.30349,-5.584008,330863.91
92257.0,17.77,101516.36,114.06,-9.816,-0.007,-0.244,-0.049,-0.001,0.014,133.194,86.853,85.589,54.30349,-5.584008,330863.91
92506.0,17.77,101515.38,114.14,-9.675,0.314,-0.491,-0.045,0.018,0.01,139.194,87.268,85.829,54.30349,-5.584008,330863.91
92760.0,17.77,101515.22,114.15,-9.787,0.101,-0.127,-0.039,0.003,0.015,149.893,87.032,85.97,54.30349,-5.584006,330863.97
93003.0,17.77,101513.98,114.25,-9.718,0.251,-0.622,-0.051,0.025,0.014,149.389,87.378,86.194,54.30349,-5.584006,330863.97
93257.0,17.77,101514.06,114.25,-9.766,0.055,-0.316,-0.03,0.004,0.009,153.669,87.27,86.329,54.30349,-5.584006,330863.97
93506.0,17.77,101513.9,114.26,-9.783,0.11,-0.481,-0.028,0.009,0.021,159.423,87.422,86.535,54.30349,-5.584006,330863.97
93760.0,17.77,101513.73,114.27,-9.74,0.259,-0.68,-0.04,0.006,0.009,158.014,87.031,86.739,54.303493,-5.584,330864.56
94003.0,17.78,101513.02,114.33,-9.725,0.251,-0.718,-0.039,0.017,0.021,127.404,87.516,86.902,54.303493,-5.584,330864.56
94253.0,17.78,101512.74,114.36,-9.771,0.28,-0.496,-0.036,-0.006,0.008,142.216,86.894,87.117,54.303493,-5.584,330864.56
94508.0,17.78,101512.58,114.37,-9.735,0.084,-0.697,-0.035,0.013,0.013,137.587,87.31,87.274,54.303493,-5.584,330864.56
94755.0,17.78,101512.66,114.36,-9.725,0.17,-0.476,-0.037,-0.006,0.013,146.602,86.944,87.505,54.303493,-5.583995,330864.75
95004.0,17.78,101514.06,114.25,-9.766,-0.029,-0.378,-0.064,0.014,0.02,63.851,87.291,87.536,54.303493,-5.583995,330864.75
95255.0,17.79,101514.44,114.22,-9.756,0.285,-0.438,-0.033,-0.015,0.01,86.247,86.989,87.83,54.303493,-5.583995,330864.75
95505.0,17.79,101514.6,114.2,-9.766,-0.029,-0.381,-0.032,0.017,0.01,120.823,87.502,87.933,54.303493,-5.583995,330864.75
95758.0,17.79,101515.5,114.13,-9.773,0.081,-0.215,-0.033,-0.008,0.014,127.371,86.95,88.198,54.303493,-5.583993,330864.81
96007.0,17.79,101515.1,114.16,-9.778,0.01,-0.383,-0.038,0.017,0.015,127.898,87.404,88.343,54.303493,-5.583993,330864.81
96258.0,17.79,101516.16,114.07,-9.747,0.223,-0.424,-0.037,0.003,0.01,143.887,87.233,88.558,54.303493,-5.583993,330864.81
96507.0,17.8,101516.38,114.05,-9.718,0.247,-0.79,-0.036,0.005,0.017,156.605,87.262,88.724,54.303493,-5.583993,330864.81
96755.0,17.8,101516.38,114.05,-9.73,0.225,-0.673,-0.029,0.006,0.006,154.825,87.183,88.912,54.303493,-5.583993,330864.81
97004.0,17.8,101518.02,113.92,-9.809,0.242,-0.34,-0.012,0.024,-0.01,156.959,87.392,88.934,54.303493,-5.583993,330864.81
97253.0,17.8,101518.82,113.85,-9.663,-0.002,-0.599,0.281,-0.015,-0.03,101.416,86.993,88.66,54.303493,-5.583993,330864.81
97503.0,17.8,101518.91,113.85,-9.768,0.055,-0.268,-0.05,0.005,0.027,10.774,86.995,88.716,54.303493,-5.583993,330864.81
97756.0,17.8,101519.23,113.82,-9.768,0.101,-0.314,-0.058,0.006,0.011,67.567,87.155,88.989,54.303493,-5.583993,330864.81
98005.0,17.8,101519.65,113.78,-9.735,-0.017,-0.421,-0.037,0.008,0.018,-36.574,87.224,89.13,54.303493,-5.583993,330864.81
98254.0,17.8,101520.03,113.75,-9.768,0.053,-0.5,-0.038,0.004,0.011,44.174,87.231,89.353,54.303493,-5.583993,330864.81
98504.0,17.8,101519.38,113.81,-9.754,-0.153,-0.34,-0.054,0.006,0.021,-10.873,87.209,89.493,54.303493,-5.583993,330864.81
98757.0,17.81,101519.47,113.8,-9.756,0.101,-0.419,-0.137,0.011,0.021,65.425,87.364,89.78,54.303493,-5.583992,330864.88
99007.0,17.81,101519.47,113.8,-9.771,-0.283,-0.464,-0.05,0.005,0.016,64.695,87.169,89.88,54.303493,-5.583992,330864.88
99253.0,17.81,101519.55,113.82,-9.761,-0.007,-0.529,-0.037,0.009,0.013,13.508,87.278,90.099,54.303493,-5.583992,330864.88
99503.0,17.81,101518.64,113.87,-9.732,-0.024,-0.548,-0.074,0.002,0.019,-30.744,87.177,90.306,54.303493,-5.583992,330864.88
99756.0,17.81,101517.17,113.99,-9.74,-0.072,-0.615,-0.165,0.019,0.058,-75.843,87.378,90.824,54.303493,-5.58399,330864.94
100005.0,17.81,101517.59,113.96,-9.776,0.182,-0.421,0.046,0.007,-0.003,18.114,86.885,91.35,54.303493,-5.58399,330864.94
100256.0,17.82,101517.67,113.95,-9.73,0.074,-0.503,-0.054,0.013,0.013,75.183,86.984,91.585,54.303493,-5.58399,330864.94
100505.0,17.82,101517.51,113.96,-9.771,0.208,-0.481,-0.009,0.003,0.006,105.528,87.058,91.819,54.303493,-5.58399,330864.94
100758.0,17.82,101518.41,113.89,-9.713,0.127,-0.467,-0.015,0.001,-0.005,139.22,87.04,91.84,54.303493,-5.583988,330865.03
101007.0,17.82,101518.25,113.9,-9.776,0.144,-0.263,-0.025,0.018,-0.013,144.602,87.215,91.742,54.303493,-5.583988,330865.03
101254.0,17.82,101518.55,113.88,-9.701,0.129,-0.579,-0.102,0.012,0.023,72.581,87.21,91.717,54.303493,-5.583988,330865.03
101503.0,17.82,101519.04,113.84,-9.783,0.048,-0.426,-0.034,0.01,0.012,53.208,87.307,91.947,54.303493,-5.583988,330865.03
101756.0,17.83,101519.62,113.79,-9.764,-0.11,-0.527,0.005,-0.001,0.007,31.362,87.109,92.044,54.303493,-5.583988,330865.03
102005.0,17.83,101520.16,113.74,-9.737,0.019,-0.522,-0.03,0.009,0.012,40.106,87.312,92.295,54.303493,-5.583988,330865.03
102255.0,17.83,101520.16,113.74,-9.756,-0.084,-0.505,-0.028,0.001,0.011,-10.196,87.212,92.427,54.303493,-5.583988,330865.03
102504.0,17.83,101520.48,113.72,-9.74,0.048,-0.539,-0.034,0.007,0.014,-26.413,87.328,92.657,54.303493,-5.583988,330865.03
102757.0,17.83,101520.57,113.71,-9.761,-0.029,-0.405,-0.032,-0.001,0.011,-20.008,87.2,92.811,54.303493,-5.583988,330865.03
103006.0,17.83,101520.73,113.69,-9.744,0.06,-0.397,-0.035,0.009,0.014,-33.871,87.368,93.038,54.303493,-5.583988,330865.03
103258.0,17.83,101521.47,113.63,-9.768,-0.022,-0.354,-0.026,0.003,0.01,-13.69,87.347,93.21,54.303493,-5.583988,330865.03
103507.0,17.84,101521.85,113.6,-9.756,-0.055,-0.522,-0.03,0.01,0.015,-21.73,87.413,93.419,54.303493,-5.583988,330865.03
103755.0,17.84,101521.53,113.63,-9.752,-0.038,-0.546,-0.041,0.003,0.016,-17.531,87.228,93.631,54.303493,-5.583988,330865.03
104004.0,17.84,101520.8,113.69,-9.764,-0.048,-0.522,-0.19,0.01,0.032,-79.027,87.324,93.925,54.303493,-5.583988,330865.03
104258.0,17.84,101519.59,113.79,-9.807,0.024,-0.565,-0.359,0.011,0.068,-30.198,87.245,94.747,54.303493,-5.583988,330865.03
104507.0,17.84,101519.1,113.83,-9.799,0.247,-0.429,-0.071,0.017,0.009,42.068,87.112,94.879,54.303493,-5.583988,330865.03
104755.0,17.84,101519.64,113.78,-9.764,-0.062,-0.512,-0.023,-0.011,0.014,61.968,86.848,94.993,54.303493,-5.583986,330865.09
105004.0,17.84,101519.31,113.81,-9.663,0.204,-0.613,0.021,0.002,0.007,108.029,87.008,95.315,54.303493,-5.583986,330865.09
105257.0,17.85,101520.06,113.75,-9.73,0.11,-0.441,-0.04,0.01,0.016,131.0,87.168,95.432,54.303493,-5.583986,330865.09
105507.0,17.85,101519.17,113.82,-9.754,0.182,-0.328,-0.061,0.007,0.015,145.631,87.199,95.741,54.303493,-5.583986,330865.09
105754.0,17.85,101518.52,113.88,-9.776,0.163,-0.273,-0.036,0.009,0.012,153.127,87.227,95.944,54.303493,-5.583986,330865.09
106003.0,17.85,101519.91,113.76,-9.701,0.16,-0.536,0.029,0.008,-0.003,158.287,87.187,96.042,54.303493,-5.583986,330865.09
106256.0,17.85,101520.39,113.72,-9.766,-0.129,-0.491,-0.043,0.013,0.015,88.589,87.287,95.935,54.303493,-5.583986,330865.09
106505.0,17.85,101520.39,113.72,-9.766,-0.16,-0.654,-0.04,-0.004,0.014,45.996,86.916,96.012,54.303493,-5.583986,330865.09
106759.0,17.85,101520.94,113.68,-9.778,-0.136,-0.249,-0.04,0.006,0.014,29.51,87.212,96.192,54.303493,-5.583986,330865.09
107008.0,17.86,101520.54,113.71,-9.74,0.127,-0.354,-0.062,0.003,0.019,48.68,87.096,96.46,54.303493,-5.583986,330865.09
107257.0,17.86,101520.95,113.68,-9.735,-0.012,-0.326,-0.013,0.009,0.006,103.487,87.303,96.588,54.303493,-5.583986,330865.09
107506.0,17.86,101520.52,113.71,-9.732,0.081,-0.5,-0.046,0.005,0.024,41.407,87.188,96.872,54.303493,-5.583986,330865.09
107760.0,17.86,101518.41,113.89,-9.742,0.01,-0.567,-0.106,0.012,0.012,106.368,87.272,97.122,54.303493,-5.583986,330865.09
108003.0,17.86,101517.1,114.0,-9.771,-0.022,-0.232,-0.286,0.012,0.049,23.955,87.184,97.469,54.303493,-5.583986,330865.09
108253.0,17.86,101516.86,114.02,-9.941,-0.132,-0.591,0.048,-0.01,-0.008,28.532,86.547,97.858,54.303493,-5.583986,330865.09
108508.0,17.86,101516.86,114.02,-9.809,-0.065,-0.285,-0.055,-0.001,0.016,60.966,86.707,98.059,54.303493,-5.583986,330865.09
108755.0,17.87,101517.92,113.93,-9.749,0.117,-0.206,-0.038,0.014,0.011,115.396,87.156,98.267,54.303493,-5.583986,330865.09
109004.0,17.87,101518.09,113.91,-9.766,0.163,-0.543,-0.043,0.005,0.019,128.659,87.082,98.452,54.303493,-5.583986,330865.09
109254.0,17.87,101518.64,113.87,-9.67,0.259,-0.543,-0.036,0.013,0.013,142.243,87.169,98.674,54.303493,-5.583986,330865.09
109503.0,17.87,101518.31,113.9,-9.708,0.225,-0.469,-0.029,-0.002,0.012,155.527,86.994,98.837,54.303493,-5.583986,330865.09
109757.0,17.87,101518.39,113.89,-9.749,0.201,-0.412,-0.038,0.013,0.01,156.225,87.241,99.036,54.303493,-5.583986,330865.09
110006.0,17.87,101518.32,113.89,-9.73,0.101,-0.539,-0.027,0.001,0.015,158.181,87.05,99.228,54.303493,-5.583986,330865.09
110254.0,17.87,101518.32,113.89,-9.754,0.086,-0.493,-0.036,0.012,0.009,158.303,87.249,99.398,54.303493,-5.583986,330865.09
110503.0,17.88,101518.54,113.88,-9.766,0.122,-0.464,-0.041,-0.001,0.023,164.875,87.104,99.619,54.303493,-5.583986,330865.09
110756.0,17.88,101518.87,113.85,-9.74,0.093,-0.52,-0.039,0.016,0.009,158.6,87.309,99.799,54.303493,-5.583986,330865.09
111005.0,17.88,101519.44,113.8,-9.713,0.261,-0.68,-0.047,-0.004,0.018,164.088,86.985,100.009,54.303493,-5.583986,330865.09
111257.0,17.88,101520.18,113.74,-9.725,0.153,-0.472,-0.03,0.009,0.008,160.349,87.246,100.154,54.303493,-5.583986,330865.09
111506.0,17.88,101519.37,113.81,-9.773,0.208,-0.311,-0.044,-0.001,0.02,149.13,87.115,100.399,54.303493,-5.583986,330865.09
111759.0,17.88,101518.55,113.88,-9.776,0.005,-0.237,-0.039,0.005,0.014,154.295,87.204,100.612,54.303493,-5.583986,330865.09
112008.0,17.88,101518.31,113.9,-9.759,0.077,-0.294,-0.043,0.005,0.019,151.474,87.215,100.836,54.303493,-5.583986,330865.09
112258.0,17.89,101518.2,113.9,-9.742,0.184,-0.445,-0.039,0.01,0.011,154.231,87.217,101.005,54.303493,-5.583986,330865.09
112507.0,17.89,101517.88,113.93,-9.74,0.144,-0.596,-0.039,0.006,0.021,160.883,87.189,101.22,54.303493,-5.583986,330865.09
112755.0,17.89,101518.05,113.92,-9.742,0.175,-0.491,-0.028,0.002,0.007,157.951,87.106,101.395,54.303493,-5.583986,330865.09
113004.0,17.89,101518.45,113.87,-9.756,0.134,-0.52,-0.036,0.008,0.019,163.283,87.248,101.587,54.303493,-5.583986,330865.09
113255.0,17.89,101519.11,113.83,-9.756,0.089,-0.242,-0.025,0.003,0.008,159.421,87.222,101.778,54.303493,-5.583986,330865.09
113504.0,17.89,101519.84,113.77,-9.752,0.134,-0.57,-0.046,0.009,0.021,164.283,87.242,101.963,54.303493,-5.583986,330865.09
113758.0,17.89,101520.72,113.7,-9.74,0.211,-0.4,-0.03,0.006,0.007,158.246,87.174,102.176,54.303493,-5.583986,330865.09
114007.0,17.89,101521.04,113.67,-9.754,0.139,-0.555,-0.042,0.008,0.015,163.074,87.144,102.346,54.303493,-5.583986,330865.09
114256.0,17.9,101521.78,113.61,-9.742,0.156,-0.364,-0.028,0.002,0.009,160.863,87.088,102.542,54.303493,-5.583986,330865.09
114506.0,17.9,101520.97,113.67,-9.761,0.113,-0.527,-0.041,0.008,0.015,163.123,87.282,102.703,54.303493,-5.583986,330865.09
114759.0,17.9,101521.05,113.67,-9.797,0.129,-0.314,-0.032,0.0,0.011,160.132,87.141,102.911,54.303493,-5.583986,330865.09
115008.0,17.9,101521.59,113.62,-9.704,0.196,-0.479,0.087,0.007,-0.007,160.23,87.281,102.965,54.303493,-5.583986,330865.09
115258.0,17.9,101522.08,113.58,-9.79,-0.67,-0.294,0.184,0.005,-0.025,107.254,86.902,102.563,54.303493,-5.583986,330865.09
115507.0,17.9,101522.98,113.51,-9.711,0.22,-0.558,-0.108,0.015,0.032,6.745,86.862,102.719,54.303493,-5.583986,330865.09
115755.0,17.9,101522.83,113.52,-9.749,0.05,-0.505,-0.034,0.002,0.008,33.732,87.073,102.93,54.303493,-5.583986,330865.09
116004.0,17.91,101523.23,113.49,-9.783,-0.014,-0.362,-0.036,0.004,0.021,-62.442,87.2,103.102,54.303493,-5.583986,330865.09
116257.0,17.91,101523.16,113.49,-9.725,0.05,-0.575,-0.031,0.003,0.006,43.629,87.194,103.313,54.303493,-5.583986,330865.09
116506.0,17.91,101522.84,113.52,-9.761,-0.067,-0.35,-0.037,0.009,0.017,-67.318,87.357,103.448,54.303493,-5.583986,330865.09
116759.0,17.91,101522.34,113.56,-9.73,0.05,-0.587,-0.026,0.004,0.009,42.727,87.253,103.689,54.303493,-5.583986,330865.09
117008.0,17.91,101521.86,113.6,-9.756,-0.074,-0.445,-0.034,0.007,0.018,-51.023,87.311,103.854,54.303493,-5.583986,330865.09
117258.0,17.91,101521.75,113.61,-9.747,0.019,-0.555,-0.032,0.003,0.013,-18.846,87.254,104.088,54.303493,-5.583986,330865.09
117508.0,17.91,101521.09,113.66,-9.79,-0.041,-0.323,-0.046,0.005,0.019,-64.122,87.277,104.273,54.303493,-5.583986,330865.09
117755.0,17.91,101520.29,113.73,-9.752,0.019,-0.476,-0.044,0.008,0.014,-24.931,87.335,104.485,54.303493,-5.583986,330865.09
118004.0,17.91,101519.31,113.81,-9.761,0.005,-0.405,-0.034,0.002,0.016,-46.158,87.253,104.676,54.303493,-5.583986,330865.09
118256.0,17.91,101519.56,113.79,-9.744,-0.031,-0.591,-0.046,0.01,0.015,-5.351,87.31,104.878,54.303493,-5.583986,330865.09
118506.0,17.92,101519.0,113.84,-9.732,-0.062,-0.457,-0.039,0.004,0.016,-15.949,87.263,105.067,54.303493,-5.583986,330865.09
118759.0,17.92,101519.55,113.79,-9.766,-0.072,-0.503,-0.038,0.004,0.015,-14.932,87.242,105.275,54.303493,-5.583986,330865.09
119008.0,17.92,101519.55,113.78,-9.749,-0.024,-0.321,-0.03,0.007,0.011,48.674,87.34,105.466,54.303493,-5.583986,330865.09
119253.0,17.92,101520.61,113.7,-9.74,-0.002,-0.505,-0.028,0.004,0.013,2.106,87.273,105.658,54.303493,-5.583986,330865.09
119508.0,17.92,101520.12,113.75,-9.759,-0.048,-0.359,-0.032,0.009,0.01,52.522,87.379,105.85,54.303493,-5.583986,330865.09
119756.0,17.92,101520.53,113.71,-9.737,-0.045,-0.56,-0.034,0.007,0.015,-5.788,87.309,106.046,54.303493,-5.583986,330865.09
120005.0,17.92,101519.88,113.77,-9.735,-0.019,-0.532,-0.031,0.007,0.013,-8.979,87.312,106.266,54.303493,-5.583986,330865.09
120258.0,17.93,101520.27,113.73,-9.737,-0.019,-0.541,-0.04,-0.002,0.014,-24.454,87.236,106.446,54.303493,-5.583986,330865.09
120507.0,17.93,101520.75,113.69,-9.773,0.029,-0.297,-0.031,0.01,0.012,34.258,87.454,106.648,54.303493,-5.583986,330865.09
120755.0,17.93,101521.48,113.63,-9.742,0.081,-0.405,-0.033,0.001,0.015,1.32,87.231,106.845,54.303493,-5.583986,330865.09
121004.0,17.93,101520.84,113.69,-9.773,-0.038,-0.373,-0.037,0.003,0.014,20.797,87.346,107.038,54.303493,-5.583986,330865.09
121255.0,17.93,101521.91,113.6,-9.744,-0.05,-0.51,-0.045,0.012,0.014,35.317,87.417,107.239,54.303493,-5.583986,330865.09
121504.0,17.93,101521.63,113.62,-9.728,0.0,-0.615,0.005,0.006,0.011,31.445,87.362,107.425,54.303493,-5.583986,330865.09
121757.0,17.93,101520.0,113.75,-9.768,-0.002,-0.503,-0.125,0.001,0.027,-51.025,87.245,107.693,54.303493,-5.583986,330865.09
122006.0,17.94,101518.62,113.87,-9.792,-0.194,-0.534,-0.251,0.019,0.071,-37.235,87.325,108.304,54.303493,-5.583986,330865.09
122253.0,17.94,101517.16,113.99,-9.723,0.254,-0.012,-0.048,0.001,0.01,-5.124,86.626,108.798,54.303493,-5.583986,330865.09
122508.0,17.94,101517.09,114.0,-9.761,-0.053,-0.151,-0.017,0.014,0.016,69.443,87.247,108.893,54.303493,-5.583986,330865.09
122755.0,17.94,101516.27,114.06,-9.773,0.122,-0.22,-0.015,0.004,0.005,90.921,87.08,109.17,54.303493,-5.583986,330865.09
123004.0,17.94,101515.38,114.14,-9.85,-0.01,-0.244,-0.007,0.005,0.015,97.888,87.183,109.272,54.303493,-5.583986,330865.09
123257.0,17.94,101514.48,114.21,-9.84,-0.06,-0.034,-0.034,0.001,0.002,87.599,86.992,109.551,54.303493,-5.583986,330865.09
123507.0,17.94,101514.89,114.18,-9.744,-0.079,0.206,-0.056,-0.001,0.02,62.485,86.856,109.66,54.303493,-5.583986,330865.09
123760.0,17.94,101515.38,114.14,-9.72,0.093,-0.117,-0.049,0.013,0.015,93.918,87.002,109.916,54.303493,-5.583986,330865.09
124003.0,17.94,101515.55,114.12,-9.756,0.184,-0.45,-0.046,0.011,0.022,62.399,87.179,110.066,54.303493,-5.583986,330865.09
124256.0,17.94,101516.09,114.08,-9.708,0.534,-0.836,-0.032,0.01,0.011,66.833,87.264,110.298,54.303493,-5.583986,330865.09
124505.0,17.95,101516.83,114.02,-9.665,0.311,-0.927,-0.023,0.007,0.014,70.464,87.07,110.43,54.303493,-5.583986,330865.09
124758.0,17.95,101517.73,113.94,-9.653,0.395,-1.001,-0.029,0.013,0.015,99.987,87.112,110.663,54.303493,-5.583986,330865.09
125007.0,17.95,101518.38,113.89,-9.689,0.311,-0.919,-0.033,0.005,0.013,102.488,87.032,110.825,54.303493,-5.583986,330865.09
125258.0,17.95,101518.77,113.86,-9.706,0.232,-0.723,-0.021,0.002,0.008,103.972,87.152,111.004,54.303493,-5.583986,330865.09
125507.0,17.95,101519.09,113.83,-9.72,0.235,-0.508,-0.033,0.0,0.011,131.873,87.097,111.199,54.303493,-5.583986,330865.09
125754.0,17.95,101520.31,113.73,-9.764,0.06,-0.381,-0.025,0.005,0.008,149.583,87.184,111.349,54.303493,-5.583986,330865.09
126003.0,17.95,101520.31,113.73,-9.752,0.115,-0.18,-0.037,0.004,0.013,155.687,87.113,111.581,54.303493,-5.583986,330865.09
126255.0,17.96,101521.11,113.66,-9.742,0.067,-0.409,-0.041,0.009,0.014,158.981,87.205,111.755,54.303493,-5.583986,330865.09
126505.0,17.96,101521.76,113.61,-9.766,0.115,-0.256,-0.027,-0.005,0.015,161.415,87.011,111.994,54.303493,-5.583986,330865.09
126758.0,17.96,101521.59,113.62,-9.78,0.074,-0.558,-0.036,0.019,0.014,160.114,87.372,112.153,54.303493,-5.583986,330865.09
127007.0,17.96,101521.52,113.63,-9.749,0.158,-0.381,-0.039,0.002,0.017,162.794,87.122,112.387,54.303493,-5.583986,330865.09
127256.0,17.96,101521.44,113.64,-9.694,0.204,-0.711,-0.046,0.014,0.017,150.763,87.359,112.538,54.303493,-5.583986,330865.09
127505.0,17.96,101521.77,113.61,-9.728,0.275,-0.536,-0.035,-0.007,0.014,157.799,87.021,112.745,54.303493,-5.583986,330865.09
127758.0,17.97,101522.02,113.59,-9.752,0.093,-0.632,-0.04,0.009,0.013,160.016,87.227,112.916,54.303493,-5.583986,330865.09
128007.0,17.97,101520.88,113.68,-9.737,0.158,-0.225,-0.028,-0.008,0.009,160.195,86.959,113.149,54.303493,-5.583986,330865.09
128254.0,17.97,101520.45,113.72,-9.735,0.057,-0.572,-0.019,0.023,0.016,155.112,87.41,113.289,54.303493,-5.583986,330865.09
128504.0,17.97,101520.53,113.71,-9.747,0.139,-0.323,-0.051,-0.009,0.019,114.944,86.902,113.583,54.303493,-5.583986,330865.09
128757.0,17.97,101520.62,113.7,-9.735,0.108,-0.668,-0.054,0.014,0.021,89.582,87.283,113.74,54.303493,-5.583986,330865.09
129006.0,17.98,101519.87,113.77,-9.778,0.294,-0.275,-0.031,-0.003,0.011,128.527,86.981,114.022,54.303493,-5.583986,330865.09
129255.0,17.98,101519.3,113.81,-9.658,0.184,-0.721,-0.04,0.014,0.015,132.684,87.241,114.163,54.303493,-5.583986,330865.09
129505.0,17.98,101518.81,113.85,-9.816,0.208,-0.184,-0.032,-0.005,0.013,148.302,87.046,114.407,54.303493,-5.583986,330865.09
129758.0,17.98,101518.9,113.85,-9.756,0.01,-0.491,-0.027,0.008,0.017,156.523,87.232,114.568,54.303493,-5.583986,330865.09
130007.0,17.98,101516.62,114.03,-9.783,0.062,0.017,-0.069,0.003,0.019,156.254,87.138,114.847,54.303493,-5.583986,330865.09
130257.0,17.99,101516.77,114.02,-9.802,-0.019,-0.426,-0.046,0.02,0.023,84.308,87.325,114.957,54.303493,-5.583986,330865.09
130506.0,17.99,101515.78,114.1,-9.73,0.314,-0.364,-0.048,0.004,0.017,108.484,87.091,115.213,54.303493,-5.583986,330865.09
130759.0,17.99,101515.72,114.11,-9.716,0.232,-0.678,-0.033,0.016,0.019,106.651,87.327,115.381,54.303493,-5.583986,330865.09
131008.0,17.99,101514.41,114.22,-9.74,0.33,-0.476,-0.037,-0.001,0.012,125.335,87.027,115.647,54.303493,-5.583986,330865.09
131255.0,17.99,101513.81,114.27,-9.685,0.089,-0.62,-0.018,0.015,0.011,115.66,87.369,115.74,54.303493,-5.583986,330865.09
131504.0,17.99,101513.98,114.25,-9.744,0.249,-0.388,-0.031,-0.001,0.018,127.596,87.037,116.015,54.303493,-5.583986,330865.09
131758.0,17.99,101513.98,114.25,-9.797,0.089,-0.644,-0.037,0.01,0.011,132.417,87.246,116.154,54.303493,-5.583986,330865.09
132007.0,17.99,101515.04,114.17,-9.72,0.263,-0.412,-0.035,0.003,0.016,140.895,87.088,116.393,54.303493,-5.583986,330865.09
132258.0,18.0,101516.11,114.08,-9.706,0.175,-0.642,-0.033,0.003,0.01,149.038,87.172,116.545,54.303493,-5.583986,330865.09
132507.0,18.0,101516.27,114.06,-9.744,0.208,-0.417,-0.028,0.006,0.017,154.876,87.249,116.751,54.303493,-5.583986,330865.09
132755.0,18.0,101515.29,114.15,-9.737,0.18,-0.56,-0.042,0.007,0.009,156.725,87.152,116.952,54.303493,-5.583986,330865.09
133004.0,18.0,101516.19,114.07,-9.792,0.139,-0.254,-0.035,0.002,0.012,158.353,87.158,117.121,54.303493,-5.583986,330865.09
133257.0,18.0,101516.9,114.01,-9.768,0.089,-0.366,-0.033,0.013,0.015,159.08,87.372,117.317,54.303493,-5.583986,330865.09
133506.0,18.0,101516.98,114.0,-9.74,0.163,-0.474,-0.028,0.003,0.016,159.947,87.255,117.52,54.303493,-5.583986,330865.09
133759.0,18.0,101517.64,113.95,-9.735,0.235,-0.62,-0.028,0.009,0.009,157.133,87.24,117.693,54.303493,-5.583986,330865.09
134003.0,18.0,101518.78,113.86,-9.735,0.201,-0.687,-0.038,0.003,0.015,151.168,87.147,117.852,54.303493,-5.583986,330865.09
134253.0,18.01,101520.0,113.75,-9.744,0.168,-0.376,-0.023,-0.001,0.01,155.106,87.038,118.064,54.303493,-5.583986,330865.09
134503.0,18.01,101520.7,113.7,-9.768,0.103,-0.409,-0.036,0.005,0.015,159.503,87.141,118.229,54.303493,-5.583986,330865.09
134756.0,18.01,101521.77,113.61,-9.764,0.148,-0.342,-0.037,0.007,0.013,159.418,87.228,118.437,54.303493,-5.583985,330865.16
135005.0,18.01,101521.45,113.63,-9.742,0.168,-0.498,-0.035,0.008,0.015,161.243,87.244,118.62,54.303493,-5.583985,330865.16
135258.0,18.01,101521.21,113.65,-9.74,0.175,-0.52,-0.036,0.005,0.015,160.92,87.258,118.822,54.303493,-5.583985,330865.16
135507.0,18.01,101520.89,113.68,-9.742,0.122,-0.436,-0.039,0.008,0.013,161.05,87.283,119.003,54.303493,-5.583985,330865.16
135755.0,18.01,101520.07,113.75,-9.749,0.175,-0.409,-0.033,0.005,0.018,162.199,87.26,119.225,54.303493,-5.583986,330865.09
136004.0,18.01,101519.48,113.8,-9.747,0.175,-0.563,-0.046,0.011,0.013,160.115,87.216,119.435,54.303493,-5.583986,330865.09
136254.0,18.02,101519.41,113.8,-9.708,0.292,-0.541,-0.039,0.006,0.018,155.879,87.17,119.645,54.303493,-5.583986,330865.09
136503.0,18.02,101518.75,113.86,-9.735,0.311,-0.496,-0.027,0.003,0.007,156.452,87.109,119.856,54.303493,-5.583986,330865.09
136756.0,18.02,101517.86,113.93,-9.766,0.146,-0.431,-0.031,0.002,0.015,146.236,87.206,120.043,54.303493,-5.583986,330865.09
137006.0,18.02,101517.38,113.97,-9.821,0.072,-0.376,-0.029,0.004,0.007,152.442,87.127,120.257,54.303493,-5.583986,330865.09
137253.0,18.02,101517.91,113.93,-9.766,0.034,-0.517,-0.039,0.01,0.02,138.688,87.241,120.419,54.303493,-5.583986,330865.09
137508.0,18.02,101518.49,113.88,-9.742,0.268,-0.39,-0.034,0.006,0.007,148.392,87.14,120.66,54.303493,-5.583986,330865.09
137755.0,18.03,101518.41,113.89,-9.764,0.196,-0.443,-0.047,0.001,0.018,158.499,87.086,120.834,54.303493,-5.583986,330865.09
138004.0,18.02,101517.67,113.95,-9.752,0.192,-0.268,-0.031,0.013,0.01,154.562,87.216,121.058,54.303493,-5.583986,330865.09
138258.0,18.03,101516.95,114.01,-9.716,0.232,-0.613,-0.026,0.005,0.02,157.176,87.171,121.32,54.303493,-5.583986,330865.09
138507.0,18.03,101516.79,114.02,-9.74,0.263,-0.347,-0.029,0.011,-0.002,151.401,87.084,121.548,54.303493,-5.583986,330865.09
138755.0,18.03,101517.36,113.97,-9.704,0.093,-0.565,-0.031,0.004,0.022,114.7,87.118,121.655,54.303493,-5.583986,330865.09
139004.0,18.03,101517.69,113.95,-9.828,0.151,-0.419,-0.037,0.013,0.007,125.3,87.2,121.93,54.303493,-5.583986,330865.09
139257.0,18.03,101517.58,113.96,-9.845,-0.045,-0.302,-0.039,-0.003,0.015,139.024,87.006,122.036,54.303493,-5.583986,330865.09
139506.0,18.03,101517.91,113.93,-9.752,0.096,-0.417,-0.042,0.01,0.011,139.979,87.182,122.305,54.303493,-5.583986,330865.09
139759.0,18.03,101518.48,113.88,-9.725,-0.081,-0.448,-0.034,0.001,0.015,101.647,87.075,122.434,54.303493,-5.583986,330865.09
140003.0,18.03,101518.16,113.91,-9.73,0.299,-0.517,-0.037,0.011,0.015,126.044,87.201,122.728,54.303493,-5.583986,330865.09
140253.0,18.04,101517.92,113.93,-9.725,0.053,-0.723,-0.035,0.001,0.014,144.271,87.011,122.85,54.303493,-5.583986,330865.09
140503.0,18.04,101517.59,113.95,-9.792,0.12,-0.314,-0.038,0.01,0.015,142.994,87.249,123.11,54.303493,-5.583986,330865.09
140756.0,18.04,101517.27,113.98,-9.723,0.031,-0.278,-0.046,-0.001,0.013,135.7,86.916,123.23,54.303493,-5.583986,330865.09
141005.0,18.04,101516.67,114.03,-9.742,0.273,-0.424,-0.035,0.015,0.017,125.768,87.432,123.463,54.303493,-5.583986,330865.09
141258.0,18.04,101516.59,114.04,-9.809,0.223,-0.393,-0.006,-0.01,0.007,141.382,87.072,123.64,54.303493,-5.583986,330865.09
141507.0,18.04,101516.77,114.02,-9.79,0.005,-0.359,-0.029,0.013,0.01,134.799,87.365,123.758,54.303493,-5.583986,330865.09
141755.0,18.04,101516.59,114.04,-9.728,0.251,-0.285,-0.044,-0.001,0.009,128.49,87.078,124.008,54.303493,-5.583986,330865.09
142004.0,18.04,101517.17,113.99,-9.78,0.034,-0.369,-0.03,0.007,0.015,149.333,87.208,124.151,54.303493,-5.583986,330865.09
142258.0,18.04,101517.82,113.94,-9.732,0.187,-0.373,-0.037,0.008,0.012,155.398,87.254,124.368,54.303493,-5.583986,330865.09
142507.0,18.04,101518.31,113.9,-9.699,0.196,-0.563,-0.054,0.005,0.022,148.61,87.285,124.553,54.303493,-5.583986,330865.09
142755.0,18.05,101518.53,113.88,-9.876,0.144,-0.34,-0.022,0.001,0.01,153.936,87.159,124.774,54.303493,-5.583986,330865.09
143004.0,18.05,101518.3,113.9,-9.754,0.11,-0.455,-0.058,0.011,0.017,142.758,87.27,124.941,54.303493,-5.583986,330865.09
143255.0,18.05,101518.12,113.91,-9.658,0.194,-0.522,-0.03,0.004,0.009,150.733,87.194,125.144,54.303493,-5.583986,330865.09
143505.0,18.05,101518.45,113.88,-9.756,0.141,-0.491,-0.037,0.007,0.019,146.765,87.318,125.321,54.303493,-5.583986,330865.09
143758.0,18.05,101518.12,113.91,-9.768,0.12,-0.464,-0.03,0.001,0.009,153.788,87.132,125.503,54.303493,-5.583986,330865.09
144007.0,18.05,101518.95,113.84,-9.764,0.158,-0.395,-0.045,0.005,0.018,160.642,87.257,125.696,54.303493,-5.583986,330865.09
144256.0,18.05,101519.93,113.76,-9.737,0.129,-0.476,-0.034,0.005,0.012,159.571,87.304,125.897,54.303493,-5.583986,330865.09
144506.0,18.06,101519.98,113.76,-9.735,0.153,-0.441,-0.035,0.011,0.018,161.512,87.398,126.095,54.303493,-5.583986,330865.09
144759.0,18.06,101520.08,113.75,-9.778,0.129,-0.448,-0.037,0.003,0.015,161.19,87.228,126.314,54.303493,-5.583986,330865.09
145008.0,18.06,101519.27,113.82,-9.761,0.206,-0.441,-0.032,0.004,0.012,161.524,87.223,126.494,54.303493,-5.583986,330865.09
145254.0,18.06,101519.67,113.78,-9.699,0.256,-0.584,-0.037,0.001,0.013,156.559,87.179,126.705,54.303493,-5.583986,330865.09
145503.0,18.06,101520.0,113.75,-9.759,0.17,-0.402,-0.025,0.009,0.008,157.95,87.285,126.871,54.303493,-5.583986,330865.09
145757.0,18.06,101521.19,113.66,-9.756,0.117,-0.39,-0.037,-0.006,0.017,163.293,86.971,127.08,54.303493,-5.583986,330865.09
146006.0,18.07,101522.26,113.57,-9.764,0.113,-0.263,-0.035,0.013,0.009,156.902,87.409,127.259,54.303493,-5.583986,330865.09
146303.0,18.07,101522.34,113.56,-9.723,0.132,-0.412,-0.054,-0.004,0.021,160.833,87.275,127.507,54.303493,-5.583986,330865.09
146507.0,18.07,101521.7,113.61,-9.759,0.065,-0.441,-0.034,0.01,0.011,156.652,87.436,127.666,54.303493,-5.583986,330865.09
146754.0,18.07,101520.39,113.72,-9.735,0.254,-0.491,-0.065,-0.006,0.025,163.421,87.016,127.893,54.303493,-5.583986,330865.09
147003.0,18.07,101519.41,113.8,-9.72,0.261,-0.457,-0.024,0.012,0.003,155.324,87.316,128.047,54.303493,-5.583986,330865.09
147255.0,18.07,101518.92,113.84,-9.634,0.172,-0.821,-0.12,0.01,0.041,94.63,86.983,128.275,54.303493,-5.583986,330865.09
147505.0,18.07,101518.01,113.92,-9.883,0.383,-1.046,-0.13,0.025,0.013,90.017,86.937,128.473,54.303493,-5.583986,330865.09
147758.0,18.07,101517.93,113.93,-9.668,0.261,-0.637,-0.049,0.01,0.019,83.166,86.916,128.724,54.303493,-5.583986,330865.09
148007.0,18.07,101516.3,114.06,-9.783,0.077,-0.359,-0.001,0.007,0.0,105.356,87.05,128.904,54.303493,-5.583986,330865.09
148255.0,18.08,101516.88,114.01,-9.85,0.122,-0.086,-0.056,0.005,0.018,62.035,87.149,129.086,54.303493,-5.583986,330865.09
148505.0,18.08,101516.72,114.03,-9.787,-0.096,-0.148,-0.035,-0.005,0.013,103.222,86.972,129.304,54.303493,-5.583986,330865.09
148758.0,18.08,101515.25,114.15,-9.814,-0.045,0.005,-0.047,0.015,0.019,60.417,87.263,129.496,54.303493,-5.583986,330865.09
149007.0,18.08,101515.95,114.09,-9.761,-0.146,0.127,-0.024,0.026,0.014,67.826,86.998,129.701,54.303493,-5.583986,330865.09
149255.0,18.08,101516.38,114.06,-9.649,0.172,-0.297,-0.045,0.02,0.013,72.448,86.649,129.885,54.303493,-5.583986,330865.09
149505.0,18.08,101516.86,114.02,-9.725,0.354,-0.445,-0.015,0.009,0.014,98.27,86.889,130.111,54.303493,-5.583986,330865.09
149758.0,18.08,101516.38,114.06,-9.766,0.199,-0.476,-0.014,0.002,0.008,108.131,86.884,130.291,54.303493,-5.583986,330865.09
150007.0,18.08,101514.74,114.19,-9.74,0.122,-0.369,-0.033,0.004,0.003,94.77,86.904,130.509,54.303493,-5.583986,330865.09
150256.0,18.08,101514.66,114.2,-9.787,-0.065,0.022,-0.023,-0.016,0.016,68.536,87.067,130.596,54.303493,-5.583986,330865.09
150505.0,18.08,101514.66,114.2,-9.804,0.01,-0.12,-0.041,-0.002,0.013,90.418,86.755,130.877,54.303493,-5.583986,330865.09
150758.0,18.09,101515.41,114.14,-9.723,0.055,-0.163,-0.027,0.006,0.011,88.789,87.052,131.04,54.303493,-5.583986,330865.09
151007.0,18.09,101516.11,114.08,-9.759,0.199,-0.405,-0.031,0.011,0.02,90.063,87.347,131.237,54.303493,-5.583986,330865.09
151253.0,18.09,101516.44,114.05,-9.716,0.227,-0.56,-0.039,0.016,0.011,121.91,87.094,131.439,54.303493,-5.583986,330865.09
151508.0,18.09,101517.34,113.97,-9.742,0.204,-0.649,-0.032,0.005,0.014,122.96,87.083,131.634,54.303493,-5.583986,330865.09
151755.0,18.09,101517.75,113.94,-9.728,0.271,-0.618,-0.036,-0.003,0.01,144.079,87.048,131.863,54.303493,-5.583986,330865.09
152004.0,18.09,101518.08,113.91,-9.768,0.06,-0.448,-0.031,0.004,0.013,150.737,87.217,132.012,54.303493,-5.583986,330865.09
152253.0,18.1,101519.11,113.83,-9.761,0.129,-0.292,-0.039,0.0,0.012,156.009,87.243,132.225,54.303493,-5.583986,330865.09
152508.0,18.1,101519.92,113.76,-9.766,0.084,-0.333,-0.038,0.013,0.013,158.654,87.437,132.387,54.303493,-5.583986,330865.09
152756.0,18.1,101520.83,113.69,-9.742,0.227,-0.663,-0.041,0.004,0.016,161.111,87.185,132.61,54.303493,-5.583988,330865.03
153005.0,18.1,101521.23,113.65,-9.732,0.16,-0.606,-0.034,0.007,0.013,160.606,87.23,132.784,54.303493,-5.583988,330865.03
153256.0,18.1,101520.8,113.69,-9.728,0.294,-0.467,-0.044,0.004,0.014,161.089,87.086,133.008,54.303493,-5.583988,330865.03
153505.0,18.11,101520.73,113.69,-9.766,0.077,-0.529,-0.035,0.0,0.013,161.663,87.091,133.149,54.303493,-5.583988,330865.03
153758.0,18.11,101519.91,113.76,-9.78,0.074,-0.204,-0.035,0.009,0.012,160.307,87.234,133.411,54.303493,-5.58399,330864.94
154007.0,18.11,101519.52,113.8,-9.778,-0.036,-0.457,-0.035,0.003,0.019,99.316,87.12,133.572,54.303493,-5.58399,330864.94
154315.0,18.11,101519.25,113.82,-9.74,0.103,-0.467,-0.028,0.012,0.005,125.6,87.166,133.791,54.303493,-5.58399,330864.94
154508.0,18.11,101518.05,113.92,-9.713,0.249,-0.555,-0.036,0.001,0.019,108.523,86.999,133.941,54.303493,-5.58399,330864.94
154756.0,18.11,101517.89,113.93,-9.732,0.275,-0.409,-0.024,0.011,0.005,132.959,87.219,134.142,54.303493,-5.58399,330864.94
155005.0,18.11,101518.92,113.84,-9.759,0.067,-0.596,-0.043,-0.002,0.021,118.073,87.03,134.309,54.303493,-5.58399,330864.94
155255.0,18.11,101519.41,113.8,-9.744,0.199,-0.376,-0.029,0.017,0.004,135.384,87.163,134.542,54.303493,-5.58399,330864.94
155504.0,18.11,101518.92,113.84,-9.725,0.182,-0.675,-0.032,-0.004,0.02,155.268,86.982,134.698,54.303493,-5.58399,330864.94
155757.0,18.11,101518.43,113.88,-9.744,0.184,-0.373,-0.028,0.009,0.007,153.647,87.205,134.912,54.303493,-5.58399,330864.94
156006.0,18.11,101518.52,113.88,-9.752,0.101,-0.481,-0.043,0.001,0.02,162.16,87.081,135.096,54.303493,-5.58399,330864.94
156253.0,18.11,101517.54,113.96,-9.744,0.172,-0.366,-0.033,0.01,0.007,157.624,87.272,135.308,54.303493,-5.58399,330864.94
156508.0,18.12,101517.79,113.94,-9.744,0.175,-0.407,-0.042,0.0,0.022,138.789,87.138,135.506,54.303493,-5.58399,330864.94
156756.0,18.12,101517.62,113.95,-9.718,0.321,-0.658,-0.038,0.017,0.007,146.524,87.283,135.727,54.303493,-5.583988,330865.03
157005.0,18.12,101517.39,113.97,-9.749,0.141,-0.587,-0.034,-0.005,0.018,159.124,87.006,135.9,54.303493,-5.583988,330865.03
157255.0,18.12,101517.77,113.94,-9.747,0.117,-0.484,-0.031,0.01,0.007,155.586,87.362,136.099,54.303493,-5.583988,330865.03
157505.0,18.12,101517.44,113.97,-9.759,0.096,-0.426,-0.036,-0.005,0.019,162.784,87.043,136.285,54.303493,-5.583988,330865.03
157758.0,18.12,101517.44,113.97,-9.732,0.124,-0.496,-0.029,0.016,0.006,156.348,87.358,136.47,54.303493,-5.583988,330865.03
158007.0,18.12,101518.51,113.88,-9.735,0.187,-0.493,-0.041,-0.004,0.019,162.692,86.974,136.679,54.303493,-5.583988,330865.03
158254.0,18.13,101519.41,113.8,-9.807,0.043,-0.481,-0.037,0.016,0.01,155.697,87.445,136.849,54.303493,-5.583988,330865.03
158504.0,18.13,101519.41,113.8,-9.74,0.211,-0.33,-0.031,-0.007,0.014,160.468,86.961,137.084,54.303493,-5.583988,330865.03
158757.0,18.13,101519.62,113.79,-9.756,0.031,-0.419,-0.034,0.017,0.013,159.629,87.381,137.228,54.303493,-5.583988,330865.03
159006.0,18.13,101519.46,113.8,-9.766,0.215,-0.373,-0.034,-0.005,0.015,157.741,86.991,137.491,54.303493,-5.583988,330865.03
159255.0,18.13,101519.39,113.81,-9.73,0.045,-0.57,-0.034,0.02,0.014,155.514,87.397,137.64,54.303493,-5.583988,330865.03
159505.0,18.13,101519.23,113.82,-9.728,0.182,-0.496,-0.035,-0.004,0.013,157.78,86.941,137.889,54.303493,-5.583988,330865.03
159758.0,18.13,101518.66,113.87,-9.732,0.086,-0.656,-0.042,0.014,0.015,159.087,87.3,138.025,54.303493,-5.583988,330865.03
160007.0,18.13,101518.5,113.88,-9.694,0.237,-0.402,-0.033,-0.009,0.013,160.453,86.964,138.259,54.303493,-5.583988,330865.03
160254.0,18.14,101519.38,113.81,-9.797,0.069,-0.453,-0.005,0.01,0.005,157.276,87.431,138.361,54.303493,-5.583988,330865.03
160503.0,18.14,101520.19,113.74,-9.728,0.309,-0.204,0.03,-0.025,0.001,155.259,86.97,138.396,54.303493,-5.583988,330865.03
160756.0,18.14,101519.05,113.83,-9.809,0.136,-0.532,-0.02,0.008,0.008,97.987,87.184,138.465,54.303493,-5.583988,330865.03
161005.0,18.14,101519.45,113.8,-9.78,0.045,-0.441,-0.098,-0.005,0.023,104.51,87.098,138.699,54.303493,-5.583988,330865.03
161255.0,18.14,101520.52,113.71,-9.756,0.364,-0.699,-0.01,0.005,0.023,109.983,87.365,139.11,54.303493,-5.583988,330865.03
161505.0,18.14,101521.17,113.66,-9.759,0.153,-0.493,0.001,0.01,-0.018,137.162,87.238,139.092,54.303493,-5.583988,330865.03
161758.0,18.14,101521.5,113.63,-9.756,-0.871,-0.393,-0.021,0.005,0.018,49.854,86.797,138.798,54.303493,-5.583988,330865.03
162007.0,18.14,101522.07,113.58,-9.747,0.043,-0.457,-0.059,0.001,0.013,62.907,86.839,139.19,54.303493,-5.583988,330865.03
162332.0,18.14,101521.09,113.66,-9.778,-0.098,-0.642,0.067,0.001,-0.001,10.948,87.154,139.238,54.303493,-5.583988,330865.03
162508.0,18.14,101520.77,113.69,-9.759,0.091,-0.486,-0.204,-0.011,0.026,22.755,86.994,139.474,54.303493,-5.583988,330865.03
162755.0,18.15,101520.34,113.73,-9.74,0.045,-0.369,-0.201,0.026,0.053,14.89,87.499,140.101,54.303493,-5.583988,330865.03
163005.0,18.15,101519.69,113.78,-9.711,0.153,-0.12,-0.086,0.005,0.027,38.759,86.841,140.443,54.303493,-5.583988,330865.03
163255.0,18.15,101519.77,113.77,-9.742,0.072,-0.275,-0.041,0.004,0.016,85.009,86.988,140.655,54.303493,-5.583988,330865.03
163504.0,18.15,101519.86,113.77,-9.749,0.134,-0.419,-0.039,0.011,0.015,119.309,87.256,140.866,54.303493,-5.583988,330865.03
163757.0,18.15,101519.38,113.81,-9.759,0.139,-0.474,-0.034,0.003,0.015,145.104,87.15,141.055,54.303493,-5.583988,330865.03
164007.0,18.15,101519.59,113.79,-9.768,0.079,-0.373,-0.029,0.013,0.013,154.367,87.32,141.234,54.303493,-5.583988,330865.03
164253.0,18.16,101519.03,113.84,-9.732,0.215,-0.565,-0.03,0.009,0.014,157.962,87.169,141.441,54.303493,-5.583988,330865.03
164508.0,18.16,101518.05,113.92,-9.732,0.156,-0.594,-0.044,0.008,0.013,158.862,87.214,141.653,54.303493,-5.583988,330865.03
164756.0,18.16,101518.7,113.86,-9.735,0.196,-0.436,-0.039,-0.001,0.014,161.192,87.148,141.858,54.303493,-5.583986,330865.09
165005.0,18.16,101519.52,113.8,-9.771,0.151,-0.316,-0.019,0.002,0.007,159.043,87.194,142.017,54.303493,-5.583986,330865.09
165255.0,18.16,101519.92,113.76,-9.699,0.177,-0.417,0.116,0.01,-0.017,153.947,87.299,141.927,54.303493,-5.583986,330865.09
165504.0,18.16,101520.25,113.73,-9.744,0.223,-0.484,-0.158,0.013,0.021,81.265,86.915,141.717,54.303493,-5.583986,330865.09
165757.0,18.16,101520.31,113.73,-9.723,0.026,-0.424,-0.05,0.005,0.029,25.866,87.07,142.055,54.303493,-5.583982,330865.28
166006.0,18.16,101520.14,113.74,-9.768,0.457,-0.663,-0.309,0.015,0.076,13.128,87.237,142.789,54.303493,-5.583982,330865.28
166258.0,18.16,101520.56,113.71,-9.783,-0.156,-0.464,-0.106,0.023,0.016,42.002,86.864,142.908,54.303493,-5.583982,330865.28
166507.0,18.16,101520.89,113.68,-9.673,0.11,-0.702,-0.013,0.011,0.009,74.227,86.932,143.165,54.303493,-5.583982,330865.28
166755.0,18.16,101520.72,113.7,-9.792,-0.045,-0.467,-0.111,0.013,0.036,87.177,87.196,143.353,54.303493,-5.583982,330865.28
167004.0,18.17,101521.62,113.62,-9.716,0.069,-0.007,-0.076,0.004,0.028,86.231,87.031,143.601,54.303493,-5.583982,330865.28
167265.0,18.17,101521.45,113.63,-9.737,0.115,-0.575,-0.04,0.018,0.01,119.278,87.241,143.815,54.303493,-5.583982,330865.28
167503.0,18.17,101520.64,113.7,-9.718,0.18,-0.539,-0.026,0.002,0.015,133.941,87.071,143.998,54.303493,-5.583982,330865.28
167756.0,18.17,101520.7,113.7,-9.771,0.139,-0.443,-0.03,0.006,0.01,148.608,87.228,144.224,54.303493,-5.583982,330865.28
168005.0,18.17,101520.17,113.74,-9.761,0.089,-0.414,-0.026,0.0,0.014,158.03,87.119,144.399,54.303493,-5.583982,330865.28
168268.0,18.17,101520.26,113.73,-9.728,0.194,-0.527,-0.03,0.008,0.007,157.146,87.303,144.598,54.303493,-5.583982,330865.28
168506.0,18.18,101521.16,113.66,-9.749,0.096,-0.467,-0.028,0.002,0.015,162.935,87.166,144.746,54.303493,-5.583982,330865.28
168759.0,18.18,101520.18,113.74,-9.749,0.165,-0.493,-0.033,0.006,0.01,160.844,87.214,144.983,54.303501,-5.583982,330865.97
169008.0,18.18,101518.55,113.88,-9.759,0.01,-0.314,-0.037,0.01,0.018,144.647,87.288,145.14,54.303501,-5.583982,330865.97
169274.0,18.18,101518.72,113.86,-9.73,0.232,-0.622,-0.029,0.012,0.009,150.917,87.262,145.376,54.303501,-5.583982,330865.97
169506.0,18.18,101520.72,113.7,-9.737,0.12,-0.395,0.041,-0.002,-0.005,157.395,87.085,145.422,54.303501,-5.583982,330865.97
169760.0,18.18,101521.05,113.67,-9.711,0.141,-0.496,-0.001,0.013,-0.014,161.906,87.279,145.297,54.303501,-5.583982,330865.97
170003.0,18.18,101520.89,113.68,-9.716,-0.256,-0.661,-0.115,0.003,0.02,64.168,86.946,145.316,54.303501,-5.583982,330865.97
170314.0,18.18,101521.79,113.61,-9.79,0.232,-0.644,0.037,0.015,0.003,68.767,87.39,145.553,54.303501,-5.583982,330865.97
170507.0,18.18,101522.36,113.56,-9.742,0.156,-0.385,-0.093,0.006,0.022,33.989,87.132,145.594,54.303501,-5.583982,330865.97
171314.0,18.19,101522.09,113.58,-9.706,0.024,-0.45,-0.083,0.01,0.021,102.991,87.536,146.622,54.303501,-5.583982,330865.97
171507.0,18.19,101521.6,113.64,-9.764,-0.005,-0.563,-0.212,-0.014,0.026,93.099,87.111,146.899,54.303501,-5.583982,330865.97
171754.0,18.19,101521.44,113.64,-9.723,0.381,-1.022,-0.102,0.018,0.024,74.845,87.198,147.231,54.303501,-5.583982,330865.97
172003.0,18.19,101521.37,113.64,-9.73,0.247,-0.268,-0.037,0.011,0.004,111.689,87.1,147.375,54.303501,-5.583982,330865.97
172261.0,18.19,101522.18,113.57,-9.84,0.177,-0.589,0.106,-0.01,-0.001,108.234,87.142,147.382,54.303501,-5.583982,330865.97
172505.0,18.19,101521.85,113.6,-9.785,0.065,-0.345,-0.184,0.008,0.002,134.051,87.19,147.382,54.303501,-5.583982,330865.97
172758.0,18.19,101521.12,113.66,-9.811,0.029,-0.505,-0.013,0.02,0.017,47.318,87.431,147.501,54.303501,-5.583982,330865.97
173008.0,18.19,101520.8,113.69,-9.79,-0.144,-0.192,-0.171,0.003,0.067,0.507,87.146,148.042,54.303501,-5.583982,330865.97
173268.0,18.19,101520.7,113.7,-9.759,0.314,-0.417,-0.031,-0.01,0.022,26.483,86.925,148.471,54.303501,-5.583982,330865.97
173506.0,18.19,101520.53,113.71,-9.797,0.105,-0.153,-0.028,-0.01,0.01,76.857,86.936,148.597,54.303501,-5.583982,330865.97
173759.0,18.19,101520.53,113.71,-9.742,0.18,-0.493,-0.052,0.007,0.019,124.712,87.176,148.867,54.303501,-5.583982,330865.97
174008.0,18.2,101521.59,113.62,-9.787,0.053,-0.287,-0.023,-0.002,0.007,145.96,87.037,149.028,54.303501,-5.583982,330865.97
174271.0,18.2,101522.25,113.57,-9.752,0.23,-0.584,-0.036,0.012,0.017,156.382,87.352,149.237,54.303501,-5.583982,330865.97
174504.0,18.2,101522.83,113.52,-9.754,0.105,-0.342,-0.034,-0.003,0.014,159.858,87.119,149.418,54.303501,-5.583982,330865.97
174757.0,18.2,101522.66,113.53,-9.742,0.136,-0.476,-0.031,0.008,0.017,161.984,87.33,149.642,54.303501,-5.583983,330865.88
175006.0,18.2,101522.75,113.53,-9.773,0.177,-0.407,-0.039,0.004,0.012,160.709,87.153,149.839,54.303501,-5.583983,330865.88
175277.0,18.2,101522.09,113.58,-9.73,0.204,-0.615,-0.039,0.009,0.016,162.585,87.341,150.057,54.303501,-5.583983,330865.88
175504.0,18.2,101522.31,113.56,-9.735,0.175,-0.587,-0.034,0.002,0.01,161.332,87.156,150.218,54.303501,-5.583983,330865.88
175758.0,18.21,101522.41,113.56,-9.761,0.163,-0.658,-0.047,0.009,0.018,164.153,87.241,150.408,54.303501,-5.583983,330865.88
176007.0,18.21,101521.91,113.6,-9.735,0.139,-0.529,-0.031,0.002,0.009,161.1,87.126,150.615,54.303501,-5.583983,330865.88
176285.0,18.21,101522.16,113.58,-9.754,0.115,-0.441,-0.048,0.007,0.017,163.167,87.276,150.821,54.303501,-5.583983,330865.88
176506.0,18.21,101522.38,113.56,-9.744,0.129,-0.424,-0.028,0.006,0.01,161.73,87.232,150.983,54.303501,-5.583983,330865.88
176759.0,18.21,101522.38,113.56,-9.756,0.098,-0.414,-0.038,0.004,0.017,164.109,87.204,151.184,54.303501,-5.583983,330865.88
177003.0,18.21,101522.05,113.59,-9.759,0.101,-0.405,-0.033,0.007,0.011,161.686,87.26,151.379,54.303501,-5.583983,330865.88
177286.0,18.21,101522.3,113.56,-9.735,0.175,-0.453,-0.039,0.003,0.017,163.716,87.203,151.597,54.303501,-5.583983,330865.88
177507.0,18.21,101522.14,113.58,-9.752,0.124,-0.453,-0.033,0.009,0.01,161.336,87.238,151.776,54.303501,-5.583983,330865.88
177755.0,18.22,101522.06,113.58,-9.749,0.124,-0.493,-0.007,0.001,0.011,163.338,87.123,151.935,54.303501,-5.583983,330865.88
178004.0,18.22,101522.45,113.55,-9.723,0.065,-0.486,-0.018,0.011,0.012,162.757,87.285,152.148,54.303501,-5.583983,330865.88
178324.0,18.22,101521.47,113.63,-9.776,0.06,-0.371,-0.039,0.007,0.016,164.086,87.249,152.431,54.303501,-5.583983,330865.88
178506.0,18.22,101520.66,113.7,-9.744,0.215,-0.63,-0.039,0.006,0.014,162.887,87.182,152.585,54.303501,-5.583983,330865.88
178760.0,18.22,101520.42,113.72,-9.759,0.201,-0.505,-0.039,0.006,0.013,161.396,87.205,152.793,54.303501,-5.583983,330865.88
179003.0,18.22,101520.75,113.69,-9.754,0.089,-0.419,-0.03,-0.001,0.011,163.078,87.094,152.971,54.303501,-5.583983,330865.88
179323.0,18.22,101521.16,113.66,-9.74,0.187,-0.51,-0.038,0.009,0.014,162.319,87.244,153.22,54.303501,-5.583983,330865.88
179505.0,18.22,101521.48,113.63,-9.74,0.141,-0.543,-0.033,0.006,0.011,162.314,87.198,153.353,54.303501,-5.583983,330865.88
179759.0,18.22,101521.97,113.59,-9.768,0.101,-0.433,-0.026,0.008,0.013,162.542,87.314,153.525,54.303501,-5.583983,330865.88
180008.0,18.23,101522.03,113.59,-9.728,0.103,-0.448,-0.023,0.001,0.011,161.755,87.163,153.755,54.303501,-5.583983,330865.88
180276.0,18.23,101521.86,113.6,-9.737,0.12,-0.45,-0.034,0.01,0.015,161.973,87.32,153.946,54.303501,-5.583983,330865.88
180503.0,18.23,101521.7,113.61,-9.747,0.132,-0.572,-0.038,0.002,0.012,162.142,87.071,154.139,54.303501,-5.583983,330865.88
180757.0,18.23,101521.21,113.65,-9.742,0.081,-0.369,-0.008,0.005,0.008,162.162,87.25,154.27,54.303501,-5.583983,330865.88
181006.0,18.23,101521.14,113.66,-9.814,0.05,-0.515,-0.136,0.012,0.013,163.346,87.231,154.458,54.303501,-5.583983,330865.88
181281.0,18.23,101520.81,113.69,-9.823,0.005,-0.385,-0.066,0.018,0.026,139.634,87.065,154.704,54.303501,-5.583983,330865.88
181508.0,18.23,101520.57,113.71,-9.778,0.062,-0.625,-0.037,-0.003,0.008,139.673,86.782,154.983,54.303501,-5.583983,330865.88
181756.0,18.23,101519.77,113.77,-9.72,0.031,-0.364,-0.023,0.006,0.01,148.802,87.146,155.096,54.303501,-5.583983,330865.88
182005.0,18.23,101518.78,113.86,-9.776,0.091,-0.474,-0.038,0.001,0.017,158.676,87.101,155.368,54.303501,-5.583983,330865.88
182286.0,18.23,101519.11,113.83,-9.728,0.098,-0.565,-0.03,0.013,0.012,159.23,87.236,155.529,54.303501,-5.583983,330865.88
182507.0,18.23,101518.88,113.85,-9.747,0.237,-0.498,-0.055,0.007,0.021,162.32,87.13,155.773,54.303501,-5.583983,330865.88
182755.0,18.24,101518.77,113.86,-9.752,0.098,-0.457,-0.028,0.009,0.009,160.74,87.238,155.901,54.303501,-5.583983,330865.88
183004.0,18.24,101518.27,113.9,-9.732,0.223,-0.567,-0.037,0.006,0.018,163.723,87.221,156.126,54.303501,-5.583983,330865.88
183291.0,18.24,101518.44,113.88,-9.766,0.055,-0.393,-0.034,0.008,0.011,161.044,87.282,156.315,54.303501,-5.583983,330865.88
183507.0,18.24,101518.52,113.88,-9.737,0.196,-0.522,-0.038,0.003,0.018,163.484,87.184,156.531,54.303501,-5.583983,330865.88
183754.0,18.24,101517.8,113.94,-9.764,0.086,-0.405,-0.032,0.008,0.009,160.347,87.251,156.686,54.303501,-5.583982,330865.97
184003.0,18.24,101517.3,113.98,-9.735,0.177,-0.469,-0.037,0.003,0.02,164.072,87.172,156.926,54.303501,-5.583982,330865.97
184299.0,18.24,101518.34,113.89,-9.737,0.086,-0.486,-0.043,0.008,0.011,159.435,87.266,157.13,54.303501,-5.583982,330865.97
184503.0,18.24,101519.16,113.82,-9.742,0.122,-0.488,-0.035,0.002,0.015,162.411,87.19,157.306,54.303501,-5.583982,330865.97
184756.0,18.25,101520.22,113.74,-9.742,0.081,-0.508,-0.029,0.006,0.009,160.543,87.199,157.478,54.303501,-5.583982,330865.97
185005.0,18.25,101519.73,113.79,-9.737,0.139,-0.532,-0.039,-0.003,0.019,164.493,87.075,157.719,54.303501,-5.583982,330865.97
185302.0,18.25,101517.78,113.98,-9.756,0.151,-0.484,-0.036,0.01,0.014,159.447,87.234,158.006,54.303501,-5.583982,330865.97
185506.0,18.25,101516.31,114.06,-9.706,0.261,-0.646,-0.046,0.01,0.02,161.924,87.205,158.219,54.303501,-5.583982,330865.97
185759.0,18.25,101515.59,114.12,-9.689,0.256,-0.493,-0.015,0.002,0.007,158.113,87.142,158.402,54.303501,-5.583982,330865.97
186003.0,18.25,101514.77,114.19,-9.771,0.23,-0.579,-0.043,0.002,0.019,162.357,87.201,158.595,54.303501,-5.583982,330865.97
186345.0,18.25,101514.66,114.2,-9.685,0.201,-0.558,-0.024,0.002,0.014,158.712,87.099,158.866,54.303501,-5.583982,330865.97
186504.0,18.25,101514.91,114.18,-9.718,0.146,-0.462,-0.036,0.01,0.015,160.002,87.144,159.0,54.303501,-5.583982,330865.97
186757.0,18.25,101514.59,114.2,-9.704,0.211,-0.603,-0.03,0.003,0.017,161.471,87.183,159.208,54.303501,-5.58398,330866.0
187006.0,18.25,101514.75,114.19,-9.754,0.318,-0.539,-0.038,0.007,0.009,158.645,87.159,159.388,54.303501,-5.58398,330866.0
187314.0,18.26,101513.86,114.26,-9.756,0.136,-0.436,-0.037,0.006,0.018,146.082,87.214,159.618,54.303501,-5.58398,330866.0
187506.0,18.26,101514.41,114.22,-9.737,0.16,-0.402,-0.034,0.008,0.011,151.57,87.207,159.775,54.303501,-5.58398,330866.0
187760.0,18.26,101514.24,114.23,-9.771,0.103,-0.441,-0.041,0.005,0.012,158.009,87.189,159.932,54.303501,-5.58398,330866.0
188003.0,18.26,101513.59,114.29,-9.737,0.244,-0.486,-0.029,0.011,0.013,156.498,87.292,160.168,54.303501,-5.58398,330866.0
188352.0,18.26,101512.7,114.36,-9.687,0.46,-0.886,-0.044,0.002,0.019,161.868,87.019,160.453,54.303501,-5.58398,330866.0
188506.0,18.26,101512.05,114.41,-9.771,-0.084,-0.024,-0.028,-0.001,0.012,131.148,86.97,160.596,54.303501,-5.58398,330866.0
188759.0,18.26,101512.3,114.39,-9.843,-0.213,0.019,-0.034,0.01,0.016,84.297,86.905,160.762,54.303501,-5.58398,330866.0
189008.0,18.26,101511.97,114.42,-9.776,0.204,-0.345,-0.027,0.016,0.017,95.321,87.096,160.993,54.303501,-5.58398,330866.0
189299.0,18.27,101511.57,114.45,-9.821,0.05,-0.232,-0.05,-0.003,0.013,87.888,87.045,161.154,54.303501,-5.58398,330866.0
189503.0,18.27,101511.8,114.44,-9.689,0.34,-0.692,-0.034,0.009,0.013,120.724,87.22,161.344,54.303501,-5.58398,330866.0
189757.0,18.27,101512.11,114.41,-9.742,0.215,-0.627,-0.041,-0.005,0.013,144.89,86.954,161.508,54.303501,-5.58398,330866.0
190006.0,18.27,101511.72,114.44,-9.783,0.151,-0.18,-0.033,0.007,0.011,148.492,87.267,161.73,54.303501,-5.58398,330866.0
190255.0,18.27,101512.45,114.38,-9.799,0.012,-0.294,-0.038,0.002,0.016,158.421,87.148,161.888,54.303501,-5.58398,330866.0
190505.0,18.27,101513.1,114.33,-9.685,0.28,-0.484,-0.036,0.014,0.011,153.944,87.369,162.119,54.303501,-5.58398,330866.0
190758.0,18.28,101513.48,114.3,-9.73,0.156,-0.663,-0.033,-0.001,0.019,155.198,87.094,162.279,54.303501,-5.58398,330866.0
191007.0,18.28,101513.64,114.28,-9.773,0.211,-0.409,-0.035,0.012,0.008,153.126,87.319,162.488,54.303501,-5.58398,330866.0
191256.0,18.28,101514.55,114.21,-9.73,0.17,-0.625,-0.032,-0.004,0.018,161.085,86.999,162.666,54.303501,-5.58398,330866.0
191508.0,18.28,101515.77,114.11,-9.713,0.196,-0.436,-0.039,0.011,0.009,156.818,87.229,162.861,54.303501,-5.58398,330866.0
191756.0,18.28,101516.1,114.08,-9.742,0.136,-0.352,-0.03,0.001,0.016,161.779,87.14,163.046,54.303501,-5.58398,330866.0
192005.0,18.28,101516.8,114.02,-9.776,0.129,-0.273,-0.026,0.011,0.01,157.687,87.3,163.24,54.303501,-5.58398,330866.0
192254.0,18.28,101516.64,114.03,-9.737,0.175,-0.527,-0.033,0.005,0.017,161.797,87.205,163.438,54.303501,-5.58398,330866.0
192508.0,18.29,101516.89,114.01,-9.708,0.163,-0.587,-0.025,0.005,0.007,157.598,87.177,163.658,54.303501,-5.58398,330866.0
192756.0,18.29,101515.91,114.09,-9.756,0.122,-0.453,-0.043,-0.003,0.018,161.493,87.095,163.843,54.303501,-5.58398,330866.0
193005.0,18.29,101515.19,114.15,-9.756,0.11,-0.285,-0.04,0.007,0.014,158.53,87.201,164.06,54.303501,-5.58398,330866.0
193254.0,18.29,101514.79,114.19,-9.78,0.187,-0.345,-0.028,0.0,0.021,152.134,87.234,164.288,54.303501,-5.58398,330866.0
193505.0,18.29,101514.68,114.2,-9.776,0.105,-0.517,-0.04,0.013,0.009,153.894,87.373,164.424,54.303501,-5.58398,330866.0
193759.0,18.29,101513.54,114.29,-9.708,0.287,-0.668,-0.043,0.003,0.018,145.197,87.142,164.688,54.303501,-5.583978,330866.09
194008.0,18.3,101513.79,114.27,-9.72,0.115,-0.438,-0.03,0.002,0.006,151.218,87.162,164.811,54.303501,-5.583978,330866.09
194257.0,18.3,101514.61,114.2,-9.761,0.244,-0.371,-0.048,0.008,0.02,159.52,87.239,165.041,54.303501,-5.583978,330866.09
194503.0,18.3,101515.51,114.13,-9.744,0.163,-0.297,-0.03,0.004,0.007,156.875,87.241,165.184,54.303501,-5.583978,330866.09
194757.0,18.3,101515.34,114.14,-9.766,0.17,-0.508,-0.035,0.009,0.022,159.483,87.292,165.386,54.303501,-5.583978,330866.09
195006.0,18.3,101515.67,114.11,-9.718,0.158,-0.524,-0.032,0.009,0.006,156.93,87.184,165.571,54.303501,-5.583978,330866.09
195255.0,18.3,101516.7,114.03,-9.742,0.194,-0.599,-0.038,0.004,0.024,164.074,87.242,165.797,54.303501,-5.583978,330866.09
195506.0,18.3,101517.77,113.94,-9.761,0.259,-0.522,-0.027,0.006,-0.002,155.748,87.105,165.986,54.303501,-5.583978,330866.09
195759.0,18.3,101517.61,113.95,-9.742,0.108,-0.491,-0.038,0.002,0.029,120.836,87.111,166.141,54.303501,-5.583978,330866.09
196008.0,18.3,101517.44,113.97,-9.725,0.201,-0.5,-0.03,0.013,0.005,137.908,87.182,166.393,54.303501,-5.583978,330866.09
196257.0,18.31,101517.2,113.99,-9.74,0.275,-0.702,-0.032,-0.002,0.025,128.023,87.135,166.573,54.303501,-5.583978,330866.09
196503.0,18.31,101516.72,114.03,-9.744,0.158,-0.723,-0.035,0.007,0.004,138.743,87.016,166.713,54.303501,-5.583978,330866.09
196756.0,18.31,101516.23,114.07,-9.747,0.196,-0.536,-0.048,-0.001,0.022,134.584,87.031,166.942,54.303501,-5.583976,330866.16
197005.0,18.31,101515.95,114.09,-9.732,0.065,-0.338,-0.027,0.006,0.004,143.792,87.112,167.12,54.303501,-5.583976,330866.16
197255.0,18.31,101514.98,114.17,-9.764,0.053,-0.316,-0.044,-0.006,0.024,145.49,87.056,167.329,54.303501,-5.583976,330866.16
197506.0,18.31,101513.84,114.27,-9.764,0.17,-0.4,-0.027,0.013,0.008,147.271,87.252,167.565,54.303501,-5.583976,330866.16
197760.0,18.31,101513.27,114.31,-9.768,0.141,-0.464,-0.041,0.004,0.019,138.748,87.16,167.723,54.303509,-5.583976,330866.84
198003.0,18.31,101513.11,114.33,-9.704,0.29,-0.725,-0.031,0.013,0.007,146.662,87.252,167.935,54.303509,-5.583976,330866.84
198258.0,18.31,101514.34,114.22,-9.718,0.273,-0.512,-0.044,0.003,0.018,115.474,87.113,168.09,54.303509,-5.583976,330866.84
198507.0,18.31,101514.98,114.17,-9.718,0.22,-0.622,-0.025,0.007,0.003,134.822,87.064,168.298,54.303509,-5.583976,330866.84
198755.0,18.31,101515.48,114.13,-9.766,0.124,-0.304,-0.024,-0.001,0.012,142.841,87.08,168.447,54.303509,-5.583976,330866.84
199004.0,18.31,101515.8,114.1,-9.74,0.153,-0.496,-0.051,0.01,0.015,152.505,87.244,168.649,54.303509,-5.583976,330866.84
199253.0,18.32,101515.53,114.13,-9.754,0.196,-0.409,-0.045,0.002,0.021,158.935,87.162,168.904,54.303509,-5.583976,330866.84
199505.0,18.32,101515.78,114.1,-9.711,0.084,-0.541,-0.043,0.005,0.014,159.505,87.157,169.089,54.303509,-5.583976,330866.84
199758.0,18.32,101515.45,114.13,-9.723,0.251,-0.321,-0.031,0.012,0.015,156.811,87.277,169.345,54.303509,-5.583976,330866.84
200007.0,18.32,101514.89,114.18,-9.725,0.144,-0.508,-0.029,0.001,0.009,158.88,87.085,169.49,54.303509,-5.583976,330866.84
200257.0,18.32,101513.43,114.3,-9.74,0.192,-0.431,-0.024,0.013,0.015,158.099,87.35,169.709,54.303509,-5.583976,330866.84
200505.0,18.32,101512.28,114.39,-9.725,0.196,-0.639,-0.027,-0.003,0.015,160.252,87.059,169.913,54.303509,-5.583976,330866.84
200758.0,18.32,101511.88,114.43,-9.754,0.129,-0.52,-0.045,0.012,0.011,157.568,87.288,170.102,54.303509,-5.583976,330866.84
201007.0,18.32,101512.05,114.41,-9.661,0.357,-0.711,-0.039,0.0,0.016,153.561,87.054,170.367,54.303509,-5.583976,330866.84
201257.0,18.33,101511.61,114.45,-9.785,-0.005,-0.261,-0.03,-0.001,0.012,126.859,87.209,170.496,54.303509,-5.583976,330866.84
201504.0,18.33,101511.7,114.44,-9.835,0.158,-0.321,-0.062,0.011,0.018,123.64,87.153,170.781,54.303509,-5.583976,330866.84
201757.0,18.33,101512.03,114.42,-9.716,0.146,-0.474,-0.041,0.015,0.006,124.289,87.236,170.863,54.303509,-5.583976,330866.84
202006.0,18.33,101513.58,114.29,-9.673,0.323,-0.606,-0.031,0.001,0.02,131.454,87.162,171.079,54.303509,-5.583976,330866.84
202255.0,18.33,101513.96,114.26,-9.747,0.201,-0.532,-0.024,0.007,0.004,144.716,87.206,171.25,54.303509,-5.583976,330866.84
202505.0,18.33,101513.96,114.26,-9.785,0.093,-0.455,-0.039,0.002,0.019,134.733,87.185,171.439,54.303509,-5.583976,330866.84
202758.0,18.33,101513.8,114.27,-9.725,0.141,-0.369,-0.029,0.01,0.009,146.506,87.274,171.656,54.303509,-5.583976,330866.84
203007.0,18.33,101513.63,114.28,-9.732,0.153,-0.429,-0.031,0.001,0.016,156.611,87.184,171.845,54.303509,-5.583976,330866.84
203257.0,18.33,101513.39,114.3,-9.752,0.192,-0.488,-0.037,0.009,0.01,156.337,87.299,172.046,54.303509,-5.583976,330866.84
203506.0,18.34,101513.0,114.34,-9.713,0.249,-0.412,-0.037,-0.003,0.019,159.175,87.133,172.298,54.303509,-5.583976,330866.84
203760.0,18.34,101512.5,114.38,-9.768,0.134,-0.409,-0.011,0.005,0.007,154.879,87.27,172.5,54.303509,-5.583976,330866.84
204003.0,18.34,101512.02,114.42,-9.773,0.072,-0.385,-0.044,0.001,0.023,116.249,87.161,172.677,54.303509,-5.583976,330866.84
204258.0,18.34,101511.26,114.48,-9.728,0.29,-0.675,-0.034,0.011,0.013,137.115,87.31,172.948,54.303509,-5.583976,330866.84
204505.0,18.34,101510.53,114.54,-9.773,0.194,-0.407,-0.031,-0.007,0.02,122.973,87.191,173.129,54.303509,-5.583976,330866.84
204759.0,18.34,101509.39,114.63,-9.752,0.194,-0.438,-0.026,0.009,-0.002,129.274,87.21,173.363,54.303509,-5.583976,330866.84
205008.0,18.34,101509.16,114.65,-9.716,-0.038,-0.338,-0.041,-0.001,0.024,92.86,87.008,173.532,54.303509,-5.583976,330866.84
205257.0,18.34,101508.83,114.68,-9.852,-0.098,-0.096,-0.04,0.016,0.005,97.37,87.201,173.762,54.303509,-5.583976,330866.84
205503.0,18.35,101509.41,114.63,-9.68,0.227,-0.572,-0.031,0.001,0.022,91.296,87.154,173.931,54.303509,-5.583976,330866.84
205756.0,18.35,101510.38,114.55,-9.756,0.189,-0.46,-0.023,0.015,0.01,127.023,87.384,174.111,54.303509,-5.583975,330866.91
206006.0,18.35,101510.55,114.54,-9.716,0.366,-0.627,-0.044,0.006,0.017,118.197,87.064,174.337,54.303509,-5.583975,330866.91
206255.0,18.35,101511.58,114.45,-9.701,0.247,-0.541,-0.018,0.005,0.005,134.335,87.181,174.502,54.303509,-5.583975,330866.91
206503.0,18.35,101511.9,114.43,-9.776,0.113,-0.366,-0.042,-0.002,0.021,106.013,87.138,174.677,54.303509,-5.583975,330866.91
206756.0,18.35,101511.98,114.42,-9.756,0.168,-0.347,-0.022,-0.001,0.001,130.978,86.991,174.898,54.303509,-5.583975,330866.91
207005.0,18.35,101512.64,114.37,-9.754,0.115,-0.536,-0.059,0.015,0.025,77.457,87.314,175.009,54.303509,-5.583975,330866.91
207254.0,18.35,101511.98,114.42,-9.73,0.385,-0.534,-0.008,-0.004,0.003,120.048,86.928,175.284,54.303509,-5.583975,330866.91
207505.0,18.35,101512.4,114.39,-9.778,0.077,-0.735,-0.047,0.011,0.023,91.628,87.122,175.384,54.303509,-5.583975,330866.91
207758.0,18.35,101512.73,114.36,-9.718,0.321,-0.476,-0.031,-0.003,0.005,126.182,86.84,175.695,54.303509,-5.583975,330866.91
208007.0,18.35,101512.89,114.34,-9.783,-0.072,-0.512,-0.055,0.019,0.027,42.119,87.299,175.74,54.303509,-5.583975,330866.91
208256.0,18.36,101512.95,114.34,-9.718,0.431,-0.524,-0.031,-0.001,0.008,104.438,86.861,176.09,54.303509,-5.583975,330866.91
208505.0,18.36,101513.84,114.27,-9.744,-0.041,-0.515,-0.013,0.008,0.009,68.738,87.105,176.064,54.303509,-5.583975,330866.91
208758.0,18.36,101514.17,114.24,-9.742,0.323,-0.591,-0.027,0.005,0.012,68.621,87.01,176.41,54.303509,-5.583975,330866.91
209007.0,18.36,101514.26,114.23,-9.756,-0.007,-0.443,-0.041,0.005,0.012,111.647,87.065,176.516,54.303509,-5.583975,330866.91
209256.0,18.36,101514.42,114.22,-9.711,0.156,-0.587,-0.034,0.007,0.014,121.917,87.135,176.766,54.303509,-5.583975,330866.91
209506.0,18.36,101515.12,114.16,-9.766,0.168,-0.484,-0.036,-0.002,0.013,142.936,87.11,176.934,54.303509,-5.583975,330866.91
209760.0,18.36,101514.97,114.17,-9.725,0.201,-0.62,-0.035,0.01,0.014,153.397,87.282,177.154,54.303509,-5.583975,330866.91
210003.0,18.36,101514.31,114.21,-9.797,0.218,-0.323,-0.039,0.004,0.013,147.45,87.105,177.364,54.303509,-5.583975,330866.91
210258.0,18.37,101514.23,114.23,-9.744,0.022,-0.457,-0.043,0.004,0.011,140.326,87.08,177.55,54.303509,-5.583975,330866.91
210503.0,18.37,101514.33,114.23,-9.74,0.084,-0.29,-0.03,0.007,0.013,139.413,87.238,177.774,54.303509,-5.583975,330866.91
210756.0,18.37,101513.67,114.28,-9.759,0.113,-0.634,-0.043,0.005,0.019,130.11,87.208,177.929,54.303509,-5.583975,330866.91
211005.0,18.37,101513.19,114.31,-9.766,0.196,-0.366,-0.039,0.008,0.015,147.023,87.201,178.171,54.303509,-5.583975,330866.91
211255.0,18.37,101513.41,114.3,-9.723,0.151,-0.582,-0.033,0.0,0.021,125.11,87.236,178.363,54.303509,-5.583975,330866.91
211508.0,18.37,101513.23,114.32,-9.823,0.175,-0.46,-0.03,-0.003,0.011,141.935,87.074,178.575,54.303509,-5.583975,330866.91
211756.0,18.37,101513.16,114.32,-9.682,0.172,-0.692,-0.034,0.005,0.022,155.466,87.122,178.841,54.303509,-5.583975,330866.91
212005.0,18.37,101511.7,114.44,-9.831,0.081,-0.278,-0.018,-0.007,0.006,153.789,86.951,179.082,54.303509,-5.583975,330866.91
212254.0,18.37,101510.72,114.52,-9.706,0.148,-0.522,-0.042,0.011,0.021,135.063,87.363,179.272,54.303509,-5.583975,330866.91
212505.0,18.38,101510.32,114.56,-9.768,0.175,-0.091,-0.04,-0.002,0.01,143.756,87.176,179.498,54.303509,-5.583975,330866.91
212759.0,18.38,101508.85,114.68,-9.718,0.196,-0.419,-0.052,0.011,0.024,143.903,87.377,179.667,54.303509,-5.583975,330866.91
213008.0,18.38,101508.85,114.68,-9.723,0.376,-0.984,-0.035,0.003,0.005,141.886,86.86,179.882,54.303509,-5.583975,330866.91
213257.0,18.38,101508.78,114.68,-9.804,-0.081,-1.537,0.017,0.023,0.012,107.908,86.719,180.037,54.303509,-5.583975,330866.91
213505.0,18.38,101509.0,114.67,-9.867,0.122,-0.68,-0.02,-0.025,0.005,106.506,86.475,180.276,54.303509,-5.583975,330866.91
213758.0,18.38,101508.5,114.71,-9.79,0.01,-0.39,-0.035,0.017,0.015,115.381,87.08,180.437,54.303509,-5.583975,330866.91
214007.0,18.38,101506.88,114.84,-9.756,0.189,-0.259,-0.044,-0.016,0.015,126.886,86.57,180.686,54.303509,-5.583975,330866.91
214256.0,18.38,101506.8,114.85,-9.742,0.144,-0.196,-0.04,0.023,0.016,113.355,87.205,180.82,54.303509,-5.583975,330866.91
214504.0,18.38,101507.78,114.77,-9.749,0.445,-0.369,-0.027,-0.001,0.007,132.037,86.883,181.048,54.303509,-5.583975,330866.91
214758.0,18.38,101509.41,114.63,-9.728,0.215,-0.536,-0.032,0.019,0.015,109.749,87.302,181.208,54.303509,-5.583975,330866.91
215007.0,18.39,101509.66,114.61,-9.783,0.096,-0.316,-0.031,0.0,0.007,135.542,87.02,181.415,54.303509,-5.583975,330866.91
215256.0,18.39,101509.33,114.64,-9.682,0.172,-0.754,-0.032,0.019,0.021,122.016,87.385,181.581,54.303509,-5.583975,330866.91
215506.0,18.39,101509.33,114.64,-9.692,0.29,-0.613,-0.027,0.0,0.013,130.017,87.058,181.777,54.303509,-5.583975,330866.91
215759.0,18.39,101509.5,114.63,-9.838,0.127,-0.397,-0.046,0.007,0.02,115.745,87.273,181.992,54.303509,-5.583975,330866.91
216003.0,18.39,101510.31,114.56,-9.618,0.347,-0.706,-0.033,0.008,0.011,133.888,87.043,182.165,54.303509,-5.583975,330866.91
216258.0,18.39,101511.34,114.47,-9.787,0.168,-0.33,-0.038,0.0,0.014,141.653,87.259,182.376,54.303509,-5.583975,330866.91
216504.0,18.39,101512.73,114.36,-9.773,0.105,-0.304,-0.043,0.013,0.015,126.797,87.176,182.507,54.303509,-5.583975,330866.91
216757.0,18.39,101512.89,114.34,-9.72,0.338,-0.29,-0.051,0.008,0.007,139.726,87.037,182.743,54.303509,-5.583975,330866.91
217006.0,18.39,101513.63,114.28,-9.692,0.194,-0.484,-0.033,0.014,0.015,151.126,87.256,182.89,54.303509,-5.583975,330866.91
217255.0,18.39,101513.8,114.27,-9.759,0.175,-0.441,-0.039,0.005,0.017,154.657,87.189,183.137,54.303509,-5.583975,330866.91
217505.0,18.4,101513.36,114.31,-9.713,0.199,-0.649,-0.034,0.008,0.015,155.718,87.128,183.341,54.303509,-5.583975,330866.91
217759.0,18.4,101513.2,114.32,-9.74,0.115,-0.594,-0.049,0.001,0.016,156.967,87.066,183.515,54.303509,-5.583975,330866.91
218008.0,18.4,101514.1,114.24,-9.752,0.213,-0.429,-0.037,0.004,0.008,153.955,87.008,183.705,54.303509,-5.583975,330866.91
218257.0,18.4,101513.61,114.28,-9.756,0.122,-0.168,-0.041,0.008,0.023,159.974,87.296,183.89,54.303509,-5.583975,330866.91
218505.0,18.4,101513.45,114.3,-9.768,0.187,-0.249,-0.024,-0.005,0.007,157.237,87.021,184.1,54.303509,-5.583975,330866.91
218759.0,18.4,101513.12,114.33,-9.78,0.105,-0.278,-0.039,0.016,0.015,158.843,87.38,184.237,54.303509,-5.583975,330866.91
219003.0,18.4,101513.53,114.29,-9.718,0.168,-0.651,-0.033,0.003,0.011,157.86,87.076,184.448,54.303509,-5.583975,330866.91
219257.0,18.4,101513.75,114.27,-9.689,0.23,-0.651,-0.035,0.014,0.016,158.44,87.357,184.619,54.303509,-5.583975,330866.91
219505.0,18.41,101513.84,114.27,-9.735,0.271,-0.594,-0.036,-0.003,0.01,158.54,87.137,184.834,54.303509,-5.583975,330866.91
219758.0,18.41,101513.84,114.27,-9.773,0.117,-0.453,-0.044,0.009,0.017,160.822,87.319,184.993,54.303509,-5.583975,330866.91
220007.0,18.41,101513.77,114.27,-9.74,0.235,-0.278,-0.031,-0.003,0.011,158.606,87.055,185.236,54.303509,-5.583975,330866.91
220256.0,18.41,101514.02,114.25,-9.754,0.11,-0.395,-0.035,0.014,0.017,158.977,87.37,185.388,54.303509,-5.583975,330866.91
220507.0,18.41,101513.91,114.26,-9.744,0.239,-0.457,-0.03,0.002,0.01,157.899,87.117,185.622,54.303509,-5.583975,330866.91
220755.0,18.42,101514.64,114.2,-9.73,0.079,-0.517,-0.032,0.012,0.014,159.316,87.352,185.763,54.303509,-5.583975,330866.91
221004.0,18.42,101515.55,114.12,-9.752,0.199,-0.541,-0.031,0.0,0.009,158.612,87.099,185.983,54.303509,-5.583975,330866.91
221253.0,18.42,101515.88,114.1,-9.752,0.132,-0.546,-0.038,0.008,0.018,162.012,87.311,186.136,54.303509,-5.583975,330866.91
221506.0,18.42,101516.25,114.07,-9.761,0.175,-0.388,-0.03,-0.002,0.004,160.482,87.154,186.338,54.303509,-5.583975,330866.91
221760.0,18.42,101516.09,114.08,-9.766,0.017,-0.412,-0.026,0.012,0.003,161.029,87.408,186.397,54.303509,-5.583975,330866.91
222003.0,18.42,101516.74,114.03,-9.759,0.048,-0.412,-0.052,-0.004,0.01,126.51,87.04,186.513,54.303509,-5.583975,330866.91
222258.0,18.42,101517.23,113.98,-9.759,0.096,-0.512,0.003,0.012,0.011,81.65,87.145,186.768,54.303509,-5.583975,330866.91
222503.0,18.42,101517.48,113.96,-9.749,0.242,-0.608,0.019,0.001,0.004,98.184,86.945,186.982,54.303509,-5.583975,330866.91
222756.0,18.42,101517.23,113.98,-9.773,0.017,-0.448,0.049,-0.014,0.016,107.374,86.981,187.128,54.303509,-5.583975,330866.91
223005.0,18.43,101517.73,113.94,-9.704,0.239,-0.601,0.024,-0.004,0.014,112.626,86.887,187.427,54.303509,-5.583975,330866.91
223254.0,18.43,101516.75,114.02,-9.787,0.024,-0.285,-0.05,0.013,0.013,135.745,87.276,187.581,54.303509,-5.583975,330866.91
223508.0,18.43,101516.81,114.02,-9.725,0.223,-0.575,-0.042,0.003,0.012,150.512,87.075,187.835,54.303509,-5.583975,330866.91
223756.0,18.43,101517.55,113.96,-9.716,0.057,-0.381,-0.044,0.003,0.016,152.286,87.196,187.97,54.303509,-5.583973,330866.94
224005.0,18.43,101516.98,114.0,-9.742,0.189,-0.388,-0.035,0.0,0.014,157.113,87.121,188.256,54.303509,-5.583973,330866.94
224254.0,18.43,101516.33,114.06,-9.766,0.019,-0.311,-0.028,0.009,0.011,160.993,87.285,188.372,54.303509,-5.583973,330866.94
224505.0,18.43,101516.5,114.05,-9.706,0.187,-0.618,-0.02,0.011,0.013,156.591,87.282,188.539,54.303509,-5.583973,330866.94
224758.0,18.44,101516.75,114.02,-9.771,0.05,-0.194,0.003,0.006,0.008,147.758,87.288,188.693,54.303509,-5.583975,330866.91
225007.0,18.44,101517.29,113.98,-9.747,-0.227,-0.366,-0.058,-0.012,-0.003,142.449,86.988,188.742,54.303509,-5.583975,330866.91
225256.0,18.44,101516.97,114.01,-9.701,-0.17,-0.558,0.116,0.011,-0.022,94.024,87.239,188.588,54.303509,-5.583975,330866.91
225504.0,18.44,101517.29,113.98,-9.766,0.077,-0.362,-0.043,0.01,0.008,52.456,87.193,188.823,54.303509,-5.583975,330866.91
225758.0,18.44,101517.7,113.95,-9.761,0.024,-0.429,0.005,-0.006,0.006,33.018,87.165,188.956,54.303509,-5.583976,330866.84
226007.0,18.44,101518.36,113.89,-9.761,0.074,-0.414,-0.036,0.007,0.013,44.038,87.407,189.167,54.303509,-5.583976,330866.84
226256.0,18.44,101518.44,113.88,-9.747,0.045,-0.498,-0.044,0.002,0.013,26.178,87.293,189.337,54.303509,-5.583976,330866.84
226506.0,18.45,101518.66,113.87,-9.74,0.081,-0.438,-0.029,0.007,0.014,17.56,87.41,189.561,54.303509,-5.583976,330866.84
226759.0,18.45,101518.5,113.88,-9.761,0.065,-0.45,-0.042,0.008,0.013,44.471,87.428,189.749,54.303509,-5.583976,330866.84
227008.0,18.45,101518.33,113.89,-9.74,0.11,-0.548,-0.092,0.001,0.023,13.008,87.293,189.996,54.303509,-5.583976,330866.84
227257.0,18.45,101516.54,114.04,-9.783,-0.041,-0.488,-0.144,0.018,0.042,-5.141,87.56,190.368,54.303509,-5.583976,330866.84
227505.0,18.45,101516.14,114.08,-9.735,0.089,-0.05,0.045,0.007,0.005,38.566,87.132,191.018,54.303509,-5.583976,330866.84
227759.0,18.45,101515.65,114.12,-9.735,0.096,-0.089,-0.037,0.01,0.008,70.382,87.107,191.228,54.303509,-5.583976,330866.84
228008.0,18.45,101515.58,114.12,-9.661,0.134,-0.299,-0.049,-0.017,0.027,78.585,86.914,191.404,54.303509,-5.583976,330866.84
228257.0,18.45,101514.02,114.25,-9.831,-0.093,0.053,-0.004,0.003,0.009,93.973,87.072,191.661,54.303509,-5.583976,330866.84
228506.0,18.45,101514.59,114.2,-9.809,-0.062,-0.249,-0.049,0.013,0.016,109.522,87.07,191.826,54.303509,-5.583976,330866.84
228759.0,18.45,101514.16,114.24,-9.716,0.194,-0.536,-0.035,0.014,0.017,132.123,87.215,192.056,54.303509,-5.583976,330866.84
229008.0,18.45,101513.19,114.32,-9.663,0.256,-0.8,-0.032,0.009,0.015,138.632,87.223,192.245,54.303509,-5.583976,330866.84
229257.0,18.45,101513.52,114.29,-9.754,0.172,-0.589,-0.031,0.005,0.013,151.673,87.174,192.418,54.303509,-5.583976,330866.84
229503.0,18.46,101514.25,114.23,-9.771,0.134,-0.584,-0.041,0.004,0.017,155.577,87.235,192.627,54.303509,-5.583976,330866.84
229757.0,18.46,101514.09,114.25,-9.728,0.227,-0.505,-0.044,0.009,0.013,158.016,87.213,192.838,54.303509,-5.583976,330866.84
230006.0,18.46,101514.5,114.21,-9.723,0.146,-0.51,-0.034,0.005,0.015,160.887,87.233,193.003,54.303509,-5.583976,330866.84
230255.0,18.46,101514.34,114.22,-9.771,0.129,-0.359,-0.031,0.004,0.016,160.062,87.239,193.234,54.303509,-5.583976,330866.84
230506.0,18.46,101515.31,114.14,-9.773,0.053,-0.39,-0.029,0.011,0.011,160.5,87.261,193.394,54.303509,-5.583976,330866.84
230760.0,18.46,101515.53,114.13,-9.761,0.136,-0.397,-0.033,0.009,0.012,159.402,87.269,193.611,54.303509,-5.583976,330866.84
231003.0,18.46,101516.02,114.09,-9.747,0.17,-0.5,-0.04,-0.004,0.014,162.373,87.087,193.786,54.303509,-5.583976,330866.84
231258.0,18.46,101516.02,114.09,-9.742,0.093,-0.388,-0.026,0.014,0.013,159.861,87.389,193.974,54.303509,-5.583976,330866.84
231506.0,18.46,101515.78,114.1,-9.744,0.175,-0.56,-0.039,-0.006,0.019,162.484,87.094,194.233,54.303509,-5.583976,330866.84
231760.0,18.46,101515.12,114.16,-9.783,0.136,-0.433,-0.033,0.013,0.01,157.424,87.402,194.403,54.303509,-5.583976,330866.84
232003.0,18.47,101515.7,114.11,-9.742,0.206,-0.467,-0.037,-0.001,0.019,162.698,87.079,194.614,54.303509,-5.583976,330866.84
232258.0,18.47,101515.7,114.11,-9.737,0.206,-0.594,-0.041,0.016,0.009,157.64,87.354,194.779,54.303509,-5.583976,330866.84
232503.0,18.47,101516.28,114.06,-9.687,0.259,-0.668,-0.035,0.005,0.019,162.81,87.327,194.994,54.303509,-5.583976,330866.84
232756.0,18.47,101516.12,114.08,-9.747,0.163,-0.409,-0.031,0.0,0.006,158.161,87.241,195.18,54.303509,-5.583978,330866.75
233005.0,18.47,101515.3,114.15,-9.766,0.077,-0.397,-0.043,0.004,0.019,163.694,87.245,195.381,54.303509,-5.583978,330866.75
233254.0,18.47,101514.7,114.19,-9.761,0.132,-0.239,-0.037,0.008,0.011,159.464,87.302,195.586,54.303509,-5.583978,330866.75
233506.0,18.47,101513.89,114.26,-9.725,0.184,-0.567,-0.052,0.009,0.023,145.302,87.313,195.793,54.303509,-5.583978,330866.75
233760.0,18.47,101513.08,114.33,-9.725,0.347,-0.551,-0.026,0.004,0.01,151.001,87.214,196.062,54.303509,-5.583976,330866.84
234003.0,18.47,101511.61,114.45,-9.756,0.144,-0.476,-0.034,0.005,0.015,147.321,87.169,196.227,54.303509,-5.583976,330866.84
234258.0,18.47,101512.02,114.42,-9.74,0.117,-0.338,-0.033,0.009,0.01,152.971,87.226,196.451,54.303509,-5.583976,330866.84
234505.0,18.47,101512.19,114.4,-9.747,0.069,-0.283,-0.037,0.003,0.018,151.44,87.259,196.611,54.303509,-5.583976,330866.84
234758.0,18.48,101512.6,114.37,-9.785,0.215,-0.555,-0.037,0.011,0.013,153.824,87.279,196.851,54.303509,-5.583978,330866.75
235007.0,18.48,101513.41,114.3,-9.701,0.206,-0.69,-0.042,0.011,0.014,159.244,87.166,197.011,54.303509,-5.583978,330866.75
235257.0,18.48,101513.25,114.31,-9.708,0.242,-0.491,-0.032,-0.001,0.011,158.736,87.149,197.223,54.303509,-5.583978,330866.75
235503.0,18.48,101513.63,114.28,-9.759,0.093,-0.357,-0.043,0.0,0.014,160.297,87.085,197.39,54.303509,-5.583978,330866.75
235756.0,18.48,101514.12,114.24,-9.85,0.156,-0.371,-0.043,0.006,0.014,159.095,87.131,197.633,54.303509,-5.583976,330866.84
236006.0,18.48,101514.53,114.21,-9.771,0.122,-0.395,-0.037,0.012,0.019,126.191,87.331,197.792,54.303509,-5.583976,330866.84
236255.0,18.48,101514.46,114.21,-9.802,0.189,-0.448,-0.026,0.002,0.004,141.39,87.096,198.025,54.303509,-5.583976,330866.84
236503.0,18.49,101514.67,114.2,-9.699,0.026,-0.479,-0.04,0.01,0.019,131.646,87.3,198.147,54.303509,-5.583976,330866.84
236757.0,18.49,101514.67,114.2,-9.708,0.297,-0.429,-0.047,0.006,0.013,136.226,87.141,198.473,54.303509,-5.583976,330866.84
237006.0,18.49,101514.19,114.24,-9.74,0.074,-0.338,-0.022,-0.002,0.011,146.806,87.105,198.607,54.303509,-5.583976,330866.84
237255.0,18.49,101511.09,114.49,-9.778,0.225,-0.603,-0.029,0.014,0.017,146.576,87.379,198.86,54.303509,-5.583976,330866.84
237507.0,18.49,101511.34,114.47,-9.74,0.184,-0.575,-0.026,-0.001,0.009,154.115,87.191,199.018,54.303509,-5.583976,330866.84
237754.0,18.49,101511.99,114.42,-9.73,0.266,-0.603,-0.032,0.007,0.01,156.347,87.313,199.206,54.303509,-5.583976,330866.84
238003.0,18.49,101513.71,114.28,-9.756,0.053,-0.316,-0.029,-0.004,0.01,160.483,87.077,199.355,54.303509,-5.583976,330866.84
238258.0,18.49,101515.39,114.14,-9.768,0.11,-0.311,-0.037,0.016,0.013,159.434,87.431,199.548,54.303509,-5.583976,330866.84
238506.0,18.49,101516.05,114.08,-9.761,0.144,-0.366,-0.034,0.002,0.017,160.886,87.292,199.751,54.303509,-5.583976,330866.84
238759.0,18.49,101516.05,114.1,-9.725,0.17,-0.675,-0.039,0.015,0.013,158.616,87.412,199.954,54.303509,-5.583976,330866.84
239003.0,18.49,101515.55,114.12,-9.735,0.168,-0.546,-0.032,0.001,0.015,161.467,87.184,200.129,54.303509,-5.583976,330866.84
239258.0,18.5,101516.13,114.08,-9.735,0.201,-0.587,-0.042,0.008,0.017,161.399,87.316,200.341,54.303509,-5.583976,330866.84
239504.0,18.5,101516.46,114.05,-9.737,0.134,-0.45,-0.028,-0.002,0.012,161.908,87.141,200.514,54.303509,-5.583976,330866.84
239757.0,18.5,101516.78,114.02,-9.776,0.113,-0.376,-0.043,0.014,0.024,164.263,87.483,200.775,54.303509,-5.583976,330866.84
240006.0,18.5,101516.22,114.07,-9.759,0.163,-0.45,-0.032,-0.001,0.001,158.325,87.006,200.955,54.303509,-5.583976,330866.84
240255.0,18.5,101515.73,114.11,-9.692,0.156,-0.587,-0.036,0.011,0.023,124.322,87.337,201.108,54.303509,-5.583976,330866.84
240504.0,18.5,101515.33,114.14,-9.742,0.287,-0.5,-0.031,0.0,0.007,139.639,87.114,201.348,54.303509,-5.583976,330866.84
240758.0,18.5,101515.22,114.15,-9.766,0.081,-0.505,-0.037,0.003,0.021,151.191,87.198,201.489,54.303509,-5.583975,330866.91
241007.0,18.5,101514.57,114.21,-9.747,0.057,-0.196,-0.03,0.003,0.003,152.247,87.09,201.757,54.303509,-5.583975,330866.91
241256.0,18.51,101515.14,114.16,-9.778,0.014,-0.318,-0.026,-0.001,0.017,101.453,87.123,201.835,54.303509,-5.583975,330866.91
241507.0,18.51,101514.41,114.22,-9.725,0.239,-0.342,-0.045,0.014,0.014,114.221,87.218,202.122,54.303509,-5.583975,330866.91
241755.0,18.51,101514.74,114.19,-9.735,0.081,-0.536,-0.027,0.0,0.015,143.964,87.002,202.255,54.303509,-5.583978,330866.75
242004.0,18.51,101515.61,114.12,-9.742,0.23,-0.448,-0.042,0.017,0.014,150.036,87.347,202.51,54.303509,-5.583978,330866.75
242253.0,18.51,101514.91,114.18,-9.732,0.196,-0.644,-0.042,-0.005,0.016,159.236,87.05,202.674,54.303509,-5.583978,330866.75
242505.0,18.51,101514.64,114.19,-9.732,0.175,-0.342,-0.027,0.017,0.011,158.255,87.25,202.896,54.303509,-5.583978,330866.75
242758.0,18.51,101514.96,114.17,-9.787,0.089,-0.474,-0.034,-0.005,0.014,162.205,86.954,203.082,54.303509,-5.58398,330866.69
243007.0,18.51,101515.61,114.12,-9.749,0.201,-0.632,-0.042,0.022,0.015,159.126,87.479,203.304,54.303509,-5.58398,330866.69
243257.0,18.51,101516.52,114.04,-9.72,0.177,-0.594,-0.022,-0.013,0.015,162.264,86.95,203.503,54.303509,-5.58398,330866.69
243507.0,18.51,101516.02,114.1,-9.74,0.247,-0.613,-0.059,0.024,0.014,157.385,87.216,203.755,54.303509,-5.58398,330866.69
243755.0,18.52,101515.3,114.15,-9.747,0.132,-0.503,-0.03,-0.013,0.01,154.151,86.809,203.933,54.303509,-5.58398,330866.69
244004.0,18.52,101514.0,114.25,-9.73,0.101,-0.314,-0.024,0.01,0.015,148.883,87.371,204.152,54.303509,-5.58398,330866.69
244253.0,18.52,101514.0,114.25,-9.732,0.187,-0.493,-0.043,-0.003,0.015,156.896,86.958,204.362,54.303509,-5.58398,330866.69
244507.0,18.52,101513.08,114.33,-9.749,0.081,-0.419,-0.033,0.022,0.014,154.418,87.544,204.546,54.303509,-5.58398,330866.69
244760.0,18.52,101511.86,114.43,-9.728,0.182,-0.548,-0.029,-0.004,0.011,159.45,87.028,204.703,54.303509,-5.58398,330866.69
245003.0,18.52,101511.86,114.43,-9.749,0.146,-0.529,-0.048,0.013,0.022,161.813,87.396,204.9,54.303509,-5.58398,330866.69
245258.0,18.52,101511.2,114.48,-9.708,0.278,-0.541,-0.013,-0.01,0.013,159.471,87.058,205.141,54.303509,-5.58398,330866.69
245506.0,18.52,101510.97,114.5,-9.847,0.074,-0.503,-0.055,0.02,0.013,145.084,87.199,205.324,54.303509,-5.58398,330866.69
245759.0,18.52,101511.3,114.48,-9.634,0.223,-0.591,-0.032,0.001,0.011,145.623,86.958,205.517,54.303509,-5.58398,330866.69
246008.0,18.53,101508.77,114.69,-9.692,0.314,-0.702,-0.043,0.01,0.02,140.809,87.26,205.731,54.303509,-5.58398,330866.69
246257.0,18.53,101507.8,114.77,-9.661,0.347,-0.505,-0.022,0.003,0.011,149.367,87.127,205.957,54.303509,-5.58398,330866.69
246508.0,18.53,101508.5,114.71,-9.807,0.026,-0.417,-0.029,0.009,0.017,137.031,87.316,206.139,54.303509,-5.58398,330866.69
246756.0,18.53,101508.27,114.73,-9.759,0.124,-0.366,-0.043,0.009,0.006,147.213,87.11,206.336,54.303509,-5.58398,330866.69
247005.0,18.53,101508.42,114.71,-9.72,0.16,-0.646,-0.038,0.01,0.021,154.118,87.241,206.501,54.303509,-5.58398,330866.69
247254.0,18.53,101508.59,114.7,-9.737,0.232,-0.46,-0.031,-0.005,0.007,154.439,87.042,206.721,54.303509,-5.58398,330866.69
247507.0,18.53,101508.91,114.67,-9.79,0.139,-0.445,-0.038,0.009,0.02,158.929,87.346,206.91,54.303509,-5.58398,330866.69
247755.0,18.53,101510.38,114.55,-9.732,0.129,-0.469,-0.029,0.005,0.006,156.804,87.103,207.116,54.303509,-5.58398,330866.69
248004.0,18.53,101510.95,114.5,-9.749,0.117,-0.481,-0.037,0.008,0.021,161.302,87.333,207.293,54.303509,-5.58398,330866.69
248253.0,18.53,101510.14,114.57,-9.778,0.242,-0.455,-0.039,0.001,0.011,159.166,87.056,207.52,54.303509,-5.58398,330866.69
248508.0,18.54,101509.7,114.61,-9.752,0.065,-0.438,-0.038,0.011,0.017,159.174,87.242,207.709,54.303509,-5.58398,330866.69
248756.0,18.54,101509.7,114.61,-9.754,0.153,-0.395,-0.029,-0.002,0.009,158.431,87.057,207.946,54.303509,-5.58398,330866.69
249005.0,18.54,101509.95,114.59,-9.752,-0.089,-0.271,-0.043,0.009,0.019,133.558,87.217,208.115,54.303509,-5.58398,330866.69
249254.0,18.54,101508.98,114.67,-9.792,0.266,-0.376,-0.041,0.002,0.015,124.592,87.116,208.406,54.303509,-5.58398,330866.69
249506.0,18.54,101508.25,114.73,-9.78,0.28,-0.541,-0.035,0.013,0.022,99.304,87.304,208.581,54.303509,-5.58398,330866.69
249759.0,18.54,101507.28,114.81,-9.828,0.101,-0.283,-0.015,-0.009,0.007,128.261,86.936,208.829,54.303509,-5.58398,330866.69
250008.0,18.54,101506.46,114.88,-9.874,-0.007,-0.385,-0.053,0.017,0.018,123.236,87.32,209.01,54.303509,-5.58398,330866.69
250257.0,18.54,101506.79,114.85,-9.68,0.12,-0.378,-0.051,0.002,0.002,141.496,86.96,209.196,54.303509,-5.58398,330866.69
250506.0,18.54,101505.38,114.97,-9.74,0.072,-0.335,-0.037,0.019,0.022,126.908,87.348,209.39,54.303509,-5.58398,330866.69
250760.0,18.54,101505.38,114.97,-9.538,0.45,-0.749,-0.002,-0.003,0.006,139.536,86.908,209.613,54.303509,-5.58398,330866.69
251004.0,18.54,101506.03,114.91,-9.953,-0.113,-0.342,-0.044,0.018,0.022,96.221,87.328,209.731,54.303509,-5.58398,330866.69
251253.0,18.54,101506.84,114.85,-9.677,0.283,-0.472,-0.034,-0.002,0.008,124.927,86.756,210.017,54.303509,-5.58398,330866.69
251503.0,18.55,101506.77,114.85,-9.689,0.053,-0.749,-0.019,0.013,0.013,114.51,86.811,210.076,54.303509,-5.58398,330866.69
251756.0,18.55,101506.93,114.84,-9.756,0.192,-0.117,-0.046,-0.014,0.018,106.994,86.611,210.376,54.303509,-5.583978,330866.75
252005.0,18.55,101507.58,114.78,-9.814,0.053,-0.062,-0.055,0.005,0.014,90.659,86.918,210.464,54.303509,-5.583978,330866.75
252254.0,18.55,101507.99,114.75,-9.771,0.417,-0.057,-0.087,0.007,0.029,66.427,86.956,210.72,54.303509,-5.583978,330866.75
252507.0,18.55,101508.16,114.74,-9.725,0.328,-0.376,-0.029,0.018,0.013,74.081,87.213,210.916,54.303509,-5.583978,330866.75
252754.0,18.55,101508.31,114.72,-9.756,0.16,-0.642,-0.029,0.006,0.018,101.785,87.114,211.071,54.303513,-5.583978,330867.09
253003.0,18.55,101509.03,114.66,-9.716,0.187,-0.587,-0.033,0.013,0.009,129.132,87.297,211.305,54.303513,-5.583978,330867.09
253253.0,18.55,101509.84,114.6,-9.785,0.072,-0.553,-0.03,-0.005,0.015,149.851,87.001,211.456,54.303513,-5.583978,330867.09
253507.0,18.55,101510.91,114.51,-9.771,0.17,-0.431,-0.046,0.014,0.011,153.961,87.333,211.683,54.303513,-5.583978,330867.09
253755.0,18.55,101510.58,114.54,-9.72,0.069,-0.333,-0.034,-0.001,0.016,159.736,87.134,211.816,54.303513,-5.583978,330867.09
254004.0,18.55,101510.09,114.58,-9.718,0.261,-0.548,-0.041,0.018,0.015,158.429,87.409,212.039,54.303513,-5.583978,330867.09
254253.0,18.56,101510.83,114.52,-9.759,0.218,-0.412,-0.02,-0.003,0.01,159.889,87.083,212.198,54.303513,-5.583978,330867.09
254503.0,18.56,101510.91,114.51,-9.754,0.192,-0.658,-0.052,0.012,0.021,161.77,87.277,212.395,54.303513,-5.583978,330867.09
254757.0,18.56,101510.09,114.58,-9.732,0.225,-0.431,-0.033,-0.002,0.011,159.19,87.038,212.625,54.303513,-5.583978,330867.09
255006.0,18.56,101510.27,114.56,-9.744,0.057,-0.56,-0.042,0.012,0.019,162.425,87.296,212.801,54.303513,-5.583978,330867.09
255255.0,18.56,101510.81,114.52,-9.754,0.201,-0.251,-0.033,-0.001,0.01,157.79,87.033,213.056,54.303513,-5.583978,330867.09
255516.0,18.56,101510.81,114.52,-9.73,0.081,-0.579,-0.037,0.012,0.017,158.66,87.376,213.226,54.303513,-5.583978,330867.09
255758.0,18.56,101511.45,114.46,-9.749,0.16,-0.263,-0.025,-0.002,0.01,156.685,87.122,213.471,54.303513,-5.583978,330867.09
256007.0,18.56,101511.55,114.46,-9.744,0.091,-0.639,-0.045,0.013,0.019,149.542,87.342,213.607,54.303513,-5.583978,330867.09
256256.0,18.56,101511.38,114.47,-9.723,0.287,-0.462,-0.03,0.002,0.011,153.507,87.138,213.856,54.303513,-5.583978,330867.09
256508.0,18.56,101510.73,114.52,-9.764,0.055,-0.572,-0.045,0.004,0.019,153.538,87.149,214.018,54.303513,-5.583978,330867.09
256756.0,18.56,101509.1,114.66,-9.807,0.22,-0.378,-0.04,0.004,0.01,152.985,87.13,214.316,54.303513,-5.583978,330867.09
257005.0,18.56,101508.94,114.67,-9.723,0.077,-0.572,-0.034,0.008,0.014,139.049,87.151,214.407,54.303513,-5.583978,330867.09
257254.0,18.57,101509.35,114.64,-9.694,0.326,-0.498,-0.043,0.008,0.014,136.858,87.144,214.689,54.303513,-5.583978,330867.09
257505.0,18.57,101508.7,114.69,-9.776,0.069,-0.443,-0.026,0.005,0.014,148.551,87.176,214.835,54.303513,-5.583978,330867.09
257758.0,18.57,101508.43,114.71,-9.783,0.22,-0.515,-0.04,0.013,0.011,153.343,87.197,215.083,54.303513,-5.583978,330867.09
258007.0,18.57,101508.27,114.73,-9.79,0.01,-0.371,-0.043,0.002,0.014,159.0,87.17,215.217,54.303513,-5.583978,330867.09
258257.0,18.57,101508.27,114.73,-9.747,0.309,-0.601,-0.048,0.013,0.013,157.508,87.23,215.471,54.303513,-5.583978,330867.09
258512.0,18.57,101509.49,114.63,-9.701,0.151,-0.565,-0.038,0.007,0.011,157.553,87.217,215.611,54.303513,-5.583978,330867.09
258754.0,18.57,101509.49,114.63,-9.778,0.208,-0.491,-0.035,0.007,0.014,153.826,87.295,215.854,54.303513,-5.583978,330867.09
259003.0,18.57,101509.49,114.63,-9.725,0.093,-0.445,-0.044,0.007,0.013,159.25,87.101,216.004,54.303513,-5.583978,330867.09
259258.0,18.57,101509.58,114.62,-9.708,0.271,-0.419,-0.035,0.015,0.014,156.861,87.338,216.258,54.303513,-5.583978,330867.09
259508.0,18.58,101508.98,114.67,-9.744,0.146,-0.488,-0.024,-0.008,0.009,158.756,87.061,216.415,54.303513,-5.583978,330867.09
259756.0,18.58,101508.17,114.74,-9.804,0.122,-0.469,-0.04,0.007,0.014,152.273,87.272,216.633,54.303513,-5.583978,330867.09
260005.0,18.58,101508.91,114.68,-9.749,0.127,-0.29,-0.039,0.01,0.011,156.11,87.159,216.815,54.303513,-5.583978,330867.09
260254.0,18.58,101508.74,114.69,-9.735,0.17,-0.491,-0.035,0.009,0.017,158.834,87.348,217.009,54.303513,-5.583978,330867.09
260505.0,18.58,101508.42,114.71,-9.776,0.184,-0.436,-0.033,0.003,0.012,159.138,87.115,217.199,54.303513,-5.583978,330867.09
260758.0,18.58,101508.67,114.69,-9.759,0.113,-0.503,-0.037,0.011,0.016,161.199,87.275,217.393,54.303513,-5.583978,330867.09
261007.0,18.58,101508.34,114.72,-9.754,0.184,-0.419,-0.034,0.002,0.009,158.446,87.091,217.61,54.303513,-5.583978,330867.09
261256.0,18.58,101508.43,114.71,-9.716,0.139,-0.599,-0.032,0.007,0.019,156.959,87.268,217.784,54.303513,-5.583978,330867.09
261504.0,18.58,101507.94,114.76,-9.742,0.182,-0.39,-0.028,-0.001,0.009,153.458,87.105,218.006,54.303513,-5.583978,330867.09
261757.0,18.58,101507.94,114.76,-9.773,0.072,-0.63,-0.046,0.006,0.019,160.693,87.21,218.159,54.303513,-5.583978,330867.09
262006.0,18.59,101508.32,114.72,-9.74,0.201,-0.328,-0.038,0.01,0.008,156.342,87.162,218.401,54.303513,-5.583978,330867.09
262255.0,18.59,101508.32,114.72,-9.756,0.098,-0.443,-0.031,0.007,0.017,161.363,87.233,218.56,54.303513,-5.583978,330867.09
262505.0,18.59,101508.73,114.69,-9.771,0.225,-0.448,-0.029,0.008,0.009,158.942,87.107,218.776,54.303513,-5.583978,330867.09
262758.0,18.59,101508.41,114.72,-9.742,0.113,-0.498,-0.03,0.0,0.018,152.737,87.099,218.964,54.303513,-5.58398,330867.03
263007.0,18.59,101507.43,114.8,-9.756,0.144,-0.405,-0.025,0.007,0.005,152.888,87.151,219.182,54.303513,-5.58398,330867.03
263257.0,18.59,101507.35,114.8,-9.747,0.077,-0.271,-0.031,-0.004,0.022,157.229,87.222,219.366,54.303513,-5.58398,330867.03
263531.0,18.59,101507.52,114.79,-9.728,0.172,-0.45,-0.027,0.007,0.008,155.021,87.215,219.596,54.303513,-5.58398,330867.03
263756.0,18.59,101508.06,114.74,-9.768,0.074,-0.314,-0.035,0.0,0.022,149.732,87.22,219.754,54.303513,-5.58398,330867.03
264005.0,18.6,101508.63,114.7,-9.78,0.192,-0.412,-0.029,0.003,0.009,150.766,87.219,219.98,54.303513,-5.58398,330867.03
264254.0,18.6,101508.8,114.68,-9.735,0.134,-0.534,-0.033,0.008,0.018,159.603,87.232,220.14,54.303513,-5.58398,330867.03
264505.0,18.6,101509.38,114.64,-9.776,0.189,-0.51,-0.028,0.011,0.007,157.267,87.163,220.346,54.303513,-5.58398,330867.03
264758.0,18.6,101509.7,114.61,-9.747,0.132,-0.582,-0.036,0.003,0.017,151.896,87.057,220.5,54.303513,-5.58398,330867.03
265007.0,18.6,101510.03,114.58,-9.723,0.17,-0.479,-0.037,0.009,0.008,153.641,87.232,220.708,54.303513,-5.58398,330867.03
265257.0,18.6,101509.54,114.62,-9.759,0.103,-0.393,-0.035,-0.001,0.02,161.713,87.143,220.873,54.303513,-5.58398,330867.03
265504.0,18.6,101509.38,114.64,-9.766,0.184,-0.445,-0.035,0.011,0.011,158.054,87.274,221.09,54.303513,-5.58398,330867.03
265757.0,18.6,101509.05,114.66,-9.73,0.192,-0.627,-0.039,0.005,0.019,163.423,87.155,221.264,54.303513,-5.58398,330867.03
266006.0,18.6,101508.07,114.74,-9.711,0.261,-0.536,-0.03,0.008,0.009,159.645,87.201,221.503,54.303513,-5.58398,330867.03
266256.0,18.6,101507.47,114.79,-9.773,0.074,-0.412,-0.027,-0.002,0.012,151.974,87.099,221.668,54.303513,-5.58398,330867.03
266535.0,18.6,101507.42,114.8,-9.747,0.194,-0.515,-0.041,0.008,0.017,155.734,87.301,221.909,54.303513,-5.58398,330867.03
266754.0,18.6,101508.45,114.71,-9.761,0.136,-0.512,-0.047,0.008,0.016,159.93,87.272,222.054,54.303513,-5.583982,330866.97
267003.0,18.6,101508.61,114.7,-9.723,0.239,-0.373,-0.029,0.009,0.015,159.77,87.305,222.301,54.303513,-5.583982,330866.97
267258.0,18.6,101508.86,114.68,-9.73,0.156,-0.611,-0.032,0.002,0.01,160.247,87.136,222.444,54.303513,-5.583982,330866.97
267504.0,18.61,101508.62,114.7,-9.749,0.029,-0.579,-0.084,0.019,0.033,157.817,87.281,222.654,54.303513,-5.583982,330866.97
267757.0,18.61,101508.3,114.73,-9.747,0.192,-0.582,-0.044,0.007,0.013,156.645,87.119,222.899,54.303513,-5.583982,330866.97
268006.0,18.61,101508.84,114.68,-9.725,0.196,-0.567,-0.039,0.011,0.021,150.506,87.296,223.109,54.303513,-5.583982,330866.97
268256.0,18.61,101508.93,114.67,-9.74,0.172,-0.462,-0.032,0.0,0.005,154.682,87.052,223.264,54.303513,-5.583982,330866.97
268505.0,18.61,101508.69,114.69,-9.792,0.122,-0.464,-0.08,0.014,0.027,150.675,87.315,223.464,54.303513,-5.583982,330866.97
268759.0,18.62,101509.59,114.62,-9.754,0.098,-0.503,-0.029,-0.001,0.011,155.519,87.033,223.675,54.303513,-5.583983,330866.91
269008.0,18.62,101510.3,114.56,-9.742,0.153,-0.395,-0.041,0.008,0.017,160.122,87.276,223.864,54.303513,-5.583983,330866.91
269257.0,18.62,101510.88,114.51,-9.742,0.244,-0.622,-0.038,0.005,0.015,160.577,87.189,224.1,54.303513,-5.583983,330866.91
269509.0,18.62,101510.95,114.5,-9.749,0.115,-0.371,-0.029,0.007,0.013,160.683,87.256,224.273,54.303513,-5.583983,330866.91
269756.0,18.62,101511.04,114.5,-9.756,0.151,-0.412,-0.034,0.004,0.014,162.422,87.212,224.46,54.303513,-5.583985,330866.84
270005.0,18.62,101511.04,114.5,-9.737,0.127,-0.33,-0.037,0.007,0.014,161.437,87.264,224.66,54.303513,-5.583985,330866.84
270255.0,18.62,101511.2,114.48,-9.752,0.172,-0.481,-0.035,0.006,0.016,162.416,87.252,224.865,54.303513,-5.583985,330866.84
270515.0,18.62,101511.94,114.42,-9.74,0.192,-0.39,-0.037,0.01,0.013,161.163,87.162,225.071,54.303513,-5.583985,330866.84
270757.0,18.63,101512.97,114.34,-9.73,0.136,-0.603,-0.035,0.003,0.018,163.872,87.13,225.264,54.303513,-5.583983,330866.91
271006.0,18.62,101512.75,114.36,-9.766,0.146,-0.385,-0.028,0.012,0.006,157.168,87.301,225.453,54.303513,-5.583983,330866.91
271255.0,18.62,101511.61,114.45,-9.744,0.151,-0.627,-0.04,0.001,0.023,164.653,87.164,225.658,54.303513,-5.583983,330866.91
271551.0,18.63,101511.83,114.43,-9.749,0.148,-0.431,-0.036,0.013,0.009,157.246,87.252,225.886,54.303513,-5.583983,330866.91
271759.0,18.63,101511.99,114.42,-9.756,-0.007,-0.438,-0.022,0.0,0.022,142.896,87.111,226.063,54.303513,-5.583985,330866.84
272008.0,18.63,101512.08,114.41,-9.744,0.11,-0.074,-0.044,0.002,0.006,140.029,87.15,226.281,54.303513,-5.583985,330866.84
272257.0,18.63,101511.1,114.49,-9.764,0.124,-0.467,-0.024,0.017,0.025,125.961,87.419,226.496,54.303513,-5.583985,330866.84
272507.0,18.63,101509.96,114.59,-9.725,0.251,-0.721,-0.037,0.008,0.007,141.504,87.015,226.686,54.303513,-5.583985,330866.84
272755.0,18.63,101509.72,114.61,-9.706,0.273,-0.852,-0.04,0.014,0.022,124.528,87.277,226.89,54.303513,-5.583985,330866.84
273004.0,18.63,101510.05,114.58,-9.72,0.244,-0.479,-0.019,-0.001,0.002,141.711,87.025,227.086,54.303513,-5.583985,330866.84
273253.0,18.63,101510.21,114.57,-9.764,0.031,-0.546,-0.039,0.004,0.019,129.33,87.241,227.233,54.303513,-5.583985,330866.84
273507.0,18.63,101509.88,114.59,-9.785,0.12,-0.314,-0.038,-0.001,0.009,140.651,87.098,227.503,54.303513,-5.583985,330866.84
273755.0,18.63,101509.72,114.61,-9.766,0.031,-0.28,-0.036,0.013,0.022,138.283,87.352,227.648,54.303513,-5.583985,330866.84
274004.0,18.63,101510.27,114.56,-9.732,0.278,-0.512,-0.032,0.004,0.006,148.485,87.121,227.887,54.303513,-5.583985,330866.84
274253.0,18.63,101510.1,114.58,-9.742,0.014,-0.496,-0.037,0.007,0.021,120.633,87.311,227.991,54.303513,-5.583985,330866.84
274544.0,18.63,101510.35,114.56,-9.744,0.189,-0.517,-0.038,-0.001,0.005,132.759,87.225,228.278,54.303513,-5.583985,330866.84
274758.0,18.63,101510.35,114.56,-9.759,0.053,-0.345,-0.022,0.011,0.011,150.635,87.428,228.349,54.303513,-5.583985,330866.84
275007.0,18.63,101510.52,114.54,-9.74,0.163,-0.594,-0.042,0.002,0.014,158.334,87.149,228.591,54.303513,-5.583985,330866.84
275256.0,18.64,101510.44,114.55,-9.728,0.014,-0.366,-0.028,0.007,0.014,161.336,87.291,228.755,54.303513,-5.583985,330866.84
275512.0,18.64,101509.79,114.6,-9.725,0.232,-0.558,-0.048,0.008,0.016,139.918,87.289,229.058,54.303513,-5.583985,330866.84
275760.0,18.64,101509.84,114.6,-9.771,0.036,-0.448,-0.035,0.004,0.012,152.553,87.278,229.194,54.303513,-5.583985,330866.84
276003.0,18.64,101509.52,114.62,-9.747,0.18,-0.448,-0.038,0.007,0.017,158.533,87.245,229.434,54.303513,-5.583985,330866.84
276258.0,18.64,101509.03,114.66,-9.754,0.105,-0.4,-0.033,0.004,0.012,159.786,87.252,229.592,54.303513,-5.583985,330866.84
276517.0,18.64,101508.7,114.69,-9.737,0.153,-0.543,-0.039,0.005,0.013,161.612,87.225,229.82,54.303513,-5.583985,330866.84
276759.0,18.64,101509.28,114.64,-9.776,0.105,-0.254,-0.03,0.009,0.013,160.752,87.345,229.991,54.303513,-5.583985,330866.84
277008.0,18.64,101508.8,114.68,-9.752,0.239,-0.575,-0.039,0.004,0.014,160.54,87.155,230.225,54.303513,-5.583985,330866.84
277257.0,18.64,101508.14,114.74,-9.735,0.115,-0.33,-0.027,0.015,0.011,155.342,87.345,230.373,54.303513,-5.583985,330866.84
277525.0,18.64,101507.97,114.75,-9.737,0.218,-0.706,-0.039,0.002,0.014,149.733,87.111,230.647,54.303513,-5.583985,330866.84
277755.0,18.64,101508.06,114.74,-9.749,0.053,-0.577,-0.029,0.008,0.013,155.006,87.29,230.771,54.303513,-5.583985,330866.84
278004.0,18.64,101507.73,114.77,-9.744,0.148,-0.579,-0.042,0.003,0.016,158.058,87.151,231.027,54.303513,-5.583985,330866.84
278254.0,18.65,101507.98,114.75,-9.732,0.204,-0.673,-0.038,0.001,0.01,158.834,87.081,231.198,54.303513,-5.583985,330866.84
278530.0,18.65,101508.36,114.72,-9.768,0.122,-0.376,-0.025,0.005,0.013,157.944,87.149,231.421,54.303513,-5.583985,330866.84
278755.0,18.65,101508.2,114.73,-9.759,-0.036,-0.194,-0.027,0.01,0.009,151.704,87.254,231.56,54.303513,-5.583985,330866.84
279004.0,18.65,101507.55,114.79,-9.72,0.251,-0.644,-0.02,0.008,0.013,144.036,87.225,231.797,54.303513,-5.583985,330866.84
279254.0,18.65,101508.05,114.75,-9.708,0.297,-0.831,-0.034,0.01,0.015,120.885,87.218,231.951,54.303513,-5.583985,330866.84
279533.0,18.65,101508.45,114.71,-9.776,0.031,-0.342,-0.033,-0.006,0.01,92.398,87.292,232.222,54.303513,-5.583985,330866.84
279758.0,18.65,101508.61,114.7,-9.792,-0.077,-0.292,-0.038,-0.004,0.008,79.373,86.939,232.34,54.303513,-5.583985,330866.84
280007.0,18.65,101508.12,114.74,-9.764,0.057,-0.096,-0.036,0.001,0.01,85.94,86.921,232.596,54.303513,-5.583985,330866.84
280257.0,18.65,101507.97,114.75,-9.787,0.022,-0.206,-0.015,0.013,0.01,125.765,87.327,232.724,54.303513,-5.583985,330866.84
280572.0,18.65,101508.55,114.7,-9.754,0.299,-0.45,-0.026,-0.003,0.007,131.9,86.994,232.992,54.303513,-5.583985,330866.84
280757.0,18.65,101508.05,114.75,-9.744,0.134,-0.579,-0.039,0.01,0.018,111.912,87.273,233.089,54.303513,-5.583985,330866.84
281006.0,18.65,101508.22,114.73,-9.728,0.268,-0.618,-0.032,0.004,0.011,121.228,87.031,233.345,54.303513,-5.583985,330866.84
281255.0,18.66,101508.27,114.73,-9.752,0.089,-0.548,-0.031,0.008,0.013,145.64,87.215,233.484,54.303513,-5.583985,330866.84
281524.0,18.66,101509.0,114.67,-9.735,0.163,-0.323,-0.034,0.001,0.011,155.21,87.103,233.743,54.303513,-5.583985,330866.84
281755.0,18.66,101509.5,114.63,-9.756,0.057,-0.381,-0.026,0.008,0.012,158.706,87.244,233.873,54.303513,-5.583985,330866.84
282004.0,18.66,101509.66,114.61,-9.764,0.189,-0.472,-0.026,0.002,0.011,150.28,87.125,234.113,54.303513,-5.583985,330866.84
282254.0,18.66,101509.75,114.6,-9.759,-0.019,-0.417,-0.039,0.008,0.015,130.58,87.231,234.269,54.303513,-5.583985,330866.84
282572.0,18.66,101509.25,114.65,-9.754,0.103,-0.584,-0.031,0.002,0.009,148.345,87.161,234.53,54.303513,-5.583985,330866.84
282757.0,18.66,101508.94,114.67,-9.744,0.182,-0.385,-0.034,0.009,0.014,154.33,87.287,234.643,54.303513,-5.583985,330866.84
283006.0,18.66,101509.31,114.64,-9.704,0.263,-0.613,-0.033,0.007,0.013,157.555,87.204,234.871,54.303513,-5.583985,330866.84
283256.0,18.67,101509.56,114.62,-9.752,0.206,-0.431,-0.026,0.006,0.012,160.313,87.161,235.036,54.303513,-5.583985,330866.84
283535.0,18.67,101509.97,114.59,-9.74,0.093,-0.627,-0.03,0.003,0.011,161.221,87.172,235.285,54.303513,-5.583985,330866.84
283755.0,18.67,101510.14,114.57,-9.759,0.069,-0.395,-0.027,0.004,0.01,161.166,87.173,235.421,54.303513,-5.583983,330866.91
284004.0,18.67,101509.66,114.61,-9.759,0.115,-0.426,-0.032,0.005,0.015,152.872,87.182,235.655,54.303513,-5.583983,330866.91
284253.0,18.67,101509.48,114.63,-9.768,0.156,-0.39,-0.042,0.008,0.014,158.645,87.222,235.803,54.303513,-5.583983,330866.91
284539.0,18.67,101509.33,114.64,-9.728,0.187,-0.589,-0.037,0.007,0.013,159.98,87.231,236.078,54.303513,-5.583983,330866.91
284758.0,18.67,101509.48,114.63,-9.754,0.098,-0.476,-0.038,-0.001,0.013,161.441,87.079,236.21,54.303513,-5.583985,330866.84
285008.0,18.67,101510.06,114.58,-9.761,0.199,-0.469,-0.042,0.008,0.015,160.181,87.214,236.449,54.303513,-5.583985,330866.84
285257.0,18.67,101510.39,114.55,-9.773,-0.005,-0.378,-0.035,0.001,0.012,154.827,87.087,236.597,54.303513,-5.583985,330866.84
285546.0,18.67,101510.28,114.56,-9.711,0.235,-0.517,-0.029,0.004,0.012,151.455,87.198,236.891,54.303513,-5.583985,330866.84
285754.0,18.67,101510.11,114.57,-9.776,0.043,-0.486,-0.035,0.003,0.01,157.27,87.122,236.997,54.303513,-5.583983,330866.91
286003.0,18.67,101509.47,114.63,-9.78,0.019,-0.409,-0.039,0.013,0.019,129.101,87.286,237.233,54.303513,-5.583983,330866.91
286253.0,18.67,101509.14,114.66,-9.749,0.093,-0.376,-0.02,0.003,0.005,134.819,87.03,237.373,54.303513,-5.583983,330866.91
286550.0,18.68,101509.72,114.61,-9.732,0.134,-0.369,-0.027,0.014,0.015,152.911,87.349,237.585,54.303513,-5.583983,330866.91
286758.0,18.68,101510.45,114.55,-9.735,0.091,-0.445,0.006,0.003,0.005,157.937,87.093,237.71,54.303513,-5.583985,330866.84
287007.0,18.68,101510.29,114.56,-9.766,0.17,-0.359,-0.143,0.026,0.005,143.804,87.324,237.711,54.303513,-5.583985,330866.84
287256.0,18.68,101510.12,114.57,-9.701,0.06,-0.582,-0.006,0.001,0.018,92.679,87.037,238.067,54.303513,-5.583985,330866.84
287556.0,18.68,101510.12,114.57,-9.768,0.204,-0.599,-0.012,0.008,0.007,128.26,87.053,238.3,54.303513,-5.583985,330866.84
287759.0,18.68,101509.97,114.59,-9.749,0.041,-0.622,0.137,-0.014,-0.004,126.463,86.835,238.251,54.303513,-5.583983,330866.91
288008.0,18.68,101510.34,114.56,-9.768,-0.182,-0.426,-0.16,0.011,0.042,72.009,87.188,238.418,54.303513,-5.583983,330866.91
288257.0,18.68,101510.67,114.53,-9.72,0.101,-0.421,0.027,0.003,0.006,110.008,87.027,238.66,54.303513,-5.583983,330866.91
288594.0,18.68,101510.44,114.55,-9.787,-0.081,-0.74,-0.34,0.028,0.044,79.257,87.37,239.043,54.303513,-5.583983,330866.91
288757.0,18.68,101510.27,114.56,-9.766,0.024,-0.711,-0.017,0.003,0.017,76.082,86.96,239.28,54.303513,-5.583985,330866.84
289006.0,18.69,101510.69,114.53,-9.711,0.165,-0.431,-0.037,0.007,0.009,120.046,87.1,239.437,54.303513,-5.583985,330866.84
289255.0,18.69,101510.69,114.53,-9.735,0.196,-0.481,-0.027,0.001,0.016,114.044,87.001,239.69,54.303513,-5.583985,330866.84
289546.0,18.69,101510.03,114.58,-9.771,0.096,-0.536,-0.032,0.009,0.014,142.86,87.259,239.897,54.303513,-5.583985,330866.84
289760.0,18.69,101509.76,114.6,-9.697,0.254,-0.596,-0.027,0.002,0.014,153.725,87.068,240.102,54.303513,-5.583983,330866.91
290003.0,18.69,101509.59,114.6,-9.527,0.268,-0.098,-0.035,0.006,0.027,100.861,87.061,240.352,54.303513,-5.583983,330866.91
290258.0,18.69,101509.84,114.6,-9.732,0.383,-0.644,-0.048,0.002,0.013,106.424,86.975,240.584,54.303513,-5.583983,330866.91
290588.0,18.69,101509.03,114.66,-9.737,0.175,-0.579,-0.03,0.004,0.015,134.615,87.114,240.822,54.303513,-5.583983,330866.91
290756.0,18.69,101509.77,114.6,-9.754,0.146,-0.462,-0.039,-0.001,0.014,146.938,87.066,240.97,54.303513,-5.583985,330866.84
291005.0,18.69,101509.77,114.6,-9.776,0.029,-0.34,-0.034,0.007,0.011,155.235,87.174,241.14,54.303513,-5.583985,330866.84
291255.0,18.7,101509.5,114.63,-9.761,0.213,-0.472,-0.033,0.011,0.014,157.277,87.291,241.358,54.303513,-5.583985,330866.84
291504.0,18.7,101509.01,114.67,-9.716,0.196,-0.991,-0.042,-0.002,0.017,158.446,86.979,241.546,54.303513,-5.583985,330866.84
291758.0,18.7,101508.84,114.68,-9.72,0.146,-0.498,-0.045,0.007,0.013,148.732,87.102,241.758,54.303513,-5.583983,330866.91
292007.0,18.7,101509.42,114.63,-9.697,0.065,-0.553,-0.041,-0.009,0.015,157.818,86.817,241.949,54.303513,-5.583983,330866.91
292256.0,18.7,101509.75,114.6,-9.764,0.17,-0.421,-0.05,0.012,0.018,125.609,87.25,242.121,54.303513,-5.583983,330866.91
292505.0,18.7,101510.23,114.56,-9.752,0.098,-0.649,-0.016,0.0,0.009,147.448,86.948,242.302,54.303513,-5.583983,330866.91
292756.0,18.7,101510.23,114.56,-9.785,0.201,-0.551,-0.058,0.009,0.022,130.873,87.27,242.528,54.303513,-5.583983,330866.91
293005.0,18.7,101510.23,114.56,-9.72,0.072,-0.723,-0.017,-0.007,0.02,152.154,87.016,242.727,54.303513,-5.583983,330866.91
293255.0,18.7,101509.58,114.62,-9.73,0.196,-0.486,-0.045,0.015,0.011,149.174,87.314,242.992,54.303513,-5.583983,330866.91
293504.0,18.7,101509.83,114.6,-9.752,0.036,-0.34,-0.04,0.005,0.017,132.172,87.051,243.184,54.303513,-5.583983,330866.91
293759.0,18.7,101509.59,114.62,-9.737,0.007,-0.06,-0.006,0.011,0.014,79.394,87.425,243.295,54.303513,-5.583983,330866.91
294008.0,18.7,101508.61,114.7,-9.74,0.105,-0.663,-0.048,0.006,0.02,112.544,87.071,243.568,54.303513,-5.583983,330866.91
294257.0,18.7,101507.8,114.77,-9.711,0.168,-0.474,-0.028,0.011,0.008,136.108,87.181,243.734,54.303513,-5.583983,330866.91
294506.0,18.7,101507.31,114.81,-9.701,0.225,-0.716,0.063,0.006,0.011,112.631,87.031,243.838,54.303513,-5.583983,330866.91
294757.0,18.7,101506.83,114.85,-9.768,0.098,-0.747,-0.027,-0.002,0.0,119.354,86.651,244.196,54.303513,-5.583983,330866.91
295006.0,18.7,101506.5,114.87,-9.768,-0.022,-0.433,-0.028,0.012,0.021,70.206,87.103,244.361,54.303513,-5.583983,330866.91
295255.0,18.71,101505.91,114.92,-9.689,0.287,-0.4,-0.042,0.014,0.011,116.088,86.996,244.622,54.303513,-5.583983,330866.91
295505.0,18.71,101505.41,114.96,-9.807,0.026,-0.503,-0.04,0.001,0.017,103.952,87.077,244.728,54.303513,-5.583983,330866.91
295759.0,18.71,101505.34,114.97,-9.744,0.393,-0.294,-0.048,0.009,0.011,126.918,87.107,244.994,54.303513,-5.583982,330866.97
296008.0,18.71,101505.09,114.99,-9.716,0.206,-0.759,-0.024,0.008,0.018,91.085,87.083,245.16,54.303513,-5.583982,330866.97
296257.0,18.71,101506.08,114.91,-9.713,0.242,-0.493,-0.007,0.012,-0.004,123.156,86.981,245.37,54.303513,-5.583982,330866.97
296506.0,18.71,101505.91,114.92,-9.752,0.007,-0.472,-0.036,-0.004,0.022,84.222,86.941,245.494,54.303513,-5.583982,330866.97
296757.0,18.71,101506.62,114.86,-9.742,0.156,-0.591,-0.041,0.013,0.005,103.532,87.12,245.691,54.303513,-5.583982,330866.97
297007.0,18.71,101506.62,114.86,-9.744,0.249,-0.45,-0.053,0.002,0.027,100.698,87.091,245.88,54.303513,-5.583982,330866.97
297256.0,18.71,101506.3,114.89,-9.778,0.105,-0.517,-0.034,0.008,0.009,131.698,87.129,246.093,54.303513,-5.583982,330866.97
297505.0,18.72,101505.56,114.95,-9.747,0.326,-0.587,-0.064,0.01,0.024,64.749,87.176,246.318,54.303513,-5.583982,330866.97
297759.0,18.72,101505.73,114.94,-9.663,0.555,-0.816,-0.036,0.015,0.01,64.09,87.089,246.503,54.303513,-5.583982,330866.97
298003.0,18.72,101505.73,114.94,-9.737,0.309,-0.637,-0.005,-0.007,0.009,71.781,86.88,246.679,54.303513,-5.583982,330866.97
298258.0,18.72,101506.22,114.9,-9.725,0.182,-0.342,-0.002,0.007,0.008,85.335,87.037,246.866,54.303513,-5.583982,330866.97
298507.0,18.72,101507.45,114.8,-9.783,-0.079,-0.366,-0.014,0.005,0.007,93.833,87.109,247.038,54.303513,-5.583982,330866.97
298758.0,18.72,101508.09,114.74,-9.785,0.189,-0.227,-0.064,0.004,0.022,74.383,87.229,247.237,54.303513,-5.583982,330866.97
299007.0,18.72,101508.42,114.71,-9.735,0.321,-0.572,-0.014,0.012,0.007,109.708,87.217,247.508,54.303513,-5.583982,330866.97
299256.0,18.72,101508.16,114.74,-9.764,-0.187,-0.366,-0.01,-0.001,0.004,87.654,86.99,247.618,54.303513,-5.583982,330866.97
299505.0,18.72,101507.66,114.78,-9.706,-0.024,-0.587,-0.042,0.007,0.017,99.71,87.137,247.874,54.303513,-5.583982,330866.97
299757.0,18.72,101507.75,114.77,-9.737,-0.019,-0.455,-0.015,-0.004,-0.002,87.511,86.81,248.035,54.303513,-5.583982,330866.97
300006.0,18.72,101507.42,114.8,-9.744,-0.01,-0.491,-0.05,0.006,0.018,86.511,87.078,248.227,54.303513,-5.583982,330866.97
300255.0,18.73,101507.67,114.78,-9.737,0.352,-0.089,-0.029,0.014,0.013,112.267,87.258,248.476,54.303513,-5.583982,330866.97
300504.0,18.73,101507.34,114.8,-9.718,0.022,-0.541,-0.024,0.004,0.02,103.551,87.103,248.605,54.303513,-5.583982,330866.97
300759.0,18.73,101507.92,114.76,-9.708,0.201,-0.51,-0.031,0.007,0.012,129.152,87.058,248.875,54.303513,-5.58398,330867.03
301008.0,18.73,101507.77,114.77,-9.694,0.206,-0.318,-0.029,0.002,0.012,148.089,87.079,249.023,54.303513,-5.58398,330867.03
301257.0,18.73,101507.59,114.78,-9.706,0.158,-0.757,-0.041,0.005,0.018,153.645,87.217,249.227,54.303513,-5.58398,330867.03
301507.0,18.73,101507.16,114.82,-9.735,0.211,-0.713,-0.077,0.012,0.026,89.32,87.15,249.47,54.303513,-5.58398,330867.03
301758.0,18.73,101505.97,114.92,-9.73,0.146,-0.654,-0.047,-0.005,0.016,100.013,86.842,249.657,54.303513,-5.58398,330867.03
302007.0,18.73,101506.02,114.91,-9.711,0.271,-0.723,-0.035,0.004,0.014,117.388,86.969,249.831,54.303513,-5.58398,330867.03
302256.0,18.73,101505.53,114.95,-9.766,0.261,-0.194,-0.03,0.008,0.013,136.922,87.172,250.037,54.303513,-5.58398,330867.03
302506.0,18.73,101505.7,114.94,-9.785,0.002,-0.263,-0.029,0.007,0.013,141.795,87.248,250.189,54.303513,-5.58398,330867.03
302755.0,18.73,101505.2,114.98,-9.706,0.172,-0.575,-0.043,0.018,0.02,125.224,87.379,250.431,54.303513,-5.583982,330866.97
303004.0,18.73,101506.11,114.91,-9.725,0.481,-1.003,-0.024,0.003,0.014,105.535,87.001,250.63,54.303513,-5.583982,330866.97
303254.0,18.73,101506.44,114.88,-9.742,0.022,-0.488,0.05,0.009,-0.003,104.04,87.228,250.72,54.303513,-5.583982,330866.97
303503.0,18.74,101507.5,114.79,-9.761,-0.024,-1.228,0.415,-0.013,-0.041,112.757,86.843,250.553,54.303513,-5.583982,330866.97
303759.0,18.74,101508.2,114.73,-9.606,0.012,-0.814,-0.562,0.029,0.053,47.704,86.733,250.94,54.303513,-5.583982,330866.97
304003.0,18.74,101508.05,114.75,-9.843,0.263,-0.826,-0.117,0.001,0.014,43.469,86.405,251.347,54.303513,-5.583982,330866.97
304258.0,18.74,101508.62,114.7,-9.752,0.206,-0.642,-0.033,0.009,0.01,57.092,86.903,251.563,54.303513,-5.583982,330866.97
304507.0,18.74,101508.45,114.71,-9.697,0.371,-0.599,-0.018,-0.001,0.014,82.349,86.838,251.886,54.303513,-5.583982,330866.97
304757.0,18.74,101508.7,114.69,-9.79,0.029,-0.362,0.01,0.005,-0.001,120.01,87.097,251.926,54.303513,-5.58398,330867.03
305006.0,18.74,101507.73,114.77,-9.735,0.486,-0.577,-0.105,-0.005,0.038,97.169,87.011,252.23,54.303513,-5.58398,330867.03
305256.0,18.75,101507.95,114.75,-9.768,0.053,-0.436,-0.022,0.005,0.003,109.758,87.082,252.296,54.303513,-5.58398,330867.03
305505.0,18.75,101508.27,114.73,-9.744,0.476,-0.464,-0.035,0.002,0.012,116.569,87.102,252.602,54.303513,-5.58398,330867.03
305755.0,18.75,101507.78,114.77,-9.73,-0.012,-0.534,0.081,0.01,0.004,84.065,87.21,252.621,54.303513,-5.58398,330867.03
306004.0,18.75,101507.45,114.79,-9.732,0.603,0.431,-0.028,-0.017,0.023,46.359,86.792,253.018,54.303513,-5.58398,330867.03
306253.0,18.75,101507.22,114.81,-9.783,0.266,-0.038,0.009,-0.007,0.0,61.259,86.704,253.199,54.303513,-5.58398,330867.03
306508.0,18.75,101506.73,114.86,-9.735,0.213,-0.347,-0.057,0.0,0.021,87.5,86.896,253.423,54.303513,-5.58398,330867.03
306759.0,18.75,101506.41,114.88,-9.735,0.077,-0.326,-0.022,0.011,0.007,113.261,87.084,253.535,54.303513,-5.58398,330867.03
307003.0,18.75,101506.66,114.86,-9.708,0.249,-0.462,-0.008,0.006,0.018,144.197,87.149,253.765,54.303513,-5.58398,330867.03
307258.0,18.75,101507.03,114.83,-9.771,0.105,-0.342,-0.027,0.006,0.007,153.44,87.148,253.901,54.303513,-5.58398,330867.03
307507.0,18.75,101507.36,114.8,-9.697,0.098,-0.479,-0.067,0.023,0.014,160.194,87.451,254.06,54.303513,-5.58398,330867.03
307758.0,18.75,101508.01,114.75,-9.708,0.163,-0.493,-0.009,-0.006,-0.001,149.838,87.21,254.131,54.303513,-5.58398,330867.03
308007.0,18.75,101507.84,114.76,-9.73,-0.163,-0.512,0.211,-0.005,-0.004,98.371,87.198,254.003,54.303513,-5.58398,330867.03
308256.0,18.76,101507.77,114.77,-9.831,-0.11,-0.529,-0.085,-0.001,0.029,37.121,87.067,254.166,54.303513,-5.58398,330867.03
308506.0,18.76,101507.28,114.81,-9.699,0.089,-0.488,0.092,0.011,0.009,81.825,87.354,254.397,54.303513,-5.58398,330867.03
308757.0,18.76,101507.69,114.78,-9.737,0.048,-0.397,-0.07,0.011,0.022,36.388,87.185,254.413,54.303513,-5.58398,330867.03
309006.0,18.76,101507.2,114.82,-9.73,0.012,-0.405,-0.091,0.012,0.017,52.549,87.299,254.699,54.303513,-5.58398,330867.03
309255.0,18.76,101507.05,114.83,-9.766,0.06,-0.541,-0.037,0.011,0.017,80.574,87.254,254.971,54.303513,-5.58398,330867.03
309504.0,18.76,101506.88,114.84,-9.735,0.038,-0.438,-0.002,0.008,0.012,128.092,87.345,255.206,54.303513,-5.58398,330867.03
309755.0,18.76,101507.3,114.81,-9.85,-0.103,-0.261,0.231,-0.007,-0.018,91.392,87.159,255.215,54.303513,-5.58398,330867.03
310004.0,18.76,101507.3,114.81,-9.776,-0.153,-0.378,0.031,0.007,0.006,19.382,87.247,255.365,54.303513,-5.58398,330867.03
310253.0,18.76,101507.94,114.76,-9.756,-0.031,-0.515,-0.04,0.005,0.016,-13.864,87.247,255.571,54.303513,-5.58398,330867.03
310508.0,18.76,101508.66,114.7,-9.737,-0.084,-0.548,-0.038,0.011,0.016,-18.107,87.418,255.764,54.303513,-5.58398,330867.03
310756.0,18.76,101508.33,114.72,-9.749,-0.014,-0.45,-0.044,0.001,0.016,-12.275,87.261,255.989,54.303513,-5.58398,330867.03
311005.0,18.76,101508.16,114.74,-9.756,0.062,-0.419,-0.026,0.003,0.011,16.761,87.336,256.195,54.303513,-5.58398,330867.03
311254.0,18.77,101509.06,114.66,-9.744,0.038,-0.33,-0.045,0.001,0.013,9.496,87.216,256.37,54.303513,-5.58398,330867.03
311503.0,18.77,101509.22,114.65,-9.737,0.026,-0.45,-0.029,0.011,0.015,2.86,87.435,256.572,54.303513,-5.58398,330867.03
311754.0,18.77,101510.29,114.56,-9.752,-0.038,-0.429,-0.028,0.001,0.011,-6.461,87.285,256.766,54.303513,-5.58398,330867.03
312003.0,18.77,101509.97,114.59,-9.773,-0.048,-0.508,-0.028,0.009,0.014,-9.409,87.402,256.959,54.303513,-5.58398,330867.03
312258.0,18.77,101509.47,114.63,-9.773,-0.05,-0.479,-0.057,0.001,0.016,-17.903,87.233,257.185,54.303513,-5.58398,330867.03
312507.0,18.77,101508.98,114.67,-9.754,0.014,-0.426,-0.055,0.011,0.014,27.155,87.384,257.429,54.303513,-5.58398,330867.03
312760.0,18.77,101509.05,114.66,-9.811,0.409,-0.788,-0.181,0.006,0.068,-28.221,87.218,257.909,54.303513,-5.58398,330867.03
313003.0,18.77,101508.97,114.67,-9.84,-0.041,-0.182,-0.124,0.027,0.039,-27.01,86.898,258.391,54.303513,-5.58398,330867.03
313258.0,18.77,101508.31,114.72,-9.706,0.366,-0.63,-0.01,-0.002,0.012,5.59,86.598,258.604,54.303513,-5.58398,330867.03
313507.0,18.78,101508.23,114.73,-9.787,0.16,-0.287,-0.02,0.013,0.009,37.279,87.032,258.791,54.303513,-5.58398,330867.03
313757.0,18.78,101508.56,114.7,-9.787,0.153,-0.541,-0.023,-0.005,0.013,34.576,86.912,259.025,54.303513,-5.58398,330867.03
314006.0,18.78,101508.23,114.73,-9.783,0.132,-0.402,-0.042,0.012,0.015,78.432,87.311,259.186,54.303513,-5.58398,330867.03
314255.0,18.78,101507.27,114.81,-9.732,0.242,-0.541,-0.039,0.001,0.015,113.861,87.0,259.389,54.303513,-5.58398,330867.03
314504.0,18.78,101507.8,114.77,-9.764,0.019,-0.436,-0.035,0.006,0.015,132.235,87.155,259.558,54.303513,-5.58398,330867.03
314760.0,18.78,101507.47,114.79,-9.68,0.46,-0.493,-0.001,0.006,0.01,120.995,87.002,259.871,54.303513,-5.58398,330867.03
315003.0,18.78,101507.64,114.78,-9.747,-0.048,-0.505,-0.026,-0.007,0.013,90.026,87.007,259.985,54.303513,-5.58398,330867.03
315258.0,18.78,101507.72,114.77,-9.797,0.247,-0.29,-0.004,0.002,0.006,68.77,87.014,260.342,54.303513,-5.58398,330867.03
315507.0,18.78,101507.08,114.83,-9.773,0.024,-0.266,-0.031,0.009,0.008,124.239,87.219,260.447,54.303513,-5.58398,330867.03
315756.0,18.78,101507.23,114.81,-9.732,0.297,-0.29,-0.121,0.022,0.003,142.447,87.237,260.612,54.303513,-5.583982,330866.97
316005.0,18.78,101508.14,114.74,-9.792,0.01,-0.431,-0.099,0.006,0.021,95.446,86.956,260.819,54.303513,-5.583982,330866.97
316255.0,18.78,101507.81,114.77,-9.711,0.048,-0.484,-0.067,0.014,0.026,67.924,87.173,261.032,54.303513,-5.583982,330866.97
316504.0,18.78,101507.97,114.75,-9.742,-0.16,-0.275,-0.011,-0.005,0.021,59.055,86.778,261.221,54.303513,-5.583982,330866.97
316758.0,18.78,101507.81,114.77,-9.79,-0.029,-0.565,-0.066,0.014,0.02,84.513,87.091,261.482,54.303513,-5.583982,330866.97
317007.0,18.79,101507.86,114.76,-9.72,0.366,-0.426,0.027,-0.007,0.006,121.319,86.706,261.736,54.303513,-5.583982,330866.97
317256.0,18.78,101506.83,114.85,-9.785,0.223,-0.206,-0.048,-0.006,0.034,45.026,86.736,261.897,54.303513,-5.583982,330866.97
317505.0,18.79,101506.08,114.91,-9.823,-0.364,-0.56,0.09,0.022,-0.02,46.842,86.841,262.143,54.303513,-5.583982,330866.97
317755.0,18.78,101505.05,114.99,-9.735,0.089,-0.517,0.028,0.0,0.002,72.216,86.736,262.409,54.303513,-5.583982,330866.97
318004.0,18.79,101505.59,114.95,-9.764,0.189,-0.541,-0.083,0.028,0.019,64.414,87.26,262.592,54.303513,-5.583982,330866.97
318253.0,18.79,101506.0,114.92,-9.72,0.235,-0.309,0.006,-0.007,0.011,86.2,86.872,262.79,54.303513,-5.583982,330866.97
318508.0,18.79,101505.75,114.94,-9.737,0.156,-0.342,-0.11,0.016,0.021,107.94,87.295,262.979,54.303513,-5.583982,330866.97
318760.0,18.79,101506.33,114.89,-9.742,0.077,-0.45,0.004,0.0,0.01,125.814,87.055,263.265,54.303513,-5.583982,330866.97
319003.0,18.79,101506.0,114.92,-9.787,-0.163,-0.192,-0.042,0.003,0.013,99.541,87.168,263.369,54.303513,-5.583982,330866.97
319258.0,18.79,101505.11,114.99,-9.785,0.223,-0.409,-0.063,0.017,0.025,78.802,87.194,263.739,54.303513,-5.583982,330866.97
319507.0,18.79,101504.12,115.07,-9.711,0.405,-0.453,-0.046,0.005,0.011,75.453,87.01,263.875,54.303513,-5.583982,330866.97
319756.0,18.79,101503.56,115.12,-9.708,0.407,-0.709,-0.04,0.013,0.014,69.155,87.14,264.09,54.303513,-5.583982,330866.97
320005.0,18.79,101503.08,115.16,-9.764,0.12,-0.558,-0.031,0.005,0.008,81.519,87.076,264.246,54.303513,-5.583982,330866.97
320255.0,18.79,101500.62,115.36,-9.704,0.134,-0.699,-0.023,0.002,0.007,98.992,86.905,264.607,54.303513,-5.583982,330866.97
320504.0,18.79,101499.33,115.47,-9.811,-0.048,-0.35,-0.041,0.009,0.016,53.454,87.05,264.7,54.303513,-5.583982,330866.97
320755.0,18.8,101498.57,115.53,-9.732,0.036,-0.747,-0.033,0.003,0.017,80.846,87.034,265.013,54.303513,-5.58398,330867.03
321004.0,18.8,101497.27,115.64,-9.701,0.266,-0.915,-0.051,0.002,0.009,62.059,86.555,265.175,54.303513,-5.58398,330867.03
321254.0,18.8,101495.31,115.8,-9.689,0.5,-0.431,-0.068,-0.005,0.022,78.879,86.622,265.47,54.303513,-5.58398,330867.03
321503.0,18.8,101492.21,116.06,-9.747,-0.034,-0.362,-0.045,0.012,0.003,64.144,86.93,265.637,54.303513,-5.58398,330867.03
321758.0,18.8,101490.58,116.19,-9.725,0.318,-0.749,-0.05,-0.006,0.014,88.353,86.784,265.866,54.303513,-5.58398,330867.03
322007.0,18.8,101490.91,116.17,-9.665,0.199,-0.551,-0.047,0.02,0.021,119.918,87.334,266.046,54.303513,-5.58398,330867.03
322257.0,18.8,101491.97,116.08,-9.84,0.084,-0.285,-0.016,-0.017,0.011,135.975,86.906,266.236,54.303513,-5.58398,330867.03
322506.0,18.8,101492.46,116.04,-9.84,0.026,-0.065,-0.035,0.011,0.013,142.941,87.276,266.416,54.303513,-5.58398,330867.03
322759.0,18.8,101492.46,116.04,-9.768,0.204,-0.364,-0.045,0.001,0.007,147.442,87.233,266.618,54.303513,-5.58398,330867.03
323003.0,18.8,101492.3,116.05,-9.689,0.208,-0.316,-0.035,0.01,0.016,153.676,87.428,266.771,54.303513,-5.58398,330867.03
323258.0,18.8,101493.69,115.94,-9.67,0.306,-0.567,-0.023,0.0,0.01,156.06,87.1,266.986,54.303513,-5.58398,330867.03
323507.0,18.8,101494.18,115.9,-9.795,0.053,-0.237,-0.023,0.008,0.014,158.238,87.351,267.129,54.303513,-5.58398,330867.03
323756.0,18.8,101494.67,115.85,-9.768,0.227,-0.615,-0.033,0.01,0.013,157.678,87.194,267.39,54.303513,-5.58398,330867.03
324005.0,18.8,101495.38,115.8,-9.744,0.105,-0.457,-0.041,0.002,0.017,126.857,87.215,267.523,54.303513,-5.58398,330867.03
324255.0,18.8,101496.68,115.69,-9.749,0.285,-0.433,-0.021,0.009,0.015,132.783,87.243,267.758,54.303513,-5.58398,330867.03
324504.0,18.81,101498.23,115.56,-9.785,0.12,-0.259,-0.029,0.009,0.01,145.835,87.263,267.902,54.303513,-5.58398,330867.03
324756.0,18.81,101499.45,115.46,-9.732,0.213,-0.589,-0.036,0.007,0.015,153.611,87.248,268.12,54.303513,-5.58398,330867.03
325005.0,18.81,101499.94,115.42,-9.711,0.16,-0.551,-0.032,0.005,0.007,154.73,87.121,268.274,54.303513,-5.58398,330867.03
325254.0,18.81,101500.59,115.36,-9.742,0.259,-0.666,-0.042,0.012,0.018,160.527,87.34,268.474,54.303513,-5.58398,330867.03
325503.0,18.81,101501.73,115.27,-9.756,0.127,-0.261,-0.031,0.0,0.005,158.343,87.058,268.638,54.303513,-5.58398,330867.03
325756.0,18.81,101502.86,115.18,-9.737,0.187,-0.543,-0.043,0.011,0.02,162.054,87.315,268.837,54.303513,-5.58398,330867.03
326006.0,18.81,101503.52,115.12,-10.022,0.156,-0.792,-0.313,0.043,-0.004,119.184,85.655,268.945,54.303513,-5.58398,330867.03
326255.0,18.81,101503.83,115.1,-9.778,0.297,0.156,-0.03,-0.024,0.014,52.989,85.891,268.899,54.303513,-5.58398,330867.03
326504.0,18.81,101502.69,115.19,-9.694,-0.405,-0.16,-0.166,0.0,0.031,42.144,86.268,269.435,54.303513,-5.58398,330867.03
326756.0,18.82,101502.45,115.21,-9.814,-0.158,-0.007,-0.032,0.016,0.012,60.603,86.412,269.664,54.303513,-5.58398,330867.03
327005.0,18.82,101502.12,115.24,-9.725,0.182,-0.584,-0.046,0.01,0.022,59.963,86.75,269.916,54.303513,-5.58398,330867.03
327254.0,18.82,101502.22,115.23,-9.747,0.249,-0.45,-0.034,0.012,0.01,92.781,87.124,270.063,54.303513,-5.58398,330867.03
327503.0,18.82,101502.22,115.23,-9.706,0.321,-0.826,-0.038,0.002,0.019,91.49,86.98,270.286,54.303513,-5.58398,330867.03
327756.0,18.82,101503.08,115.16,-9.771,0.194,-0.405,-0.027,0.005,0.005,122.989,87.111,270.469,54.303513,-5.58398,330867.03
328005.0,18.82,101502.92,115.17,-9.761,0.067,-0.294,-0.038,0.003,0.018,115.131,87.132,270.668,54.303513,-5.58398,330867.03
328255.0,18.82,101503.98,115.08,-9.773,0.055,-0.35,-0.027,0.013,0.009,138.894,87.292,270.841,54.303513,-5.58398,330867.03
328504.0,18.82,101504.31,115.06,-9.723,0.218,-0.611,-0.038,0.005,0.018,154.306,87.18,271.063,54.303513,-5.58398,330867.03
328755.0,18.83,101504.56,115.07,-9.735,0.156,-0.663,-0.038,0.006,0.01,155.348,87.227,271.227,54.303513,-5.58398,330867.03
329004.0,18.83,101504.89,115.01,-9.749,0.225,-0.522,-0.034,0.003,0.015,160.175,87.159,271.473,54.303513,-5.58398,330867.03
329254.0,18.83,101505.21,114.98,-9.759,0.084,-0.254,-0.029,0.001,0.01,159.246,87.156,271.629,54.303513,-5.58398,330867.03
329503.0,18.82,101503.98,115.08,-9.761,0.213,-0.369,-0.037,0.013,0.016,159.457,87.308,271.877,54.303513,-5.58398,330867.03
329756.0,18.83,101503.75,115.1,-9.754,0.103,-0.433,-0.034,0.004,0.011,159.209,87.235,272.027,54.303513,-5.58398,330867.03
330005.0,18.83,101503.42,115.13,-9.718,0.218,-0.618,-0.038,0.011,0.016,159.548,87.339,272.259,54.303513,-5.58398,330867.03
330254.0,18.83,101503.96,115.08,-9.754,0.096,-0.517,-0.031,-0.003,0.011,161.27,87.085,272.411,54.303513,-5.58398,330867.03
330503.0,18.83,101503.96,115.08,-9.752,0.189,-0.472,-0.037,0.006,0.015,160.491,87.257,272.65,54.303513,-5.58398,330867.03
330760.0,18.83,101504.05,115.08,-9.773,0.091,-0.239,-0.037,-0.001,0.013,159.342,87.137,272.84,54.303513,-5.58398,330867.03
331003.0,18.83,101503.72,115.1,-9.761,0.192,-0.457,-0.043,0.012,0.016,159.965,87.321,273.063,54.303513,-5.58398,330867.03
331258.0,18.83,101503.97,115.08,-9.768,0.187,-0.354,-0.029,0.003,0.012,159.31,87.192,273.254,54.303513,-5.58398,330867.03
331507.0,18.83,101503.32,115.14,-9.754,0.168,-0.582,-0.03,0.009,0.014,160.031,87.258,273.454,54.303513,-5.58398,330867.03
331755.0,18.83,101503.0,115.16,-9.759,0.105,-0.464,-0.03,0.006,0.012,159.608,87.226,273.636,54.303513,-5.58398,330867.03
332004.0,18.83,101502.67,115.19,-9.756,0.129,-0.618,-0.037,0.002,0.016,161.537,87.158,273.854,54.303513,-5.58398,330867.03
332253.0,18.83,101502.18,115.23,-9.78,0.098,-0.39,-0.037,0.009,0.01,158.75,87.288,274.027,54.303513,-5.58398,330867.03
332508.0,18.84,101502.89,115.17,-9.72,0.12,-0.46,0.005,-0.002,0.004,160.917,87.131,274.141,54.303513,-5.58398,330867.03
332758.0,18.84,101503.21,115.15,-9.754,0.038,-0.503,-0.008,0.009,-0.004,161.538,87.281,274.147,54.303513,-5.58398,330867.03
333007.0,18.84,101503.3,115.14,-9.73,0.237,-0.582,0.292,-0.019,-0.027,138.322,86.885,273.951,54.303513,-5.58398,330867.03
333256.0,18.84,101503.23,115.15,-9.732,-0.11,-0.572,-0.051,0.019,0.017,59.646,87.181,274.117,54.303513,-5.58398,330867.03
333505.0,18.84,101503.23,115.15,-9.756,0.045,-0.472,-0.078,0.009,0.019,34.969,87.147,274.324,54.303513,-5.58398,330867.03
333759.0,18.84,101503.06,115.16,-9.737,-0.077,-0.476,-0.019,0.007,0.011,20.264,87.303,274.466,54.303513,-5.58398,330867.03
334008.0,18.84,101504.04,115.08,-9.744,0.072,-0.445,-0.031,0.004,0.014,23.313,87.298,274.724,54.303513,-5.58398,330867.03
334257.0,18.84,101504.37,115.05,-9.778,-0.012,-0.436,-0.037,0.008,0.014,-9.541,87.359,274.896,54.303513,-5.58398,330867.03
334506.0,18.84,101504.58,115.03,-9.72,0.022,-0.491,-0.059,0.006,0.019,-23.06,87.329,275.098,54.303513,-5.58398,330867.03
334757.0,18.84,101503.77,115.1,-9.728,-0.266,-0.359,-0.097,0.005,0.055,-75.558,87.349,275.578,54.303513,-5.58398,330867.03
335007.0,18.85,101502.55,115.2,-9.778,0.373,-0.819,-0.046,-0.016,0.026,17.526,86.44,276.252,54.303513,-5.58398,330867.03
335256.0,18.85,101501.57,115.28,-9.685,0.026,-0.424,-0.045,0.003,0.009,42.291,86.764,276.41,54.303513,-5.58398,330867.03
335505.0,18.85,101500.11,115.4,-9.778,0.067,-0.194,-0.023,0.002,0.018,78.734,87.087,276.69,54.303513,-5.58398,330867.03
335759.0,18.85,101499.38,115.46,-9.783,-0.026,-0.5,-0.04,0.01,0.011,67.124,87.266,276.809,54.303513,-5.58398,330867.03
336003.0,18.85,101499.3,115.47,-9.72,0.318,-0.453,-0.035,0.004,0.019,100.857,87.152,277.072,54.303513,-5.58398,330867.03
336257.0,18.85,101499.14,115.48,-9.699,0.136,-0.613,-0.039,0.005,0.01,135.331,87.156,277.212,54.303513,-5.58398,330867.03
336507.0,18.85,101499.14,115.48,-9.744,0.273,-0.345,-0.037,0.008,0.015,148.637,87.214,277.455,54.303513,-5.58398,330867.03
336756.0,18.85,101498.81,115.51,-9.737,0.115,-0.426,-0.029,0.002,0.011,153.179,87.202,277.602,54.303513,-5.58398,330867.03
337005.0,18.85,101499.14,115.48,-9.747,0.213,-0.469,-0.03,0.006,0.011,155.663,87.229,277.835,54.303513,-5.58398,330867.03
337254.0,18.85,101499.2,115.48,-9.759,0.036,-0.481,-0.032,0.003,0.012,160.177,87.129,277.985,54.303513,-5.58398,330867.03
337503.0,18.86,101499.93,115.42,-9.752,0.093,-0.208,-0.032,0.011,0.012,145.862,87.304,278.212,54.303513,-5.58398,330867.03
337757.0,18.86,101499.93,115.42,-9.756,0.12,-0.584,-0.031,0.006,0.019,124.79,87.377,278.367,54.303513,-5.58398,330867.03
338006.0,18.86,101499.61,115.45,-9.716,0.309,-0.532,-0.037,0.014,0.011,140.766,87.37,278.621,54.303513,-5.58398,330867.03
338255.0,18.85,101499.03,115.51,-9.737,0.113,-0.649,-0.033,-0.005,0.017,156.161,87.054,278.758,54.303513,-5.58398,330867.03
338504.0,18.86,101499.28,115.47,-9.764,0.259,-0.417,-0.034,0.007,0.011,153.272,87.231,279.035,54.303513,-5.58398,330867.03
338766.0,18.86,101499.12,115.49,-9.776,0.007,-0.23,-0.044,0.001,0.016,154.629,87.197,279.202,54.303513,-5.58398,330867.03
339003.0,18.86,101500.02,115.41,-9.732,0.168,-0.254,-0.038,0.014,0.016,155.044,87.414,279.458,54.303513,-5.58398,330867.03
339253.0,18.86,101500.67,115.36,-9.776,0.014,-0.39,-0.036,0.0,0.015,148.385,87.15,279.58,54.303513,-5.58398,330867.03
339507.0,18.86,101501.48,115.29,-9.72,0.237,-0.512,-0.029,0.017,0.019,152.713,87.456,279.857,54.303513,-5.58398,330867.03
339758.0,18.86,101501.87,115.26,-9.735,0.141,-0.517,-0.03,-0.005,0.014,158.25,87.145,280.03,54.303513,-5.58398,330867.03
340008.0,18.86,101501.54,115.29,-9.771,0.127,-0.52,-0.04,0.016,0.014,158.925,87.451,280.233,54.303513,-5.58398,330867.03
340257.0,18.86,101501.54,115.29,-9.708,0.172,-0.424,-0.029,-0.004,0.013,160.127,87.068,280.441,54.303513,-5.58398,330867.03
340506.0,18.86,101501.47,115.29,-9.708,0.105,-0.534,-0.04,0.013,0.014,160.31,87.386,280.592,54.303513,-5.58398,330867.03
340755.0,18.86,101500.98,115.33,-9.728,0.201,-0.421,-0.033,-0.004,0.014,161.413,87.146,280.814,54.303513,-5.58398,330867.03
341004.0,18.86,101500.98,115.33,-9.742,0.141,-0.572,-0.038,0.013,0.015,161.182,87.409,280.99,54.303513,-5.58398,330867.03
341253.0,18.86,101500.98,115.33,-9.764,0.218,-0.426,-0.032,-0.002,0.013,161.293,87.099,281.209,54.303513,-5.58398,330867.03
341508.0,18.87,101501.88,115.26,-9.771,0.105,-0.575,-0.037,0.011,0.014,160.861,87.333,281.38,54.303513,-5.58398,330867.03
341759.0,18.87,101502.04,115.24,-9.764,0.213,-0.347,-0.032,0.0,0.013,160.857,87.129,281.629,54.303513,-5.58398,330867.03
342003.0,18.87,101502.37,115.22,-9.728,0.086,-0.522,-0.038,0.009,0.014,161.737,87.266,281.772,54.303513,-5.58398,330867.03
342258.0,18.87,101502.42,115.21,-9.735,0.261,-0.441,-0.035,0.009,0.015,160.143,87.232,282.036,54.303513,-5.58398,330867.03
342507.0,18.87,101502.42,115.21,-9.744,0.091,-0.644,-0.037,0.007,0.013,162.295,87.202,282.175,54.303513,-5.58398,330867.03
342756.0,18.87,101502.02,115.25,-9.747,0.242,-0.436,-0.034,0.006,0.013,160.588,87.171,282.436,54.303513,-5.58398,330867.03
343006.0,18.87,101501.53,115.29,-9.735,0.022,-0.508,-0.034,0.003,0.012,162.127,87.208,282.564,54.303513,-5.58398,330867.03
343255.0,18.87,101501.94,115.25,-9.74,0.182,-0.388,-0.03,0.006,0.015,161.287,87.23,282.824,54.303513,-5.58398,330867.03
343504.0,18.87,101501.78,115.27,-9.737,0.098,-0.536,-0.032,0.006,0.01,161.072,87.202,282.976,54.303513,-5.58398,330867.03
343756.0,18.87,101501.94,115.25,-9.73,0.232,-0.498,-0.034,0.008,0.017,161.725,87.198,283.215,54.303513,-5.58398,330867.03
344005.0,18.87,101501.94,115.25,-9.756,0.074,-0.455,-0.033,0.005,0.013,160.856,87.228,283.378,54.303513,-5.58398,330867.03
344254.0,18.88,101502.36,115.22,-9.776,0.199,-0.407,-0.035,0.01,0.016,161.355,87.253,283.612,54.303513,-5.58398,330867.03
344504.0,18.88,101501.86,115.26,-9.759,0.136,-0.462,-0.031,0.005,0.012,160.861,87.22,283.783,54.303513,-5.58398,330867.03
344758.0,18.88,101501.86,115.26,-9.737,0.237,-0.481,-0.037,0.008,0.014,160.289,87.235,284.008,54.303513,-5.58398,330867.03
345007.0,18.88,101501.86,115.26,-9.759,0.156,-0.517,-0.046,0.001,0.016,161.776,87.194,284.193,54.303513,-5.58398,330867.03
345256.0,18.88,101501.38,115.3,-9.771,0.163,-0.371,-0.034,0.004,0.011,159.965,87.209,284.418,54.303513,-5.58398,330867.03
345505.0,18.88,101500.89,115.34,-9.732,0.105,-0.575,-0.038,0.006,0.015,162.112,87.127,284.602,54.303513,-5.58398,330867.03
345756.0,18.88,101501.22,115.31,-9.752,0.18,-0.369,-0.038,0.007,0.01,159.494,87.268,284.819,54.303513,-5.58398,330867.03
346005.0,18.88,101500.94,115.33,-9.766,-0.005,-0.419,-0.042,0.001,0.023,157.236,87.186,284.988,54.303513,-5.58398,330867.03
346255.0,18.88,101500.12,115.4,-9.735,0.22,-0.431,-0.037,0.018,0.007,152.421,87.273,285.227,54.303513,-5.58398,330867.03
346504.0,18.88,101500.54,115.37,-9.764,0.141,-0.412,-0.037,0.002,0.02,161.421,87.165,285.392,54.303513,-5.58398,330867.03
346766.0,18.88,101500.86,115.34,-9.754,0.168,-0.632,-0.029,0.01,0.007,156.749,87.208,285.586,54.303513,-5.58398,330867.03
347004.0,18.88,101501.36,115.3,-9.766,0.139,-0.46,-0.039,-0.004,0.021,163.189,87.094,285.771,54.303513,-5.58398,330867.03
347253.0,18.88,101502.25,115.23,-9.752,0.043,-0.347,-0.033,0.012,0.006,157.356,87.303,285.944,54.303513,-5.58398,330867.03
347507.0,18.88,101501.61,115.28,-9.759,0.139,-0.393,-0.035,-0.001,0.021,140.983,87.121,286.171,54.303513,-5.58398,330867.03
347763.0,18.89,101501.5,115.29,-9.735,0.127,-0.479,-0.035,0.015,0.009,144.401,87.35,286.358,54.303513,-5.58398,330867.03
348007.0,18.89,101501.0,115.33,-9.744,0.165,-0.412,-0.031,0.001,0.018,155.743,87.163,286.562,54.303513,-5.58398,330867.03
348256.0,18.89,101501.42,115.3,-9.73,0.158,-0.644,-0.032,0.014,0.009,155.919,87.335,286.724,54.303513,-5.58398,330867.03
348505.0,18.89,101500.84,115.34,-9.72,0.225,-0.532,-0.034,-0.003,0.014,160.584,87.071,286.938,54.303513,-5.58398,330867.03
348760.0,18.89,101501.25,115.31,-9.766,0.113,-0.543,-0.035,0.008,0.013,158.876,87.247,287.113,54.303513,-5.58398,330867.03
349003.0,18.89,101501.25,115.31,-9.79,0.122,-0.275,-0.037,-0.002,0.014,160.967,87.095,287.311,54.303513,-5.58398,330867.03
349258.0,18.89,101501.25,115.31,-9.754,0.168,-0.469,-0.041,0.011,0.017,160.61,87.328,287.527,54.303513,-5.58398,330867.03
349507.0,18.89,101501.42,115.3,-9.766,0.136,-0.383,-0.035,0.002,0.012,160.611,87.186,287.718,54.303513,-5.58398,330867.03
349758.0,18.89,101501.83,115.26,-9.744,0.158,-0.426,-0.041,0.007,0.016,161.081,87.312,287.913,54.303513,-5.58398,330867.03
350007.0,18.89,101501.02,115.33,-9.761,0.201,-0.517,-0.032,0.003,0.009,159.538,87.159,288.11,54.303513,-5.58398,330867.03
350257.0,18.89,101500.2,115.4,-9.747,0.17,-0.436,-0.007,0.011,-0.004,160.087,87.288,288.165,54.303513,-5.58398,330867.03
350506.0,18.89,101500.75,115.35,-9.785,0.093,-0.503,0.028,0.003,-0.002,161.951,87.252,288.144,54.303513,-5.58398,330867.03
350760.0,18.89,101500.91,115.34,-9.787,-0.086,-0.409,0.162,-0.013,-0.009,106.209,87.131,288.102,54.303513,-5.58398,330867.03
351003.0,18.9,101501.64,115.28,-9.68,0.098,-0.543,-0.095,0.016,0.029,67.628,87.314,288.376,54.303513,-5.58398,330867.03
351258.0,18.9,101502.88,115.17,-9.747,0.079,-0.45,-0.069,0.002,0.03,61.336,87.171,288.777,54.303513,-5.58398,330867.03
351507.0,18.9,101502.45,115.21,-9.629,0.328,-0.474,-0.017,-0.001,0.017,72.94,87.012,289.243,54.303513,-5.58398,330867.03
351759.0,18.9,101502.7,115.19,-9.732,0.192,-0.543,-0.11,0.011,0.019,96.771,87.133,289.442,54.303513,-5.58398,330867.03
352008.0,18.9,101502.6,115.2,-9.771,0.113,-0.505,-0.035,-0.001,0.018,137.708,87.06,289.664,54.303513,-5.58398,330867.03
352257.0,18.9,101502.44,115.21,-9.74,0.158,-0.35,-0.031,0.006,0.01,149.186,87.168,289.878,54.303513,-5.58398,330867.03
352506.0,18.9,101502.36,115.22,-9.754,0.11,-0.426,-0.033,0.005,0.018,158.914,87.261,290.067,54.303513,-5.58398,330867.03
352760.0,18.91,101502.28,115.22,-9.764,0.153,-0.539,-0.032,0.009,0.01,158.444,87.274,290.285,54.303513,-5.58398,330867.03
353003.0,18.9,101501.55,115.29,-9.759,0.108,-0.46,-0.034,-0.002,0.013,162.27,87.113,290.455,54.303513,-5.58398,330867.03
353258.0,18.91,101501.63,115.28,-9.749,0.103,-0.397,-0.034,0.006,0.016,161.451,87.276,290.685,54.303513,-5.58398,330867.03
353507.0,18.91,101500.81,115.35,-9.785,0.031,-0.328,-0.043,0.002,0.016,163.599,87.191,290.9,54.303513,-5.58398,330867.03
353758.0,18.91,101499.92,115.42,-9.718,0.22,-0.505,-0.036,0.013,0.013,160.791,87.343,291.129,54.303513,-5.58398,330867.03
354007.0,18.91,101499.98,115.41,-9.742,0.227,-0.582,-0.042,0.004,0.017,145.481,87.206,291.291,54.303513,-5.58398,330867.03
354256.0,18.91,101499.98,115.43,-9.747,0.153,-0.515,-0.029,0.004,0.01,151.056,87.171,291.505,54.303513,-5.58398,330867.03
354506.0,18.91,101500.55,115.37,-9.831,0.053,-0.314,-0.027,-0.006,0.007,138.736,87.083,291.693,54.303513,-5.58398,330867.03
354784.0,18.92,101500.8,115.35,-9.708,0.294,-0.613,-0.033,0.003,0.013,136.808,87.264,291.924,54.303513,-5.58398,330867.03
355005.0,18.92,101500.8,115.35,-9.764,0.165,-0.433,-0.046,0.006,0.017,139.008,87.266,292.1,54.303513,-5.58398,330867.03
355254.0,18.92,101500.8,115.35,-9.67,0.192,-0.642,-0.032,0.012,0.017,148.996,87.284,292.3,54.303513,-5.58398,330867.03
355503.0,18.92,101501.02,115.33,-9.776,0.136,-0.45,-0.038,0.0,0.014,155.216,87.181,292.502,54.303513,-5.58398,330867.03
355785.0,18.92,101500.86,115.34,-9.773,0.108,-0.421,-0.026,0.0,0.009,155.953,87.393,292.706,54.303513,-5.58398,330867.03
356006.0,18.92,101501.35,115.3,-9.814,0.053,-0.089,-0.027,0.001,0.013,152.452,87.245,292.86,54.303513,-5.58398,330867.03
356256.0,18.92,101501.6,115.28,-9.677,0.17,-0.539,-0.033,0.019,0.016,157.318,87.416,293.063,54.303513,-5.58398,330867.03
356505.0,18.92,101501.69,115.27,-9.74,0.144,-0.563,-0.018,-0.001,0.011,157.334,87.145,293.262,54.303513,-5.58398,330867.03
356758.0,18.92,101502.17,115.23,-9.756,0.0,-0.613,-0.037,0.012,0.014,158.959,87.312,293.452,54.303513,-5.58398,330867.03
357007.0,18.92,101502.66,115.19,-9.74,0.16,-0.409,-0.042,-0.003,0.016,161.099,87.038,293.676,54.303513,-5.58398,330867.03
357257.0,18.92,101502.17,115.23,-9.761,0.139,-0.412,-0.026,0.002,0.011,158.196,87.108,293.839,54.303513,-5.58398,330867.03
357506.0,18.93,101502.39,115.21,-9.756,0.23,-0.237,-0.035,0.005,0.011,136.889,87.111,294.04,54.303513,-5.58398,330867.03
357757.0,18.93,101502.23,115.23,-9.723,0.077,-0.579,-0.029,0.016,0.016,150.19,87.311,294.224,54.303513,-5.583982,330866.97
358006.0,18.93,101501.58,115.28,-9.778,0.299,-0.615,-0.047,0.011,0.015,152.502,87.128,294.496,54.303513,-5.583982,330866.97
358256.0,18.93,101501.66,115.27,-9.756,0.093,-0.512,-0.027,0.005,0.015,137.1,87.255,294.604,54.303513,-5.583982,330866.97
358505.0,18.93,101501.66,115.27,-9.744,0.292,-0.527,-0.038,0.003,0.012,139.873,87.08,294.892,54.303513,-5.583982,330866.97
358758.0,18.93,101501.75,115.27,-9.716,0.043,-0.402,-0.034,0.009,0.016,151.16,87.28,295.008,54.303513,-5.58398,330867.03
359008.0,18.93,101501.75,115.27,-9.797,0.141,-0.235,-0.035,0.007,0.013,135.489,87.157,295.3,54.303513,-5.58398,330867.03
359257.0,18.93,101502.24,115.23,-9.728,0.048,-0.62,-0.046,0.016,0.015,151.864,87.311,295.418,54.303513,-5.58398,330867.03
359506.0,18.93,101502.78,115.18,-9.728,0.268,-0.486,-0.037,0.001,0.016,148.456,87.006,295.677,54.303513,-5.58398,330867.03
359755.0,18.93,101502.45,115.21,-9.744,0.146,-0.587,-0.043,0.004,0.014,152.56,87.087,295.801,54.303513,-5.58398,330867.03
360004.0,18.93,101502.45,115.21,-9.725,0.192,-0.555,-0.039,0.01,0.017,153.983,87.228,296.055,54.303513,-5.58398,330867.03
360253.0,18.93,101502.05,115.24,-9.74,-0.057,-0.589,-0.03,-0.003,0.007,143.87,86.922,296.219,54.303513,-5.58398,330867.03
360508.0,18.93,101502.38,115.22,-9.735,-0.005,-0.069,-0.041,0.011,0.019,92.167,87.282,296.433,54.303513,-5.58398,330867.03
360760.0,18.93,101502.38,115.22,-9.744,0.069,-0.644,-0.031,0.005,0.012,126.938,87.072,296.64,54.303513,-5.58398,330867.03
361003.0,18.93,101501.73,115.27,-9.783,0.515,-0.572,-0.013,0.009,0.02,111.937,87.152,296.938,54.303513,-5.58398,330867.03
361258.0,18.93,101501.08,115.32,-9.699,0.189,-0.661,-0.042,0.001,0.004,112.058,86.903,297.072,54.303513,-5.58398,330867.03
361507.0,18.93,101501.08,115.32,-9.723,0.35,-0.752,-0.057,-0.001,0.022,74.096,86.936,297.344,54.303513,-5.58398,330867.03
361757.0,18.94,101501.0,115.33,-9.749,0.034,-0.443,0.005,0.006,0.005,107.014,86.961,297.46,54.303513,-5.583982,330866.97
362006.0,18.94,101500.02,115.41,-9.718,0.345,-0.575,-0.117,0.003,0.047,96.613,87.025,297.853,54.303513,-5.583982,330866.97
362255.0,18.94,101499.05,115.49,-9.701,0.034,-0.773,-0.005,0.008,0.008,108.748,86.999,298.005,54.303513,-5.583982,330866.97
362504.0,18.94,101497.91,115.59,-9.776,0.235,-0.46,-0.055,0.01,0.023,112.591,87.138,298.309,54.303513,-5.583982,330866.97
362802.0,18.94,101496.69,115.69,-10.733,-0.51,-1.154,-0.506,-0.114,0.097,121.712,86.204,298.985,54.303513,-5.583982,330866.97
363006.0,18.94,101495.38,115.8,-9.708,0.548,-0.333,-0.128,0.003,0.031,63.806,85.91,299.309,54.303513,-5.583982,330866.97
363256.0,18.94,101493.59,115.94,-9.855,-0.043,-0.378,-0.074,0.013,0.008,77.482,86.553,299.334,54.303513,-5.583982,330866.97
363505.0,18.94,101493.27,115.97,-9.776,0.271,-0.373,-0.068,0.013,0.034,70.403,87.357,299.571,54.303513,-5.583982,330866.97
363764.0,18.94,101494.45,115.87,-9.718,0.357,-0.419,-0.055,0.006,0.011,101.618,87.294,299.754,54.303513,-5.58398,330867.03
364008.0,18.94,101495.44,115.79,-9.922,0.299,-0.213,0.032,0.006,0.024,102.858,87.577,300.012,54.303513,-5.58398,330867.03
364257.0,18.94,101497.06,115.66,-9.795,0.438,0.108,0.071,-0.008,-0.018,96.152,87.176,300.14,54.303513,-5.58398,330867.03
364506.0,18.94,101498.95,115.5,-9.749,-0.029,-0.081,-0.14,0.008,0.035,86.194,87.476,300.34,54.303513,-5.58398,330867.03
364803.0,18.94,101499.44,115.43,-9.74,0.529,-0.694,-0.044,0.002,0.004,95.37,87.108,300.598,54.303513,-5.58398,330867.03
365007.0,18.94,101499.92,115.42,-9.74,-0.199,-0.172,-0.044,-0.004,0.005,72.301,87.447,300.541,54.303513,-5.58398,330867.03
365256.0,18.95,101501.31,115.3,-9.747,0.065,-0.192,-0.043,0.021,0.026,54.307,87.969,300.799,54.303513,-5.58398,330867.03
365505.0,18.94,101501.39,115.3,-9.74,0.074,-0.407,-0.041,-0.003,0.012,83.452,87.66,300.946,54.303513,-5.58398,330867.03
365756.0,18.95,101501.8,115.26,-9.749,0.33,-0.256,-0.047,0.013,0.017,84.258,88.046,301.16,54.303513,-5.58398,330867.03
366005.0,18.95,101501.64,115.28,-9.742,0.299,-0.335,-0.033,-0.007,0.013,120.273,87.815,301.341,54.303513,-5.58398,330867.03
366255.0,18.95,101502.02,115.25,-9.761,0.266,0.0,-0.026,0.014,0.013,123.106,88.15,301.554,54.303513,-5.58398,330867.03
366504.0,18.95,101502.02,115.25,-9.756,0.098,-0.225,-0.033,-0.001,0.014,137.256,87.982,301.715,54.303513,-5.58398,330867.03
366761.0,18.95,101501.45,115.29,-9.771,0.299,-0.35,-0.038,0.014,0.014,133.034,88.121,301.993,54.303513,-5.58398,330867.03
367005.0,18.95,101500.89,115.34,-9.761,0.093,-0.433,-0.029,-0.004,0.012,143.02,87.935,302.104,54.303513,-5.58398,330867.03
367254.0,18.95,101500.4,115.38,-9.79,0.247,-0.146,-0.04,0.01,0.015,135.325,88.109,302.374,54.303513,-5.58398,330867.03
367503.0,18.95,101499.91,115.42,-9.747,0.026,-0.239,-0.039,-0.001,0.016,144.767,88.038,302.51,54.303513,-5.58398,330867.03
367769.0,18.96,101500.45,115.38,-9.74,0.273,-0.247,-0.041,0.017,0.009,134.816,88.174,302.789,54.303513,-5.58398,330867.03
368007.0,18.96,101500.29,115.39,-9.761,0.093,-0.235,-0.036,-0.007,0.018,140.724,87.918,302.909,54.303513,-5.58398,330867.03
368256.0,18.96,101499.8,115.43,-9.742,0.362,-0.292,-0.04,0.02,0.016,129.603,88.25,303.201,54.303513,-5.58398,330867.03
368505.0,18.96,101499.64,115.44,-9.811,0.22,-0.259,-0.032,-0.009,0.013,141.581,87.832,303.335,54.303513,-5.58398,330867.03
368775.0,18.96,101500.87,115.34,-9.778,0.211,-0.268,-0.024,0.017,0.012,128.64,88.318,303.59,54.303513,-5.58398,330867.03
369007.0,18.96,101501.03,115.33,-9.742,0.153,-0.077,-0.031,-0.006,0.014,135.475,87.971,303.741,54.303513,-5.58398,330867.03
369256.0,18.96,101501.36,115.3,-9.747,0.273,-0.239,-0.031,0.017,0.014,127.759,88.306,303.977,54.303513,-5.58398,330867.03
369506.0,18.96,101500.7,115.35,-9.752,0.105,-0.338,-0.034,0.001,0.014,137.062,88.005,304.132,54.303513,-5.58398,330867.03
369778.0,18.96,101497.61,115.61,-9.713,0.208,-0.424,-0.045,0.014,0.016,129.53,88.221,304.385,54.303513,-5.58398,330867.03
370005.0,18.96,101498.51,115.54,-9.706,0.187,-0.247,-0.027,-0.007,0.013,136.64,87.901,304.546,54.303513,-5.58398,330867.03
370254.0,18.96,101499.0,115.5,-9.787,0.235,-0.225,-0.037,0.008,0.017,131.466,88.197,304.756,54.303513,-5.58398,330867.03
370503.0,18.96,101499.9,115.42,-9.72,0.175,-0.136,-0.038,0.001,0.011,138.851,87.974,304.901,54.303513,-5.58398,330867.03
370821.0,18.97,101499.14,115.48,-9.778,0.254,-0.474,-0.042,0.011,0.014,133.469,88.344,305.212,54.303513,-5.58398,330867.03
371008.0,18.97,101499.14,115.48,-9.804,0.117,-0.024,-0.022,-0.007,0.011,138.048,88.125,305.309,54.303513,-5.58398,330867.03
371257.0,18.97,101499.95,115.42,-9.771,0.132,-0.172,-0.033,0.015,0.012,132.326,88.329,305.531,54.303513,-5.58398,330867.03
371506.0,18.97,101500.77,115.35,-9.771,0.18,-0.158,-0.035,-0.002,0.016,138.325,88.117,305.708,54.303513,-5.58398,330867.03
371787.0,18.97,101500.69,115.36,-9.735,0.204,-0.373,-0.042,0.013,0.015,132.52,88.341,305.94,54.303513,-5.583982,330866.97
372008.0,18.97,101501.18,115.32,-9.766,0.204,-0.144,-0.029,-0.002,0.011,136.585,88.077,306.111,54.303513,-5.583982,330866.97
372257.0,18.97,101501.67,115.27,-9.754,0.165,-0.299,-0.03,0.01,0.014,137.032,88.264,306.286,54.303513,-5.583982,330866.97
372506.0,18.97,101501.83,115.26,-9.761,0.242,-0.134,-0.034,-0.001,0.013,139.055,88.065,306.526,54.303513,-5.583982,330866.97
372824.0,18.97,101500.94,115.33,-9.718,0.273,-0.359,-0.034,0.003,0.018,136.332,88.275,306.78,54.303513,-5.583982,330866.97
373005.0,18.97,101500.94,115.3,-9.744,0.283,-0.242,-0.039,0.004,0.014,134.215,88.128,306.958,54.303513,-5.583982,330866.97
373255.0,18.97,101501.16,115.32,-9.744,0.132,-0.395,-0.033,0.007,0.014,136.132,88.228,307.116,54.303513,-5.583982,330866.97
373504.0,18.97,101500.84,115.34,-9.771,0.251,-0.019,-0.029,-0.003,0.01,136.179,87.967,307.352,54.303513,-5.583982,330866.97
373775.0,18.98,101501.41,115.3,-9.725,0.134,-0.22,-0.024,0.009,0.018,136.868,88.283,307.52,54.303513,-5.583982,330866.97
374007.0,18.98,101501.57,115.28,-9.776,0.287,-0.156,-0.034,0.009,0.01,133.631,88.027,307.765,54.303513,-5.583982,330866.97
374256.0,18.98,101501.57,115.28,-9.756,0.144,-0.409,-0.035,0.0,0.016,141.119,88.144,307.883,54.303513,-5.583982,330866.97
374505.0,18.98,101502.31,115.22,-9.723,0.29,-0.163,-0.033,0.006,0.011,136.439,88.073,308.152,54.303513,-5.583982,330866.97
374779.0,18.98,101502.15,115.23,-9.744,0.148,-0.187,-0.031,0.005,0.012,136.848,88.098,308.301,54.303513,-5.583982,330866.97
375006.0,18.98,101502.31,115.22,-9.773,0.232,-0.148,-0.033,0.011,0.019,136.572,88.215,308.521,54.303513,-5.583982,330866.97
375255.0,18.98,101502.53,115.2,-9.742,0.242,-0.354,-0.03,0.005,0.011,135.031,88.115,308.724,54.303513,-5.583982,330866.97
375504.0,18.98,101502.69,115.19,-9.692,0.29,-0.419,-0.038,-0.004,0.013,139.692,87.974,308.915,54.303513,-5.583982,330866.97
375787.0,18.98,101502.69,115.19,-9.783,0.079,-0.043,-0.034,0.012,0.015,135.411,88.198,309.13,54.303513,-5.583982,330866.97
376008.0,18.98,101503.27,115.14,-9.732,0.249,-0.208,-0.04,0.007,0.017,140.238,88.043,309.378,54.303513,-5.583982,330866.97
376257.0,18.98,101502.78,115.18,-9.742,0.139,-0.256,-0.041,0.019,0.013,128.584,88.14,309.512,54.303513,-5.583982,330866.97
376506.0,18.98,101501.8,115.26,-9.802,0.34,-0.292,-0.017,0.001,0.019,125.658,87.994,309.817,54.303513,-5.583982,330866.97
376791.0,18.99,101500.75,115.35,-9.881,-0.055,0.053,-0.049,0.009,0.007,110.594,87.852,309.947,54.303513,-5.583982,330866.97
377007.0,18.99,101499.0,115.5,-9.747,0.163,-0.309,-0.066,0.01,0.02,108.384,87.981,310.163,54.303513,-5.583982,330866.97
377256.0,18.99,101499.33,115.47,-9.677,0.206,-0.359,-0.034,0.007,0.006,120.586,87.907,310.311,54.303513,-5.583982,330866.97
377505.0,18.99,101500.39,115.38,-9.79,0.108,-0.024,-0.037,-0.001,0.026,123.182,88.216,310.538,54.303513,-5.583982,330866.97
377799.0,18.99,101501.13,115.32,-9.756,0.292,-0.5,-0.03,0.005,0.007,126.273,87.886,310.734,54.303513,-5.583983,330866.91
378003.0,18.99,101501.13,115.32,-9.783,0.113,-0.139,-0.039,0.01,0.024,115.21,88.205,310.899,54.303513,-5.583983,330866.91
378258.0,18.99,101500.48,115.37,-9.718,0.304,-0.512,-0.044,0.01,0.018,124.236,88.067,311.202,54.303513,-5.583983,330866.91
378507.0,18.99,101500.31,115.39,-9.778,0.285,-0.201,-0.038,-0.002,0.013,130.795,87.941,311.418,54.303513,-5.583983,330866.91
378842.0,18.99,101499.34,115.47,-9.756,0.366,-0.486,-0.027,-0.007,0.013,128.453,87.917,311.687,54.303513,-5.583983,330866.91
379007.0,19.0,101499.27,115.47,-9.802,0.115,0.043,-0.035,0.009,0.011,123.009,88.079,311.788,54.303513,-5.583983,330866.91
379256.0,19.0,101499.42,115.46,-9.742,0.227,-0.424,-0.045,0.002,0.018,133.404,88.013,312.023,54.303513,-5.583983,330866.91
379505.0,19.0,101500.24,115.39,-9.756,0.213,-0.093,-0.039,0.011,0.006,125.363,88.003,312.2,54.303513,-5.583983,330866.91
379808.0,19.0,101500.95,115.33,-9.785,0.29,-0.297,-0.035,-0.008,0.019,135.435,88.075,312.433,54.303513,-5.583983,330866.91
380007.0,19.0,101500.46,115.37,-9.716,0.244,-0.146,-0.036,0.014,0.006,127.216,88.136,312.57,54.303513,-5.583983,330866.91
380256.0,19.0,101499.97,115.42,-9.584,0.206,-1.748,0.074,0.013,0.008,125.964,87.872,312.749,54.303513,-5.583983,330866.91
380505.0,19.0,101499.48,115.47,-9.792,0.292,-0.378,-0.014,-0.007,0.015,122.878,87.496,313.0,54.303513,-5.583983,330866.91
380843.0,19.0,101499.24,115.48,-9.728,0.273,-0.496,-0.034,0.002,0.027,109.789,87.744,313.322,54.303513,-5.583983,330866.91
381008.0,19.0,101498.75,115.52,-9.795,0.314,-0.053,-0.036,0.009,0.004,114.551,87.594,313.457,54.303513,-5.583983,330866.91
381257.0,19.0,101497.94,115.58,-9.816,0.057,0.041,-0.025,0.008,0.019,127.352,88.104,313.606,54.303513,-5.583983,330866.91
381506.0,19.0,101497.94,115.58,-9.677,0.287,-0.378,-0.04,0.011,-0.003,128.09,87.788,313.79,54.303513,-5.583983,330866.91
381793.0,19.0,101498.67,115.52,-9.649,0.311,-0.385,-0.043,0.009,0.029,123.424,88.192,313.986,54.303513,-5.583983,330866.91
382003.0,19.01,101499.38,115.46,-9.85,0.192,-0.239,-0.003,-0.013,0.005,123.027,87.708,314.214,54.303513,-5.583983,330866.91
382258.0,19.01,101497.91,115.59,-9.91,-0.081,0.103,-0.031,0.002,0.03,93.742,88.107,314.37,54.303513,-5.583983,330866.91
382507.0,19.01,101495.96,115.75,-9.814,0.232,-0.007,-0.052,0.009,0.003,108.141,87.771,314.651,54.303513,-5.583983,330866.91
382797.0,19.01,101494.74,115.85,-9.802,0.11,-0.271,-0.043,0.0,0.022,113.976,88.061,314.795,54.303513,-5.583983,330866.91
383007.0,19.01,101495.88,115.75,-9.718,0.357,-0.467,-0.033,0.01,0.004,118.082,87.876,314.987,54.303513,-5.583983,330866.91
383256.0,19.01,101498.41,115.54,-9.749,0.182,-0.266,-0.018,0.001,0.016,123.117,88.06,315.123,54.303513,-5.583983,330866.91
383505.0,19.01,101499.06,115.49,-9.747,0.297,-0.089,-0.005,0.005,-0.004,112.803,87.701,315.386,54.303513,-5.583983,330866.91
383802.0,19.01,101499.39,115.46,-9.804,0.213,-0.338,-0.054,0.0,0.028,94.779,88.051,315.605,54.303513,-5.583983,330866.91
384006.0,19.01,101498.25,115.56,-9.766,0.168,-0.366,-0.032,0.011,0.001,109.823,87.755,315.776,54.303513,-5.583983,330866.91
384255.0,19.01,101498.14,115.57,-9.761,0.105,-0.189,-0.056,0.012,0.03,99.677,88.191,315.924,54.303513,-5.583983,330866.91
384504.0,19.01,101497.49,115.62,-9.754,0.261,-0.335,-0.019,0.001,0.005,116.453,87.879,316.195,54.303513,-5.583983,330866.91
384757.0,19.02,101497.09,115.65,-9.771,0.163,-0.204,-0.036,0.007,0.023,136.011,88.209,316.314,54.303513,-5.583983,330866.91
385005.0,19.02,101494.97,115.83,-9.756,0.23,-0.266,-0.027,0.006,0.0,131.25,87.851,316.574,54.303513,-5.583983,330866.91
385254.0,19.02,101494.97,115.83,-9.79,-0.072,0.0,-0.028,0.001,0.02,96.58,88.065,316.687,54.303513,-5.583983,330866.91
385503.0,19.02,101497.41,115.63,-9.759,0.297,-0.304,-0.031,0.009,0.009,107.339,87.997,316.965,54.303513,-5.583983,330866.91
385756.0,19.02,101498.88,115.51,-9.694,0.314,-0.342,-0.026,-0.006,0.017,127.529,87.899,317.121,54.303513,-5.583983,330866.91
386006.0,19.02,101498.88,115.51,-9.701,0.283,-0.366,-0.029,0.014,0.007,124.082,87.925,317.369,54.303513,-5.583983,330866.91
386256.0,19.02,101499.53,115.45,-9.764,0.108,0.017,-0.038,-0.009,0.014,137.15,87.778,317.513,54.303513,-5.583983,330866.91
386505.0,19.02,101500.02,115.41,-9.831,0.103,0.069,-0.039,0.017,0.014,118.279,87.974,317.764,54.303513,-5.583983,330866.91
386758.0,19.02,101499.95,115.42,-9.783,0.134,0.148,-0.037,-0.003,0.011,123.016,87.686,317.93,54.303513,-5.583983,330866.91
387007.0,19.02,101499.13,115.48,-9.759,0.113,-0.268,-0.022,0.018,0.015,121.581,87.98,318.156,54.303513,-5.583983,330866.91
387257.0,19.02,101498.8,115.51,-9.754,0.311,-0.421,-0.017,-0.008,0.014,129.007,87.704,318.379,54.303513,-5.583983,330866.91
387506.0,19.02,101498.16,115.57,-9.878,-0.012,-0.199,-0.018,0.003,0.011,109.708,87.738,318.561,54.303513,-5.583983,330866.91
387759.0,19.02,101497.17,115.65,-9.768,0.189,0.134,-0.058,-0.002,0.012,109.833,87.515,318.83,54.303513,-5.583983,330866.91
388007.0,19.02,101496.09,115.74,-9.728,0.208,-0.235,-0.035,0.025,0.021,101.242,88.168,318.959,54.303513,-5.583983,330866.91
388257.0,19.02,101494.95,115.83,-9.816,0.302,-0.259,-0.019,-0.011,0.009,121.89,87.777,319.166,54.303513,-5.583983,330866.91
388506.0,19.02,101492.92,116.0,-9.73,0.177,-0.206,-0.039,0.013,0.021,122.061,88.234,319.379,54.303513,-5.583983,330866.91
388759.0,19.02,101491.45,116.12,-9.776,0.263,-0.187,-0.038,-0.002,0.011,129.538,87.951,319.59,54.303513,-5.583983,330866.91
389003.0,19.02,101490.63,116.19,-9.725,0.172,-0.362,-0.052,0.014,0.024,131.211,88.298,319.782,54.303513,-5.583983,330866.91
389258.0,19.02,101490.14,116.23,-9.747,0.359,-0.089,-0.041,0.011,0.012,130.537,87.993,320.049,54.303513,-5.583983,330866.91
389507.0,19.02,101489.48,116.28,-9.764,0.263,-0.393,-0.018,0.007,0.011,129.882,88.082,320.172,54.303513,-5.583983,330866.91
389754.0,19.02,101490.3,116.22,-9.728,0.345,-0.373,-0.053,0.006,0.013,120.901,87.782,320.414,54.303513,-5.583983,330866.91
390007.0,19.02,101490.3,116.22,-9.749,0.12,-0.227,-0.062,0.003,0.014,121.817,87.742,320.572,54.303513,-5.583983,330866.91
390256.0,19.02,101490.95,116.16,-9.653,0.424,-0.393,-0.059,0.018,0.012,108.716,87.713,320.773,54.303513,-5.583983,330866.91
390505.0,19.02,101490.95,116.16,-9.752,0.409,-0.565,-0.024,-0.001,0.024,105.741,87.733,320.941,54.303513,-5.583983,330866.91
390759.0,19.03,101492.52,116.03,-9.898,0.261,-0.019,-0.014,0.006,0.007,103.132,87.544,321.162,54.303513,-5.583983,330866.91
391004.0,19.03,101493.58,115.95,-9.771,0.132,-0.316,-0.069,0.008,0.014,94.094,87.623,321.278,54.303513,-5.583983,330866.91
391253.0,19.03,101495.37,115.8,-9.661,0.271,-0.316,-0.033,0.012,0.008,102.562,87.823,321.498,54.303513,-5.583983,330866.91
391508.0,19.03,101496.67,115.69,-9.692,0.256,-0.294,-0.03,-0.004,0.016,128.237,87.782,321.681,54.303513,-5.583983,330866.91
391756.0,19.03,101498.14,115.57,-9.826,0.069,-0.077,-0.017,0.012,0.008,121.705,88.1,321.853,54.303513,-5.583983,330866.91
392005.0,19.03,101499.28,115.47,-9.802,0.041,-0.235,-0.03,-0.013,0.021,137.758,87.889,322.074,54.303513,-5.583983,330866.91
392254.0,19.03,101499.02,115.49,-9.85,-0.041,-0.043,-0.041,0.016,0.009,123.378,88.028,322.269,54.303513,-5.583983,330866.91
392503.0,19.03,101498.2,115.56,-9.716,0.464,-0.199,-0.052,-0.004,0.022,123.415,87.851,322.487,54.303513,-5.583983,330866.91
392756.0,19.03,101497.55,115.62,-9.73,0.237,-0.129,-0.03,0.007,0.009,123.173,87.906,322.683,54.303513,-5.583983,330866.91
393003.0,19.03,101497.3,115.64,-9.706,0.278,-0.031,-0.021,-0.002,0.015,118.09,87.849,322.892,54.303513,-5.583983,330866.91
393258.0,19.03,101497.62,115.61,-9.778,0.084,-0.364,-0.02,0.008,0.01,124.535,87.988,323.027,54.303513,-5.583983,330866.91
393507.0,19.03,101498.45,115.54,-9.802,0.251,-0.115,-0.036,0.007,0.018,128.331,88.063,323.276,54.303513,-5.583983,330866.91
393755.0,19.04,101497.72,115.6,-9.728,0.144,-0.455,-0.034,0.009,0.011,134.379,87.983,323.426,54.303513,-5.583983,330866.91
394005.0,19.04,101494.78,115.85,-9.685,0.431,-0.57,-0.037,0.013,0.009,127.611,87.837,323.696,54.303513,-5.583983,330866.91
394254.0,19.04,101494.62,115.86,-9.682,0.201,-0.532,-0.033,-0.008,0.015,132.256,87.747,323.843,54.303513,-5.583983,330866.91
394503.0,19.04,101498.09,115.57,-9.766,0.314,-0.048,-0.026,-0.003,0.006,119.563,87.633,324.084,54.303513,-5.583983,330866.91
394756.0,19.04,101496.62,115.69,-9.766,0.108,-0.017,-0.036,0.005,0.018,120.171,87.942,324.235,54.303513,-5.583983,330866.91
395008.0,19.04,101494.84,115.84,-9.759,0.201,-0.247,-0.031,0.011,0.003,119.646,88.018,324.402,54.303513,-5.583983,330866.91
395257.0,19.04,101495.73,115.77,-9.735,0.206,-0.189,-0.043,0.012,0.031,100.588,88.333,324.601,54.303513,-5.583983,330866.91
395506.0,19.04,101497.53,115.56,-9.759,0.227,-0.371,-0.038,0.002,0.003,117.965,87.899,324.779,54.303513,-5.583983,330866.91
395759.0,19.04,101500.14,115.4,-9.783,0.249,-0.261,-0.051,0.006,0.025,132.025,88.222,324.988,54.303513,-5.583983,330866.91
396007.0,19.04,101501.37,115.3,-9.833,0.204,-0.237,-0.029,0.003,0.013,133.84,88.005,325.245,54.303513,-5.583983,330866.91
396256.0,19.05,101501.75,115.27,-9.656,0.323,-0.345,-0.036,0.002,0.019,138.073,88.134,325.426,54.303513,-5.583983,330866.91
396505.0,19.05,101502.07,115.24,-9.831,0.086,-0.134,-0.02,0.009,0.01,130.416,88.102,325.631,54.303513,-5.583983,330866.91
396758.0,19.05,101502.98,115.17,-9.72,0.285,-0.247,-0.03,0.003,0.023,135.024,88.281,325.808,54.303513,-5.583983,330866.91
397008.0,19.05,101503.23,115.15,-9.764,0.211,-0.314,-0.034,0.007,0.011,135.33,88.106,326.024,54.303513,-5.583983,330866.91
397257.0,19.05,101503.23,115.15,-9.725,0.304,-0.278,-0.042,0.005,0.019,136.829,88.226,326.226,54.303513,-5.583983,330866.91
397506.0,19.05,101502.25,115.23,-9.701,0.304,-0.261,-0.035,0.004,0.011,134.924,88.078,326.436,54.303513,-5.583983,330866.91
397759.0,19.05,101502.57,115.2,-9.728,0.309,-0.345,-0.031,0.005,0.014,137.42,88.187,326.58,54.303513,-5.583983,330866.91
398005.0,19.05,101500.7,115.35,-9.668,0.321,-0.402,-0.028,0.001,0.016,136.131,88.097,326.785,54.303513,-5.583983,330866.91
398255.0,19.05,101500.22,115.44,-9.881,0.096,0.002,-0.02,-0.006,0.023,113.154,88.02,326.982,54.303513,-5.583983,330866.91
398504.0,19.05,101498.75,115.52,-9.809,0.081,0.048,-0.019,0.006,0.009,103.667,87.871,327.158,54.303513,-5.583983,330866.91
398757.0,19.05,101496.95,115.67,-9.78,0.151,-0.139,-0.049,0.007,0.013,121.583,87.993,327.367,54.303513,-5.583983,330866.91
399006.0,19.06,101496.19,115.73,-9.658,0.259,-0.412,-0.041,0.014,0.014,116.045,88.12,327.534,54.303513,-5.583983,330866.91
399256.0,19.05,101496.95,115.67,-9.728,0.309,-0.357,-0.019,0.001,0.016,119.014,88.065,327.748,54.303513,-5.583983,330866.91
399505.0,19.06,101498.64,115.53,-9.761,0.218,-0.371,-0.023,0.003,0.013,127.227,88.065,327.927,54.303513,-5.583983,330866.91
399758.0,19.06,101497.98,115.58,-9.778,0.189,-0.144,-0.047,0.007,0.008,129.985,88.063,328.095,54.303513,-5.583983,330866.91
400006.0,19.06,101497.94,115.58,-9.754,0.117,-0.136,-0.043,0.002,0.017,128.573,88.047,328.289,54.303513,-5.583983,330866.91
400255.0,19.06,101498.27,115.56,-9.706,0.105,-0.196,-0.051,0.013,0.015,131.968,88.201,328.487,54.303513,-5.583983,330866.91
400505.0,19.06,101498.52,115.54,-9.766,0.376,-0.29,-0.043,0.007,0.016,135.411,88.082,328.733,54.303513,-5.583983,330866.91
400758.0,19.06,101498.35,115.55,-9.706,0.297,-0.632,-0.037,0.015,0.014,121.054,88.136,328.873,54.303513,-5.583983,330866.91
401008.0,19.06,101499.06,115.49,-9.754,0.311,-0.204,-0.042,-0.001,0.009,127.445,87.964,329.112,54.303513,-5.583983,330866.91
401258.0,19.06,101499.16,115.48,-9.787,0.115,-0.194,-0.034,0.003,0.018,136.089,88.174,329.253,54.303513,-5.583983,330866.91
401507.0,19.06,101500.2,115.4,-9.744,0.402,-0.124,-0.016,0.009,0.008,133.308,87.972,329.505,54.303513,-5.583983,330866.91
401754.0,19.06,101500.69,115.36,-9.766,0.22,-0.376,-0.047,0.007,0.016,123.628,88.079,329.635,54.303513,-5.583983,330866.91
402008.0,19.07,101502.24,115.23,-9.716,0.23,-0.302,-0.03,0.013,0.009,128.892,88.076,329.882,54.303513,-5.583983,330866.91
402257.0,19.07,101503.22,115.15,-9.747,0.057,-0.366,-0.041,0.005,0.022,95.273,88.106,330.018,54.303513,-5.583983,330866.91
402506.0,19.07,101503.63,115.11,-9.744,0.242,-0.33,-0.052,0.008,0.015,116.876,88.057,330.252,54.303513,-5.583983,330866.91
402760.0,19.07,101503.14,115.15,-9.761,0.168,-0.206,-0.03,-0.001,0.018,120.544,88.077,330.428,54.303513,-5.583983,330866.91
403006.0,19.07,101502.0,115.25,-9.737,0.299,-0.223,-0.034,0.011,0.009,124.25,88.133,330.624,54.303513,-5.583983,330866.91
403255.0,19.07,101501.08,115.32,-9.752,0.136,-0.266,-0.037,0.005,0.018,136.441,88.14,330.813,54.303513,-5.583983,330866.91
403504.0,19.07,101500.38,115.38,-9.747,0.196,-0.292,-0.032,0.005,0.013,134.522,88.12,331.028,54.303513,-5.583983,330866.91
403758.0,19.07,101498.63,115.53,-9.776,0.261,-0.287,-0.045,-0.002,0.018,138.266,88.104,331.24,54.303513,-5.583983,330866.91
404004.0,19.07,101497.16,115.65,-9.723,0.208,-0.215,-0.028,0.013,0.01,134.653,88.186,331.416,54.303513,-5.583983,330866.91
404253.0,19.07,101497.82,115.59,-9.766,0.201,-0.271,-0.041,0.002,0.015,137.244,88.154,331.61,54.303513,-5.583983,330866.91
404508.0,19.07,101498.72,115.52,-9.768,0.196,-0.244,-0.032,0.01,0.015,137.057,88.18,331.839,54.303513,-5.583983,330866.91
404756.0,19.07,101500.19,115.4,-9.807,0.12,-0.297,-0.035,0.004,0.014,137.022,88.144,332.029,54.303513,-5.583983,330866.91
405004.0,19.08,101501.41,115.3,-9.766,0.199,-0.357,-0.034,0.012,0.015,137.936,88.111,332.262,54.303513,-5.583983,330866.91
405253.0,19.07,101501.49,115.29,-9.67,0.304,-0.517,-0.047,0.007,0.014,135.672,88.03,332.466,54.303513,-5.583983,330866.91
405508.0,19.08,101503.38,115.13,-9.744,0.376,-0.369,-0.027,0.002,0.016,133.924,88.081,332.688,54.303513,-5.583983,330866.91
405756.0,19.08,101501.41,115.3,-9.831,0.079,0.211,-0.052,0.009,0.018,129.877,88.061,332.873,54.303513,-5.583983,330866.91
406006.0,19.08,101500.49,115.37,-9.723,0.354,-0.273,-0.045,0.009,0.009,129.79,87.933,333.123,54.303513,-5.583983,330866.91
406255.0,19.08,101500.66,115.36,-9.723,0.129,-0.285,-0.031,0.011,0.017,132.382,88.219,333.236,54.303513,-5.583983,330866.91
406504.0,19.08,101500.58,115.36,-9.797,0.297,-0.354,-0.028,0.001,0.015,134.305,88.037,333.509,54.303513,-5.583983,330866.91
406757.0,19.08,101500.58,115.36,-9.823,0.086,-0.33,-0.021,0.0,0.016,128.188,88.076,333.62,54.303513,-5.583983,330866.91
407008.0,19.08,101500.09,115.41,-9.778,0.318,-0.055,-0.053,0.004,0.013,126.421,87.986,333.884,54.303513,-5.583983,330866.91
407257.0,19.08,101499.44,115.46,-9.776,0.271,-0.208,-0.043,-0.001,0.022,128.893,87.918,334.051,54.303513,-5.583983,330866.91
407506.0,19.08,101498.78,115.51,-9.689,0.474,-0.06,-0.031,0.007,0.004,126.256,87.793,334.28,54.303513,-5.583983,330866.91
407759.0,19.08,101498.7,115.52,-9.756,0.261,-0.464,-0.027,0.003,0.023,84.358,88.032,334.454,54.303513,-5.583983,330866.91
408006.0,19.08,101497.08,115.66,-9.826,0.201,-0.129,-0.027,0.008,0.005,102.423,87.816,334.707,54.303513,-5.583983,330866.91
408256.0,19.09,101495.53,115.78,-9.809,0.074,0.002,-0.046,-0.003,0.019,119.56,87.904,334.848,54.303513,-5.583983,330866.91
408505.0,19.09,101494.72,115.85,-9.74,0.091,-0.002,-0.039,0.016,0.012,107.536,87.936,335.057,54.303513,-5.583983,330866.91
408758.0,19.09,101494.06,115.91,-9.728,0.153,-0.299,-0.032,0.002,0.026,68.819,87.725,335.238,54.303513,-5.583983,330866.91
409006.0,19.09,101492.92,116.0,-9.74,0.347,-0.381,-0.021,0.015,0.011,85.933,87.445,335.481,54.303513,-5.583983,330866.91
409256.0,19.09,101494.72,115.85,-9.823,0.089,-0.491,-0.027,-0.009,0.017,108.308,87.502,335.614,54.303513,-5.583983,330866.91
409505.0,19.09,101495.7,115.77,-9.728,0.204,-0.105,-0.033,0.009,0.002,106.473,87.56,335.875,54.303513,-5.583983,330866.91
409758.0,19.09,101496.56,115.7,-9.744,0.014,-0.048,-0.04,-0.006,0.021,75.623,87.735,336.025,54.303513,-5.583983,330866.91
410006.0,19.09,101496.23,115.72,-9.773,0.194,-0.022,-0.033,0.015,0.01,86.078,87.838,336.286,54.303513,-5.583983,330866.91
410255.0,19.09,101496.0,115.74,-9.723,0.199,-0.314,-0.042,0.008,0.026,90.574,87.958,336.459,54.303513,-5.583983,330866.91
410504.0,19.09,101496.0,115.74,-9.742,0.122,-0.338,-0.039,0.024,0.014,90.949,88.034,336.646,54.303513,-5.583983,330866.91
410757.0,19.09,101495.34,115.8,-9.732,0.453,-0.503,-0.038,-0.007,0.017,106.526,87.747,336.9,54.303513,-5.583983,330866.91
411005.0,19.09,101496.25,115.72,-9.752,0.218,-0.318,-0.043,0.017,0.01,107.292,87.962,336.971,54.303513,-5.583983,330866.91
411254.0,19.09,101498.04,115.58,-9.74,0.474,-0.263,-0.042,-0.011,0.01,110.22,87.613,337.26,54.303513,-5.583983,330866.91
411503.0,19.09,101499.67,115.44,-9.754,0.177,-0.242,-0.038,0.015,0.016,104.488,88.209,337.342,54.303513,-5.583983,330866.91
411757.0,19.09,101500.0,115.41,-9.73,0.364,-0.108,-0.027,-0.01,0.012,126.939,87.777,337.646,54.303513,-5.583983,330866.91
412007.0,19.1,101498.91,115.5,-9.771,0.057,-0.091,-0.034,0.011,0.016,132.084,88.168,337.737,54.303513,-5.583983,330866.91
412256.0,19.1,101497.7,115.6,-9.725,0.366,-0.4,-0.047,0.011,0.017,132.09,88.099,338.023,54.303513,-5.583983,330866.91
412505.0,19.1,101498.02,115.58,-9.73,0.278,-0.524,-0.051,0.008,0.02,91.826,87.984,338.132,54.303513,-5.583983,330866.91
412758.0,19.1,101498.51,115.54,-9.778,0.474,-0.302,-0.037,0.006,0.012,101.684,87.861,338.425,54.303513,-5.583983,330866.91
413005.0,19.1,101499.58,115.45,-9.783,0.141,-0.091,-0.033,0.002,0.01,106.549,88.045,338.508,54.303513,-5.583983,330866.91
413254.0,19.1,101498.76,115.52,-9.735,0.227,-0.17,-0.026,0.009,0.013,109.03,88.004,338.8,54.303513,-5.583983,330866.91
413503.0,19.1,101499.41,115.46,-9.768,0.014,-0.244,-0.027,0.013,0.009,111.065,88.184,338.881,54.303513,-5.583983,330866.91
413757.0,19.1,101500.23,115.39,-9.711,0.333,-0.338,-0.038,0.005,0.024,110.814,88.053,339.218,54.303513,-5.583983,330866.91
414007.0,19.1,101500.55,115.37,-9.833,-0.022,-0.306,-0.043,0.006,0.013,104.98,87.994,339.348,54.303513,-5.583983,330866.91
414257.0,19.1,101499.9,115.42,-9.768,0.326,-0.273,-0.058,0.009,0.022,105.223,87.943,339.675,54.303513,-5.583983,330866.91
414506.0,19.1,101498.59,115.53,-9.761,0.225,-0.208,-0.046,0.007,0.005,117.833,87.857,339.781,54.303513,-5.583983,330866.91
414759.0,19.1,101498.43,115.54,-9.771,0.484,-0.204,-0.036,-0.004,0.018,107.489,87.878,340.044,54.303513,-5.583983,330866.91
415005.0,19.1,101497.78,115.6,-9.811,0.065,0.06,-0.038,0.007,0.009,112.264,88.001,340.151,54.303513,-5.583983,330866.91
415254.0,19.1,101496.64,115.69,-9.658,0.479,-0.393,-0.038,0.01,0.014,110.337,87.922,340.451,54.303513,-5.583983,330866.91
415503.0,19.1,101497.19,115.65,-9.816,0.026,-0.017,-0.007,0.002,0.007,119.231,87.973,340.522,54.303513,-5.583983,330866.91
415757.0,19.11,101499.06,115.49,-9.79,0.256,-0.273,-0.03,0.005,0.02,123.721,88.11,340.804,54.303513,-5.583983,330866.91
416007.0,19.11,101499.23,115.48,-9.792,0.117,-0.201,-0.029,0.004,0.006,127.753,88.045,340.933,54.303513,-5.583983,330866.91
416257.0,19.11,101499.39,115.46,-9.706,0.28,-0.402,-0.041,0.013,0.018,135.44,88.211,341.152,54.303513,-5.583983,330866.91
416506.0,19.11,101499.23,115.48,-9.725,0.239,-0.211,-0.031,0.003,0.006,133.216,88.015,341.335,54.303513,-5.583983,330866.91
416759.0,19.11,101499.48,115.46,-9.735,0.223,-0.357,-0.038,0.013,0.023,140.038,88.325,341.519,54.303513,-5.583983,330866.91
417008.0,19.11,101499.97,115.42,-9.768,0.225,-0.079,-0.03,-0.003,0.006,134.627,88.082,341.737,54.303513,-5.583983,330866.91
417257.0,19.11,101499.97,115.42,-9.79,0.105,-0.225,-0.034,0.006,0.019,138.824,88.312,341.894,54.303513,-5.583983,330866.91
417506.0,19.11,101500.29,115.39,-9.737,0.247,-0.182,-0.04,0.005,0.009,136.468,88.003,342.13,54.303513,-5.583983,330866.91
417760.0,19.11,101500.54,115.37,-9.73,0.294,-0.453,-0.033,0.009,0.018,135.044,88.299,342.313,54.303513,-5.583983,330866.91
418004.0,19.11,101501.84,115.26,-9.771,0.326,-0.342,-0.036,-0.003,0.011,134.559,88.102,342.52,54.303513,-5.583983,330866.91
418253.0,19.11,101502.5,115.21,-9.72,0.249,-0.397,-0.035,0.013,0.017,133.46,88.274,342.692,54.303513,-5.583983,330866.91
418508.0,19.11,101501.73,115.27,-9.747,0.254,-0.184,-0.023,-0.007,0.007,134.173,87.913,342.926,54.303513,-5.583983,330866.91
418755.0,19.12,101501.66,115.31,-9.78,0.163,-0.244,-0.035,0.006,0.015,134.175,88.182,343.086,54.303513,-5.583983,330866.91
419005.0,19.12,101502.31,115.22,-9.768,0.16,-0.034,-0.035,0.002,0.009,134.905,88.029,343.299,54.303513,-5.583983,330866.91
419254.0,19.12,101502.73,115.19,-9.749,0.053,-0.141,-0.033,0.012,0.018,134.995,88.302,343.477,54.303513,-5.583983,330866.91
419504.0,19.12,101501.75,115.27,-9.768,0.227,-0.345,-0.032,0.005,0.01,133.573,88.067,343.702,54.303513,-5.583983,330866.91
419757.0,19.12,101501.09,115.35,-9.72,0.275,-0.438,-0.046,0.009,0.019,136.413,88.241,343.881,54.303513,-5.583983,330866.91
420005.0,19.12,101501.8,115.26,-9.754,0.352,-0.326,-0.035,0.0,0.008,134.764,88.118,344.09,54.303513,-5.583983,330866.91
420255.0,19.12,101502.29,115.22,-9.783,0.201,-0.244,-0.035,0.003,0.018,140.043,88.233,344.252,54.303513,-5.583983,330866.91
420504.0,19.12,101501.15,115.32,-9.756,0.239,-0.215,-0.039,0.008,0.014,137.468,88.137,344.495,54.303513,-5.583983,330866.91
420757.0,19.12,101500.66,115.36,-9.742,0.175,-0.29,-0.042,0.008,0.016,139.171,88.19,344.668,54.303513,-5.583983,330866.91
421008.0,19.12,101500.09,115.41,-9.759,0.146,-0.084,-0.036,0.0,0.017,137.891,88.145,344.925,54.303513,-5.583983,330866.91
421257.0,19.12,101499.28,115.47,-9.742,0.247,-0.247,-0.026,-0.004,0.013,137.753,88.05,345.13,54.303513,-5.583983,330866.91
421507.0,19.12,101498.46,115.54,-9.768,0.249,-0.124,-0.029,0.004,0.01,135.503,88.091,345.349,54.303513,-5.583983,330866.91
421760.0,19.12,101498.46,115.54,-9.716,0.232,-0.261,-0.03,0.004,0.014,136.897,88.16,345.512,54.303513,-5.583983,330866.91
422004.0,19.12,101498.78,115.51,-9.723,0.273,-0.18,-0.039,0.003,0.016,135.531,88.17,345.729,54.303513,-5.583983,330866.91
422253.0,19.13,101499.2,115.48,-9.768,0.316,-0.438,-0.031,-0.003,0.019,138.65,88.052,345.949,54.303513,-5.583983,330866.91
422508.0,19.13,101498.88,115.51,-9.744,0.194,-0.297,-0.022,0.011,0.011,123.399,88.147,346.131,54.303513,-5.583983,330866.91
422756.0,19.13,101498.38,115.55,-9.785,0.204,-0.328,-0.04,-0.006,0.015,137.449,87.909,346.316,54.303513,-5.583983,330866.91
423007.0,19.13,101498.44,115.54,-9.785,0.196,-0.072,-0.036,0.012,0.011,134.341,88.046,346.502,54.303513,-5.583983,330866.91
423256.0,19.13,101498.77,115.51,-9.773,0.18,-0.196,-0.039,-0.003,0.013,137.938,87.894,346.711,54.303513,-5.583983,330866.91
423506.0,19.13,101499.34,115.47,-9.761,0.057,-0.144,-0.047,0.017,0.015,132.789,88.166,346.892,54.303513,-5.583983,330866.91
423759.0,19.13,101499.17,115.48,-9.713,0.225,-0.316,-0.018,-0.005,0.012,136.4,88.069,347.121,54.303513,-5.583983,330866.91
424008.0,19.13,101499.42,115.46,-9.831,0.084,-0.029,-0.019,0.006,0.016,126.804,88.199,347.299,54.303513,-5.583983,330866.91
424258.0,19.13,101499.59,115.45,-9.795,0.122,-0.244,-0.037,0.002,0.011,134.767,88.076,347.496,54.303513,-5.583983,330866.91
424507.0,19.13,101499.75,115.43,-9.725,0.28,-0.151,-0.037,0.009,0.013,131.706,88.147,347.718,54.303513,-5.583983,330866.91
424760.0,19.13,101499.59,115.45,-9.756,0.194,-0.156,-0.019,0.001,0.01,135.321,88.084,347.896,54.303513,-5.583983,330866.91
425007.0,19.14,101500.3,115.39,-9.73,0.235,-0.29,-0.036,0.013,0.014,136.113,88.067,348.108,54.303513,-5.583983,330866.91
425256.0,19.14,101499.8,115.43,-9.742,0.237,-0.397,-0.039,0.007,0.014,137.677,88.123,348.291,54.303513,-5.583983,330866.91
425505.0,19.14,101499.89,115.42,-9.773,0.165,-0.189,-0.029,0.005,0.01,136.516,88.123,348.474,54.303513,-5.583983,330866.91
425758.0,19.14,101500.55,115.37,-9.749,0.213,-0.201,-0.034,0.008,0.014,137.486,88.173,348.689,54.303513,-5.583983,330866.91
426004.0,19.14,101501.52,115.29,-9.723,0.177,-0.093,-0.029,0.001,0.009,136.307,88.059,348.877,54.303513,-5.583983,330866.91
426253.0,19.14,101501.69,115.29,-9.744,0.177,-0.204,-0.029,0.005,0.019,139.857,88.246,349.075,54.303513,-5.583983,330866.91
426508.0,19.14,101501.03,115.33,-9.742,0.215,-0.175,-0.036,0.01,0.013,134.158,88.178,349.277,54.303513,-5.583983,330866.91
426756.0,19.14,101501.03,115.33,-9.742,0.29,-0.366,-0.053,0.013,0.021,141.06,88.227,349.482,54.303513,-5.583983,330866.91
427003.0,19.14,101501.45,115.29,-9.785,0.259,-0.151,-0.02,-0.001,0.01,134.671,88.165,349.688,54.303513,-5.583983,330866.91
427258.0,19.14,101501.12,115.32,-9.78,0.132,-0.151,-0.038,0.006,0.018,140.149,88.171,349.878,54.303513,-5.583983,330866.91
427507.0,19.14,101500.47,115.37,-9.756,0.23,-0.22,-0.032,0.005,0.007,133.511,88.081,350.097,54.303513,-5.583983,330866.91
427755.0,19.14,101500.39,115.38,-9.816,0.089,-0.101,-0.039,0.01,0.022,133.439,88.266,350.273,54.303513,-5.583983,330866.91
428005.0,19.14,101499.91,115.42,-9.706,0.306,-0.414,-0.043,0.009,0.004,129.523,88.078,350.468,54.303513,-5.583983,330866.91
428254.0,19.14,101500.06,115.41,-9.737,0.283,-0.354,-0.045,0.0,0.025,141.901,88.205,350.64,54.303513,-5.583983,330866.91
428503.0,19.14,101500.55,115.37,-9.759,0.237,-0.271,-0.04,0.014,0.01,133.693,88.126,350.853,54.303513,-5.583983,330866.91
428756.0,19.14,101499.91,115.42,-9.74,0.283,-0.223,-0.036,0.005,0.02,138.991,88.187,351.05,54.303513,-5.583983,330866.91
429007.0,19.14,101499.25,115.48,-9.737,0.204,-0.333,-0.031,0.005,0.008,135.814,88.156,351.235,54.303513,-5.583983,330866.91
429256.0,19.15,101498.81,115.51,-9.756,0.23,-0.12,-0.049,0.006,0.022,139.088,88.244,351.48,54.303513,-5.583983,330866.91
429505.0,19.15,101497.19,115.65,-9.711,0.22,-0.309,-0.034,0.0,0.001,133.94,87.879,351.66,54.303513,-5.583983,330866.91
429759.0,19.15,101496.2,115.73,-9.732,0.237,-0.28,-0.042,0.012,0.021,127.306,88.271,351.822,54.303513,-5.583983,330866.91
430007.0,19.15,101495.06,115.82,-9.737,0.223,-0.342,-0.041,0.005,0.007,130.038,88.115,352.044,54.303513,-5.583983,330866.91
430256.0,19.15,101494.34,115.88,-9.78,0.263,-0.139,-0.04,0.005,0.018,134.22,88.207,352.272,54.303513,-5.583983,330866.91
430506.0,19.15,101494.66,115.86,-9.716,0.287,-0.486,-0.027,0.007,0.004,131.711,88.055,352.415,54.303513,-5.583983,330866.91
430759.0,19.15,101495.15,115.82,-9.704,0.347,-0.247,-0.031,0.002,0.025,128.628,88.196,352.679,54.303513,-5.583983,330866.91
431004.0,19.15,101496.38,115.71,-9.773,0.148,-0.199,-0.039,0.001,0.005,131.662,88.022,352.803,54.303513,-5.583983,330866.91
431254.0,19.15,101495.8,115.76,-9.766,0.342,-0.271,-0.029,0.009,0.024,136.972,88.269,353.05,54.303513,-5.583983,330866.91
431503.0,19.15,101495.31,115.8,-9.778,0.275,-0.249,-0.031,0.0,0.008,134.533,87.955,353.265,54.303513,-5.583983,330866.91
431756.0,19.15,101495.73,115.77,-9.792,0.043,-0.11,-0.042,0.011,0.017,136.279,88.334,353.394,54.303513,-5.583983,330866.91
432003.0,19.15,101494.91,115.83,-9.732,0.318,-0.393,-0.03,0.0,0.006,137.962,88.112,353.597,54.303513,-5.583983,330866.91
432258.0,19.15,101494.64,115.86,-9.735,0.081,-0.12,-0.037,0.014,0.018,140.289,88.448,353.719,54.303513,-5.583983,330866.91
432507.0,19.15,101497.09,115.65,-9.768,0.266,-0.105,-0.022,0.001,0.009,137.576,88.032,354.012,54.303513,-5.583983,330866.91
432755.0,19.15,101498.55,115.53,-9.718,0.158,-0.239,-0.042,0.019,0.01,129.86,88.213,354.123,54.303513,-5.583983,330866.91
433003.0,19.15,101499.2,115.48,-9.74,0.244,-0.285,-0.03,0.005,0.012,127.18,88.097,354.391,54.303513,-5.583983,330866.91
433253.0,19.15,101499.86,115.42,-9.766,0.065,-0.18,-0.021,0.004,0.011,133.847,88.226,354.495,54.303513,-5.583983,330866.91
433508.0,19.15,101500.67,115.36,-9.759,0.309,-0.362,-0.034,-0.002,0.015,138.979,88.095,354.749,54.303513,-5.583983,330866.91
433755.0,19.15,101500.84,115.34,-9.754,0.113,-0.163,-0.037,0.011,0.013,137.713,88.233,354.87,54.303513,-5.583983,330866.91
434004.0,19.16,101501.58,115.28,-9.749,0.371,-0.249,-0.038,0.002,0.017,140.836,88.168,355.131,54.303513,-5.583983,330866.91
434254.0,19.16,101501.91,115.26,-9.754,0.177,-0.158,-0.037,0.008,0.014,136.479,88.232,355.292,54.303513,-5.583983,330866.91
434503.0,19.16,101501.91,115.26,-9.749,0.256,-0.354,-0.037,0.009,0.018,139.354,88.267,355.517,54.303513,-5.583983,330866.91
434756.0,19.16,101502.97,115.17,-9.759,0.215,-0.211,-0.031,0.004,0.01,134.739,88.129,355.678,54.303513,-5.583983,330866.91
435004.0,19.16,101502.15,115.23,-9.749,0.251,-0.486,-0.039,0.006,0.019,138.149,88.279,355.922,54.303513,-5.583983,330866.91
435253.0,19.16,101501.88,115.26,-9.756,0.124,-0.172,-0.035,0.008,0.007,134.02,88.123,356.081,54.303513,-5.583983,330866.91
435503.0,19.16,101502.2,115.23,-9.744,0.189,-0.287,-0.04,0.005,0.023,142.188,88.216,356.323,54.303513,-5.583983,330866.91
435756.0,19.16,101502.86,115.18,-9.768,0.156,-0.139,-0.043,0.01,0.009,135.627,88.128,356.498,54.303513,-5.583983,330866.91
436004.0,19.16,101503.34,115.14,-9.74,0.311,-0.373,-0.034,0.005,0.021,140.353,88.255,356.749,54.303513,-5.583983,330866.91
436253.0,19.16,101503.34,115.14,-9.776,0.12,-0.227,-0.033,0.005,0.004,135.318,88.06,356.889,54.303513,-5.583983,330866.91
436508.0,19.16,101502.94,115.17,-9.756,0.201,-0.318,-0.039,0.004,0.022,144.269,88.198,357.137,54.303513,-5.583983,330866.91
436755.0,19.16,101502.94,115.17,-9.78,0.192,-0.134,-0.033,0.001,0.004,135.89,88.015,357.307,54.303513,-5.583983,330866.91
437006.0,19.17,101502.87,115.18,-9.744,0.309,-0.359,-0.044,0.004,0.021,145.089,88.172,357.509,54.303513,-5.583983,330866.91
437255.0,19.16,101501.8,115.26,-9.744,0.196,-0.17,-0.026,0.003,0.007,135.929,88.024,357.715,54.303513,-5.583983,330866.91
437504.0,19.16,101501.8,115.26,-9.72,0.249,-0.113,-0.041,0.006,0.019,139.625,88.281,357.929,54.303513,-5.583983,330866.91
437758.0,19.17,101501.56,115.28,-9.756,0.235,-0.201,-0.03,0.007,0.007,134.309,88.034,358.147,54.303513,-5.583983,330866.91
438005.0,19.17,101500.91,115.34,-9.747,0.151,-0.182,-0.03,0.008,0.017,134.346,88.233,358.323,54.303513,-5.583983,330866.91
438254.0,19.17,101500.42,115.38,-9.756,0.182,-0.373,-0.035,0.003,0.011,136.911,88.018,358.54,54.303513,-5.583983,330866.91
438503.0,19.17,101500.48,115.37,-9.771,0.139,-0.168,-0.037,0.006,0.017,138.242,88.19,358.716,54.303513,-5.583983,330866.91
438756.0,19.17,101500.64,115.36,-9.764,0.206,-0.227,-0.038,0.0,0.013,139.432,88.095,358.932,54.303513,-5.583983,330866.91
439005.0,19.17,101501.7,115.27,-9.744,0.211,-0.251,-0.035,0.009,0.015,139.375,88.245,359.105,54.303513,-5.583983,330866.91
439254.0,19.17,101502.19,115.23,-9.759,0.235,-0.177,-0.035,0.001,0.014,139.677,88.132,359.316,54.303513,-5.583983,330866.91
439503.0,19.17,101502.52,115.2,-9.752,0.256,-0.366,-0.038,0.011,0.015,138.917,88.238,359.497,54.303513,-5.583983,330866.91
439757.0,19.17,101502.93,115.17,-9.759,0.227,-0.271,-0.037,0.005,0.013,139.0,88.169,359.704,54.303513,-5.583983,330866.91
440003.0,19.18,101503.02,115.16,-9.773,0.168,-0.311,-0.041,0.007,0.015,138.872,88.248,359.879,54.303513,-5.583983,330866.91
440257.0,19.18,101502.69,115.19,-9.744,0.156,-0.134,-0.038,0.008,0.013,136.506,88.216,360.098,54.303513,-5.583983,330866.91
440507.0,19.18,101502.2,115.23,-9.749,0.184,-0.247,-0.037,0.006,0.017,140.442,88.193,360.297,54.303513,-5.583983,330866.91
440760.0,19.18,101502.53,115.2,-9.759,0.239,-0.263,-0.038,0.01,0.013,135.016,88.247,360.48,54.303513,-5.583983,330866.91
441006.0,19.18,101502.75,115.18,-9.74,0.294,-0.328,-0.036,0.006,0.019,139.968,88.323,360.697,54.303513,-5.583983,330866.91
441256.0,19.18,101502.91,115.17,-9.778,0.199,-0.218,-0.023,0.004,0.006,136.51,88.149,360.882,54.303513,-5.583983,330866.91
441505.0,19.18,101502.75,115.18,-9.756,0.215,-0.294,-0.036,0.002,0.016,142.463,88.181,361.07,54.303513,-5.583983,330866.91
441758.0,19.18,101502.42,115.21,-9.759,0.18,-0.218,-0.036,0.006,0.011,138.342,88.145,361.278,54.303513,-5.583983,330866.91
442005.0,19.18,101501.77,115.27,-9.725,0.211,-0.175,-0.038,0.002,0.018,140.686,88.172,361.496,54.303513,-5.583983,330866.91
442254.0,19.18,101501.61,115.28,-9.754,0.141,-0.263,-0.035,0.003,0.01,138.173,88.094,361.694,54.303513,-5.583983,330866.91
442503.0,19.18,101500.78,115.35,-9.718,0.247,-0.273,-0.035,0.006,0.017,137.794,88.231,361.925,54.303513,-5.583983,330866.91
442756.0,19.18,101499.33,115.47,-9.749,0.206,-0.345,-0.03,0.005,0.015,138.626,88.153,362.111,54.303513,-5.583983,330866.91
443007.0,19.18,101497.77,115.6,-9.759,0.211,-0.208,-0.029,0.009,0.017,136.906,88.215,362.34,54.303513,-5.583983,330866.91
443256.0,19.18,101496.63,115.69,-9.752,0.129,-0.23,-0.029,-0.003,0.012,140.068,87.998,362.504,54.303513,-5.583983,330866.91
443505.0,19.18,101496.96,115.66,-9.773,0.239,-0.213,-0.046,0.009,0.016,138.219,88.213,362.699,54.303513,-5.583983,330866.91
443758.0,19.18,101497.28,115.64,-9.766,0.192,-0.211,-0.035,0.003,0.011,138.907,88.073,362.886,54.303513,-5.583983,330866.91
444005.0,19.18,101496.96,115.65,-9.756,0.297,-0.338,-0.036,0.011,0.014,136.654,88.247,363.093,54.303513,-5.583983,330866.91
444254.0,19.18,101497.86,115.59,-9.747,0.254,-0.294,-0.034,0.0,0.012,140.073,88.074,363.255,54.303513,-5.583983,330866.91
444503.0,19.18,101498.19,115.56,-9.735,0.249,-0.242,-0.035,0.012,0.016,136.071,88.341,363.477,54.303513,-5.583983,330866.91
444756.0,19.18,101498.35,115.55,-9.764,0.244,-0.321,-0.034,-0.002,0.012,138.89,88.027,363.671,54.303513,-5.583983,330866.91
445005.0,19.19,101500.03,115.41,-9.744,0.275,-0.34,-0.038,0.009,0.016,135.761,88.211,363.871,54.303513,-5.583983,330866.91
445254.0,19.19,101500.85,115.34,-9.778,0.22,-0.122,-0.034,-0.003,0.008,137.27,87.936,364.063,54.303513,-5.583983,330866.91
445503.0,19.19,101502.24,115.23,-9.754,0.201,-0.316,-0.035,0.014,0.018,138.189,88.319,364.253,54.303513,-5.583983,330866.91
445756.0,19.19,101502.73,115.19,-9.754,0.227,-0.141,-0.028,0.0,0.006,135.74,87.975,364.453,54.303513,-5.583983,330866.91
446003.0,19.19,101502.73,115.19,-9.771,0.139,-0.318,-0.039,0.012,0.022,137.748,88.378,364.648,54.303513,-5.583983,330866.91
446258.0,19.19,101503.22,115.15,-9.756,0.211,-0.089,-0.027,0.002,0.008,133.949,88.042,364.88,54.303513,-5.583983,330866.91
446507.0,19.19,101503.05,115.16,-9.74,0.206,-0.4,-0.037,0.011,0.018,139.885,88.274,365.038,54.303513,-5.583983,330866.91
446754.0,19.19,101503.63,115.11,-9.74,0.28,-0.237,-0.029,-0.003,0.008,138.327,87.948,365.253,54.303513,-5.583983,330866.91
447003.0,19.19,101504.34,115.05,-9.776,0.089,-0.163,-0.036,0.011,0.017,138.122,88.336,365.421,54.303513,-5.583983,330866.91
447253.0,19.19,101503.8,115.1,-9.756,0.206,-0.218,-0.032,0.001,0.01,138.941,88.037,365.656,54.303513,-5.583983,330866.91
447507.0,19.19,101503.84,115.09,-9.768,0.093,-0.227,-0.038,0.01,0.018,141.563,88.333,365.807,54.303513,-5.583983,330866.91
447755.0,19.19,101503.69,115.11,-9.742,0.268,-0.177,-0.034,0.002,0.012,138.782,88.095,366.065,54.303513,-5.583983,330866.91
448008.0,19.2,101502.8,115.18,-9.754,0.115,-0.223,-0.037,0.007,0.018,137.279,88.244,366.237,54.303513,-5.583983,330866.91
448257.0,19.2,101502.47,115.21,-9.747,0.294,-0.285,-0.039,0.007,0.014,136.794,88.13,366.496,54.303513,-5.583983,330866.91
448506.0,19.2,101502.3,115.22,-9.766,0.144,-0.347,-0.035,0.005,0.016,141.75,88.194,366.643,54.303513,-5.583983,330866.91
448759.0,19.2,101502.3,115.22,-9.747,0.287,-0.273,-0.037,0.005,0.013,138.857,88.148,366.892,54.303513,-5.583983,330866.91
449003.0,19.2,101502.8,115.18,-9.761,0.213,-0.271,-0.038,0.002,0.013,140.472,88.092,367.051,54.303513,-5.583983,330866.91
449253.0,19.2,101503.7,115.11,-9.752,0.23,-0.204,-0.037,0.006,0.013,138.227,88.199,367.277,54.303513,-5.583983,330866.91
449507.0,19.2,101503.53,115.12,-9.747,0.103,-0.17,-0.032,0.003,0.016,140.653,88.202,367.45,54.303513,-5.583983,330866.91
449755.0,19.2,101503.2,115.15,-9.744,0.247,-0.263,-0.042,0.01,0.016,136.902,88.256,367.68,54.303513,-5.583983,330866.91
450008.0,19.2,101502.64,115.19,-9.74,0.17,-0.235,-0.04,0.006,0.019,141.266,88.254,367.893,54.303513,-5.583983,330866.91
450257.0,19.2,101502.31,115.22,-9.756,0.254,-0.292,-0.041,0.006,0.01,137.67,88.022,368.141,54.303513,-5.583983,330866.91
450506.0,19.2,101501.23,115.31,-9.768,0.151,0.029,-0.056,0.004,0.023,140.727,88.191,368.325,54.303513,-5.583983,330866.91
450759.0,19.2,101499.77,115.43,-9.747,0.227,-0.323,-0.034,0.011,0.009,132.522,87.986,368.564,54.303513,-5.583983,330866.91
451004.0,19.21,101498.54,115.53,-9.804,0.235,-0.043,-0.026,-0.001,0.02,137.635,87.971,368.77,54.303513,-5.583983,330866.91
451254.0,19.2,101497.15,115.65,-9.73,0.362,-0.493,-0.03,0.008,0.009,136.243,87.931,368.967,54.303513,-5.583983,330866.91
451503.0,19.2,101496.83,115.68,-9.752,0.294,-0.285,-0.027,0.01,0.01,134.112,88.029,369.145,54.303513,-5.583983,330866.91
451756.0,19.2,101497.15,115.65,-9.737,0.153,-0.426,-0.036,0.0,0.008,136.885,87.929,369.324,54.303513,-5.583985,330866.84
452006.0,19.2,101498.95,115.5,-9.742,0.165,-0.242,-0.037,0.01,0.014,136.528,88.122,369.513,54.303513,-5.583985,330866.84
452256.0,19.2,101499.77,115.43,-9.754,0.177,-0.067,-0.039,-0.003,0.015,139.601,87.999,369.736,54.303513,-5.583985,330866.84
452505.0,19.2,101500.58,115.36,-9.778,-0.019,-0.113,-0.035,0.015,0.011,127.81,88.266,369.883,54.303513,-5.583985,330866.84
452758.0,19.2,101501.06,115.32,-9.759,0.335,-0.184,-0.043,-0.001,0.024,123.619,88.121,370.17,54.303513,-5.583985,330866.84
453006.0,19.21,101500.98,115.33,-9.747,0.139,-0.249,-0.033,0.01,0.008,127.545,88.035,370.281,54.303513,-5.583985,330866.84
453256.0,19.2,101499.11,115.49,-9.73,0.424,-0.297,-0.05,0.003,0.027,119.788,88.09,370.601,54.303513,-5.583985,330866.84
453505.0,19.2,101498.12,115.57,-9.737,0.108,-0.34,-0.032,0.013,0.005,127.355,87.999,370.71,54.303513,-5.583985,330866.84
453758.0,19.21,101497.89,115.59,-9.716,0.369,-0.23,-0.048,0.004,0.022,138.301,88.102,370.991,54.303513,-5.583985,330866.84
454008.0,19.21,101498.14,115.57,-9.773,0.139,-0.455,-0.022,0.002,0.003,134.249,87.855,371.108,54.303513,-5.583985,330866.84
454257.0,19.21,101498.47,115.54,-9.752,0.232,-0.031,-0.031,0.004,0.019,125.67,88.124,371.365,54.303513,-5.583985,330866.84
454506.0,19.21,101499.28,115.47,-9.768,0.091,-0.292,-0.023,0.005,0.002,132.017,87.976,371.466,54.303513,-5.583985,330866.84
454759.0,19.21,101500.42,115.38,-9.756,0.297,-0.168,-0.035,0.011,0.021,139.179,88.233,371.714,54.303513,-5.583985,330866.84
455008.0,19.21,101501.73,115.27,-9.764,0.165,-0.479,-0.03,0.0,0.009,138.772,87.932,371.879,54.303513,-5.583985,330866.84
455257.0,19.21,101502.22,115.23,-9.74,0.376,-0.407,-0.041,0.006,0.015,136.407,88.102,372.119,54.303513,-5.583985,330866.84
455506.0,19.21,101502.7,115.19,-9.752,0.237,-0.266,-0.025,-0.003,0.008,137.524,87.947,372.293,54.303513,-5.583985,330866.84
455759.0,19.21,101503.58,115.12,-9.759,0.182,-0.134,-0.037,0.008,0.015,136.388,88.233,372.507,54.303513,-5.583985,330866.84
456005.0,19.21,101503.91,115.09,-9.768,0.165,-0.182,-0.035,0.001,0.013,138.84,88.185,372.687,54.303513,-5.583985,330866.84
456254.0,19.21,101503.91,115.09,-9.74,0.237,-0.283,-0.034,0.01,0.014,137.328,88.306,372.887,54.303513,-5.583985,330866.84
456503.0,19.21,101504.31,115.06,-9.768,0.225,-0.199,-0.029,-0.001,0.01,139.653,88.091,373.069,54.303513,-5.583985,330866.84
456756.0,19.21,101503.98,115.08,-9.749,0.22,-0.28,-0.032,0.008,0.014,140.415,88.245,373.266,54.303513,-5.583985,330866.84
457019.0,19.21,101503.98,115.08,-9.759,0.136,-0.132,-0.034,0.003,0.011,141.131,88.171,373.473,54.303513,-5.583985,330866.84
457257.0,19.22,101503.75,115.1,-9.764,0.213,-0.242,-0.037,0.008,0.015,139.618,88.258,373.666,54.303513,-5.583985,330866.84
457506.0,19.22,101504.4,115.05,-9.728,0.261,-0.23,-0.034,0.003,0.011,140.03,88.118,373.868,54.303513,-5.583985,330866.84
457759.0,19.22,101505.27,114.98,-9.79,0.129,-0.278,-0.037,0.011,0.017,140.223,88.366,374.045,54.303513,-5.583985,330866.84
458005.0,19.22,101505.44,114.96,-9.752,0.223,-0.232,-0.036,0.0,0.011,140.886,88.143,374.281,54.303513,-5.583985,330866.84
458254.0,19.22,101506.17,114.9,-9.766,0.093,-0.163,-0.037,0.011,0.018,141.803,88.37,374.453,54.303513,-5.583985,330866.84
458504.0,19.22,101505.19,114.98,-9.766,0.237,-0.232,-0.03,0.003,0.01,138.485,88.082,374.685,54.303513,-5.583985,330866.84
458757.0,19.22,101504.54,115.04,-9.752,0.115,-0.297,-0.04,0.008,0.021,141.356,88.317,374.833,54.303513,-5.583985,330866.84
459016.0,19.22,101504.95,115.0,-9.761,0.28,-0.204,-0.032,0.002,0.011,140.763,88.219,375.113,54.303513,-5.583985,330866.84
459255.0,19.22,101505.35,114.97,-9.79,0.026,-0.136,-0.038,0.009,0.013,142.409,88.299,375.209,54.303513,-5.583985,330866.84
459504.0,19.22,101505.12,114.99,-9.752,0.225,-0.194,-0.043,0.003,0.017,141.875,88.217,375.461,54.303513,-5.583985,330866.84
459757.0,19.22,101503.48,115.12,-9.742,0.278,-0.338,-0.035,0.01,0.017,134.511,88.301,375.637,54.303513,-5.583983,330866.91
460007.0,19.22,101502.34,115.22,-9.706,0.378,-0.213,-0.033,0.003,0.015,138.639,88.092,375.91,54.303513,-5.583983,330866.91
460256.0,19.23,101502.07,115.24,-9.749,0.297,-0.412,-0.038,0.005,0.012,139.225,88.118,376.052,54.303513,-5.583983,330866.91
460505.0,19.23,101503.21,115.15,-9.732,0.239,-0.136,-0.031,0.002,0.016,132.046,88.12,376.289,54.303513,-5.583983,330866.91
460759.0,19.23,101503.38,115.13,-9.811,0.081,-0.048,-0.034,0.003,0.011,131.915,88.156,376.426,54.303513,-5.583983,330866.91
461005.0,19.23,101503.62,115.11,-9.771,0.306,-0.132,-0.043,0.01,0.018,136.173,88.194,376.697,54.303513,-5.583983,330866.91
461254.0,19.23,101503.22,115.15,-9.697,0.225,-0.302,-0.032,0.009,0.006,135.287,88.101,376.816,54.303513,-5.583983,330866.91
461503.0,19.23,101502.25,115.23,-9.72,0.345,-0.357,-0.035,0.007,0.022,141.239,88.171,377.096,54.303513,-5.583983,330866.91
461757.0,19.23,101501.75,115.27,-9.766,0.136,-0.223,-0.03,0.007,0.006,136.073,88.045,377.245,54.303513,-5.583983,330866.91
462006.0,19.23,101502.0,115.25,-9.74,0.206,-0.22,-0.034,0.008,0.023,142.959,88.325,377.473,54.303513,-5.583983,330866.91
462255.0,19.24,101502.38,115.22,-9.792,0.108,-0.211,-0.03,0.0,0.005,139.915,87.976,377.63,54.303513,-5.583983,330866.91
462504.0,19.23,101501.67,115.27,-9.754,0.283,-0.314,-0.035,0.015,0.026,140.117,88.414,377.893,54.303513,-5.583983,330866.91
462757.0,19.24,101501.89,115.26,-9.73,0.148,-0.39,-0.03,-0.004,0.0,138.752,87.827,378.026,54.30352,-5.583983,330867.56
463003.0,19.24,101502.38,115.22,-9.749,0.12,-0.366,-0.047,0.012,0.028,124.224,88.373,378.249,54.30352,-5.583983,330867.56
463258.0,19.24,101502.06,115.24,-9.747,0.285,-0.376,-0.03,-0.001,0.002,129.792,87.738,378.525,54.30352,-5.583983,330867.56
463507.0,19.24,101501.41,115.3,-9.893,0.002,0.053,-0.038,0.003,0.023,119.317,88.205,378.671,54.30352,-5.583983,330867.56
463755.0,19.24,101501.08,115.32,-9.716,0.227,-0.239,-0.039,0.004,0.001,124.856,87.788,378.899,54.30352,-5.583983,330867.56
464005.0,19.24,101500.52,115.37,-9.783,0.005,0.002,-0.043,0.015,0.023,117.315,88.17,379.077,54.30352,-5.583983,330867.56
464254.0,19.24,101497.74,115.6,-9.728,0.172,-0.251,-0.03,0.008,0.013,127.504,87.979,379.365,54.30352,-5.583983,330867.56
464503.0,19.24,101495.45,115.79,-9.735,0.141,-0.28,-0.04,0.008,0.014,126.773,88.062,379.522,54.30352,-5.583983,330867.56
464756.0,19.24,101495.12,115.82,-9.778,0.251,-0.357,-0.021,0.008,0.014,127.475,88.202,379.729,54.30352,-5.583983,330867.56
465036.0,19.24,101494.64,115.86,-9.744,0.11,-0.105,-0.041,0.003,0.011,119.039,88.109,379.902,54.30352,-5.583983,330867.56
465258.0,19.24,101494.97,115.83,-9.78,0.208,-0.18,-0.02,0.0,0.005,108.638,87.957,380.09,54.30352,-5.583983,330867.56
465507.0,19.24,101494.89,115.84,-9.84,-0.11,0.141,-0.027,0.001,0.012,87.867,87.873,380.231,54.30352,-5.583983,330867.56
465754.0,19.24,101495.88,115.75,-9.711,0.158,-0.153,-0.026,0.006,0.006,98.163,87.856,380.497,54.30352,-5.583983,330867.56
466004.0,19.24,101497.66,115.61,-9.73,0.055,-0.177,-0.031,0.008,0.019,79.051,88.033,380.64,54.30352,-5.583983,330867.56
466254.0,19.24,101499.52,115.45,-9.68,0.357,-0.39,-0.025,0.002,0.012,110.551,87.993,380.903,54.30352,-5.583983,330867.56
466503.0,19.24,101500.81,115.35,-9.768,0.218,-0.318,-0.047,0.009,0.021,124.158,88.141,381.067,54.30352,-5.583983,330867.56
466756.0,19.24,101501.47,115.29,-9.725,0.352,-0.235,-0.046,0.008,0.014,129.492,88.09,381.328,54.30352,-5.583983,330867.56
467029.0,19.25,101502.05,115.24,-9.823,0.22,-0.134,-0.017,-0.005,0.018,133.515,88.074,381.543,54.30352,-5.583983,330867.56
467256.0,19.25,101502.7,115.19,-9.61,0.476,-0.436,-0.024,0.0,0.011,126.017,87.953,381.733,54.30352,-5.583983,330867.56
467505.0,19.25,101502.3,115.22,-9.833,0.177,-0.031,-0.026,-0.002,0.024,118.509,88.114,381.937,54.30352,-5.583983,330867.56
467759.0,19.25,101501.05,115.33,-9.785,0.184,-0.249,-0.038,0.01,0.01,118.464,88.031,382.136,54.30352,-5.583983,330867.56
468003.0,19.25,101500.72,115.35,-9.634,0.515,-0.611,-0.057,0.013,0.017,119.701,88.015,382.359,54.30352,-5.583983,330867.56
468258.0,19.25,101500.48,115.37,-9.663,0.555,-0.558,-0.043,0.006,0.012,117.261,87.958,382.566,54.30352,-5.583983,330867.56
468507.0,19.25,101499.5,115.45,-9.78,0.318,-0.117,-0.009,-0.003,0.015,107.353,87.929,382.796,54.30352,-5.583983,330867.56
468754.0,19.25,101500.31,115.39,-9.867,0.074,0.038,-0.029,0.009,0.006,111.883,87.887,382.938,54.30352,-5.583983,330867.56
469005.0,19.26,101502.03,115.24,-9.926,-0.038,0.218,-0.041,0.01,0.017,107.095,88.053,383.151,54.30352,-5.583983,330867.56
469255.0,19.26,101502.19,115.23,-9.766,-0.017,-0.187,-0.04,0.014,0.012,108.295,88.064,383.302,54.30352,-5.583983,330867.56
469504.0,19.26,101502.19,115.23,-9.718,0.306,-0.352,-0.051,0.018,0.02,112.353,88.188,383.555,54.30352,-5.583983,330867.56
469757.0,19.26,101502.52,115.2,-9.697,0.287,-0.472,-0.048,0.006,0.012,124.028,87.949,383.698,54.30352,-5.583983,330867.56
470005.0,19.26,101502.94,115.17,-9.728,0.385,-0.438,-0.039,0.008,0.015,116.563,88.174,383.884,54.30352,-5.583983,330867.56
470254.0,19.26,101502.61,115.2,-9.764,0.259,-0.273,-0.023,-0.006,0.015,124.417,87.935,384.104,54.30352,-5.583983,330867.56
470503.0,19.26,101502.12,115.24,-9.826,0.057,0.196,-0.017,0.003,0.017,110.039,87.898,384.362,54.30352,-5.583983,330867.56
470757.0,19.26,101500.98,115.33,-9.754,0.069,0.201,-0.033,0.005,0.009,112.605,87.72,384.526,54.30352,-5.583983,330867.56
471013.0,19.26,101498.53,115.53,-9.766,0.235,-0.316,-0.034,0.021,0.019,115.599,87.78,384.768,54.30352,-5.583983,330867.56
471256.0,19.26,101500.22,115.39,-9.692,0.268,-0.488,-0.037,0.002,0.011,124.843,87.677,384.928,54.30352,-5.583983,330867.56
471505.0,19.26,101501.19,115.31,-9.78,0.244,-0.438,-0.044,0.013,0.019,125.538,88.077,385.122,54.30352,-5.583983,330867.56
471759.0,19.26,101502.17,115.23,-9.785,0.273,-0.211,-0.033,-0.005,0.006,129.746,87.78,385.309,54.30352,-5.583983,330867.56
472018.0,19.26,101502.17,115.23,-9.809,0.065,0.038,-0.027,0.01,0.017,124.511,88.113,385.465,54.30352,-5.583983,330867.56
472256.0,19.26,101503.4,115.13,-9.792,0.306,-0.129,-0.027,0.005,0.012,129.282,87.972,385.718,54.30352,-5.583983,330867.56
472505.0,19.26,101504.05,115.08,-9.776,0.158,-0.4,-0.036,0.009,0.016,131.754,88.182,385.85,54.30352,-5.583983,330867.56
472758.0,19.27,101503.97,115.08,-9.699,0.405,-0.211,-0.03,-0.004,0.012,133.913,87.914,386.121,54.30352,-5.583983,330867.56
473026.0,19.27,101503.7,115.11,-9.615,0.46,-0.314,-0.031,0.014,0.007,111.146,88.173,386.281,54.30352,-5.583983,330867.56
473253.0,19.27,101503.87,115.09,-9.766,0.539,-0.393,-0.034,-0.001,0.009,94.858,87.708,386.457,54.30352,-5.583983,330867.56
473508.0,19.27,101503.65,115.11,-9.776,0.304,-0.199,-0.026,0.003,0.008,72.005,87.664,386.664,54.30352,-5.583983,330867.56
473755.0,19.27,101503.54,115.12,-9.735,0.237,-0.285,-0.02,-0.006,0.005,79.59,87.565,386.878,54.30352,-5.583983,330867.56
474064.0,19.27,101503.14,115.15,-9.747,0.445,-0.472,-0.056,0.017,0.024,74.032,87.923,387.16,54.30352,-5.583983,330867.56
474257.0,19.27,101502.81,115.18,-9.79,-0.048,0.031,-0.03,-0.004,0.009,78.254,87.692,387.31,54.30352,-5.583983,330867.56
474506.0,19.27,101503.14,115.15,-9.744,-0.079,-0.132,-0.038,0.024,0.018,54.723,88.047,387.425,54.30352,-5.583983,330867.56
474759.0,19.27,101504.44,115.05,-9.73,0.29,-0.275,-0.042,-0.001,0.02,89.926,87.863,387.691,54.30352,-5.583983,330867.56
475056.0,19.27,101505.83,114.93,-9.725,0.093,-0.311,-0.038,0.013,0.013,91.133,88.131,387.851,54.30352,-5.583983,330867.56
475254.0,19.27,101505.67,114.94,-9.754,0.251,-0.28,-0.033,-0.001,0.019,114.546,88.01,388.07,54.30352,-5.583983,330867.56
475503.0,19.27,101504.44,115.05,-9.797,-0.115,-0.002,-0.034,0.013,0.009,113.163,88.225,388.182,54.30352,-5.583983,330867.56
475757.0,19.27,101502.41,115.21,-9.833,-0.405,0.35,-0.029,0.005,0.017,71.464,87.29,388.472,54.30352,-5.583983,330867.56
476021.0,19.27,101501.27,115.31,-9.79,-0.22,-0.342,-0.034,0.019,0.02,60.772,86.845,388.624,54.30352,-5.583983,330867.56
476253.0,19.27,101501.32,115.3,-9.761,0.053,-0.266,-0.046,0.005,0.021,46.286,87.055,388.895,54.30352,-5.583983,330867.56
476508.0,19.27,101502.3,115.22,-9.756,0.089,-0.419,-0.048,0.012,0.021,27.189,87.562,389.001,54.30352,-5.583983,330867.56
476756.0,19.28,101503.36,115.13,-9.725,0.373,-0.316,-0.047,0.002,0.02,67.2,87.714,389.296,54.30352,-5.583983,330867.56
477028.0,19.28,101503.36,115.13,-9.771,0.204,-0.172,-0.026,0.001,0.014,106.602,87.957,389.443,54.30352,-5.583983,330867.56
477255.0,19.28,101503.53,115.12,-9.723,0.474,-0.311,-0.032,0.006,0.019,116.602,88.044,389.704,54.30352,-5.583983,330867.56
477504.0,19.28,101503.2,115.13,-9.773,0.223,-0.283,-0.033,0.006,0.01,128.727,88.042,389.85,54.30352,-5.583983,330867.56
477758.0,19.28,101502.88,115.17,-9.756,0.153,-0.22,-0.044,0.014,0.019,133.032,88.295,390.087,54.30352,-5.583983,330867.56
478033.0,19.28,101503.61,115.11,-9.744,0.139,-0.105,-0.042,0.003,0.017,135.383,88.021,390.329,54.30352,-5.583983,330867.56
478254.0,19.28,101503.45,115.13,-9.744,0.172,-0.211,-0.036,0.014,0.012,130.454,88.225,390.505,54.30352,-5.583983,330867.56
478503.0,19.28,101504.16,115.07,-9.747,0.16,-0.189,-0.031,-0.002,0.015,138.642,88.106,390.659,54.30352,-5.583983,330867.56
478756.0,19.28,101504.81,115.01,-9.78,0.208,-0.323,-0.038,0.018,0.015,133.049,88.308,390.873,54.30352,-5.583983,330867.56
479040.0,19.28,101504.89,115.01,-9.785,0.187,0.041,-0.032,-0.005,0.012,136.864,88.01,391.096,54.30352,-5.583983,330867.56
479256.0,19.28,101505.06,114.99,-9.766,0.218,-0.311,-0.029,0.006,0.016,135.382,88.23,391.269,54.30352,-5.583983,330867.56
479505.0,19.28,101505.7,114.94,-9.732,0.345,-0.22,-0.027,0.002,0.006,135.806,88.001,391.469,54.30352,-5.583983,330867.56
479758.0,19.28,101505.7,114.94,-9.766,0.388,-0.338,-0.019,0.0,0.018,95.809,88.052,391.678,54.30352,-5.583983,330867.56
480044.0,19.29,101504.98,115.0,-9.816,-0.077,-0.014,-0.022,0.007,0.002,94.046,87.909,391.916,54.30352,-5.583983,330867.56
480254.0,19.29,101505.55,114.95,-9.72,0.242,-0.395,-0.036,0.007,0.019,78.657,88.094,392.086,54.30352,-5.583983,330867.56
480503.0,19.29,101505.39,114.97,-9.74,0.259,-0.304,-0.02,0.004,0.004,108.496,87.938,392.291,54.30352,-5.583983,330867.56
480756.0,19.29,101505.88,114.93,-9.773,0.144,-0.369,-0.034,0.003,0.021,127.141,88.222,392.48,54.30352,-5.583983,330867.56
481051.0,19.29,101506.2,114.9,-9.785,0.237,-0.158,-0.026,0.007,0.009,129.122,88.063,392.718,54.30352,-5.583983,330867.56
481256.0,19.29,101506.42,114.88,-9.713,0.299,-0.223,-0.045,0.006,0.018,138.336,88.102,392.894,54.30352,-5.583983,330867.56
481505.0,19.29,101505.61,114.95,-9.632,0.412,-0.132,-0.021,0.004,0.007,130.691,87.869,393.12,54.30352,-5.583983,330867.56
481758.0,19.29,101504.95,115.0,-9.716,0.175,-0.357,-0.021,0.005,0.016,127.324,88.12,393.28,54.30352,-5.583983,330867.56
482090.0,19.29,101504.95,115.0,-9.799,0.165,-0.172,-0.02,0.003,0.006,128.167,87.99,393.516,54.30352,-5.583983,330867.56
482255.0,19.29,101504.95,115.0,-9.742,0.055,-0.266,-0.046,0.008,0.02,131.412,88.127,393.645,54.30352,-5.583983,330867.56
482504.0,19.29,101504.14,115.07,-9.73,0.268,-0.306,-0.04,0.005,0.011,130.203,88.041,393.885,54.30352,-5.583983,330867.56
482757.0,19.29,101503.49,115.12,-9.749,0.29,-0.405,-0.039,0.013,0.019,133.597,88.138,394.058,54.30352,-5.583983,330867.56
483078.0,19.29,101504.06,115.08,-9.78,0.266,-0.441,-0.038,0.011,0.013,130.685,88.016,394.336,54.30352,-5.583983,330867.56
483254.0,19.29,101504.23,115.06,-9.807,0.127,-0.019,-0.025,0.004,0.014,134.827,88.057,394.47,54.30352,-5.583983,330867.56
483504.0,19.29,101504.88,115.01,-9.749,0.153,-0.06,-0.03,0.008,0.011,131.393,88.032,394.695,54.30352,-5.583983,330867.56
483757.0,19.29,101505.05,114.99,-9.766,0.055,-0.211,-0.042,0.009,0.017,137.005,88.14,394.875,54.303513,-5.583985,330866.84
484048.0,19.3,101503.83,115.1,-9.752,0.215,-0.204,-0.035,0.006,0.01,127.536,88.085,395.171,54.303513,-5.583985,330866.84
484253.0,19.3,101503.34,115.14,-9.72,0.287,-0.491,-0.03,0.002,0.009,132.367,88.017,395.292,54.303513,-5.583985,330866.84
484508.0,19.3,101503.83,115.1,-9.744,0.273,-0.163,-0.027,-0.002,0.011,128.298,87.967,395.516,54.303513,-5.583985,330866.84
484755.0,19.3,101503.66,115.11,-9.826,0.105,-0.026,-0.035,-0.002,0.014,130.698,88.009,395.68,54.303513,-5.583985,330866.84
485004.0,19.3,101503.83,115.1,-9.797,0.182,0.0,-0.035,0.01,0.012,127.385,88.175,395.882,54.303513,-5.583985,330866.84
485256.0,19.3,101504.53,115.04,-9.823,0.134,-0.17,-0.026,0.004,0.018,136.359,88.208,396.052,54.303513,-5.583985,330866.84
485505.0,19.3,101505.19,114.98,-9.708,0.273,-0.378,-0.046,0.014,0.011,131.441,88.205,396.251,54.303513,-5.583985,330866.84
485758.0,19.3,101505.67,114.94,-9.723,0.297,-0.311,-0.04,0.002,0.018,138.081,88.121,396.496,54.303513,-5.583985,330866.84
486007.0,19.3,101504.38,115.05,-9.728,0.144,-0.268,-0.022,0.013,0.012,121.224,88.119,396.663,54.303513,-5.583985,330866.84
486254.0,19.3,101502.66,115.19,-9.795,0.127,-0.022,-0.033,0.002,0.017,126.24,88.032,396.892,54.303513,-5.583985,330866.84
486504.0,19.3,101502.01,115.25,-9.797,-0.182,0.055,-0.029,0.019,0.005,109.668,88.153,397.005,54.303513,-5.583985,330866.84
486757.0,19.3,101502.75,115.18,-9.742,0.211,-0.4,-0.039,0.009,0.023,101.19,88.009,397.271,54.303513,-5.583985,330866.84
487006.0,19.3,101503.72,115.1,-9.718,0.199,-0.484,-0.042,0.011,0.011,92.986,87.96,397.402,54.303513,-5.583985,330866.84
487256.0,19.3,101503.89,115.09,-9.725,0.486,-0.412,-0.044,-0.002,0.021,92.149,87.919,397.664,54.303513,-5.583985,330866.84
487506.0,19.3,101503.72,115.1,-9.768,0.292,-0.393,-0.046,0.005,0.011,107.83,87.922,397.794,54.303513,-5.583985,330866.84
487759.0,19.3,101503.89,115.09,-9.79,0.299,0.072,-0.029,0.001,0.014,106.878,87.972,398.053,54.303513,-5.583985,330866.84
488008.0,19.3,101504.55,115.04,-9.744,0.115,-0.266,-0.027,0.011,0.006,121.81,88.054,398.167,54.303513,-5.583985,330866.84
488255.0,19.31,101505.73,114.94,-9.747,0.28,-0.208,-0.03,0.008,0.018,127.941,88.148,398.44,54.303513,-5.583985,330866.84
488504.0,19.31,101506.06,114.91,-9.778,0.069,-0.357,-0.032,0.004,0.01,134.622,88.043,398.588,54.303513,-5.583985,330866.84
488757.0,19.31,101505.91,114.92,-9.773,0.208,-0.153,-0.043,0.003,0.019,137.448,88.155,398.853,54.303513,-5.583985,330866.84
489006.0,19.31,101505.41,114.96,-9.761,0.141,-0.144,-0.028,0.001,0.009,136.821,88.068,399.02,54.303513,-5.583985,330866.84
489257.0,19.31,101506.47,114.88,-9.766,0.278,-0.211,-0.034,0.013,0.014,132.39,88.154,399.256,54.303513,-5.583985,330866.84
489506.0,19.31,101507.12,114.82,-9.735,0.192,-0.249,-0.034,0.004,0.014,136.699,88.137,399.437,54.303513,-5.583985,330866.84
489759.0,19.31,101506.89,114.84,-9.728,0.292,-0.362,-0.035,0.007,0.01,134.329,88.102,399.655,54.303513,-5.583985,330866.84
490003.0,19.31,101506.97,114.84,-9.749,0.192,-0.275,-0.034,0.001,0.015,138.446,88.128,399.835,54.303513,-5.583985,330866.84
490255.0,19.31,101507.38,114.8,-9.768,0.148,-0.124,-0.041,0.01,0.013,135.779,88.241,400.02,54.303513,-5.583985,330866.84
490505.0,19.31,101506.89,114.84,-9.752,0.263,-0.354,-0.037,0.003,0.015,139.526,88.098,400.224,54.303513,-5.583985,330866.84
490758.0,19.31,101506.94,114.84,-9.74,0.16,-0.074,-0.028,0.01,0.011,132.018,88.209,400.417,54.303513,-5.583985,330866.84
491007.0,19.31,101506.78,114.85,-9.752,0.177,-0.29,-0.037,0.004,0.015,139.816,88.14,400.617,54.303513,-5.583985,330866.84
491253.0,19.31,101506.78,114.85,-9.754,0.177,-0.175,-0.034,0.009,0.012,133.878,88.238,400.799,54.303513,-5.583985,330866.84
491508.0,19.31,101506.94,114.81,-9.74,0.251,-0.464,-0.04,0.001,0.016,141.683,88.095,401.006,54.303513,-5.583985,330866.84
491755.0,19.32,101507.68,114.78,-9.749,0.165,-0.16,-0.031,0.009,0.012,134.413,88.216,401.184,54.303513,-5.583985,330866.84
492004.0,19.32,101508.0,114.75,-9.761,0.204,-0.275,-0.035,0.0,0.016,141.677,88.123,401.387,54.303513,-5.583985,330866.84
492256.0,19.32,101508.33,114.72,-9.756,0.158,-0.127,-0.03,0.012,0.01,134.025,88.263,401.581,54.303513,-5.583985,330866.84
492505.0,19.32,101508.58,114.7,-9.742,0.215,-0.254,-0.036,0.002,0.018,140.491,88.161,401.803,54.303513,-5.583985,330866.84
492759.0,19.32,101509.07,114.66,-9.759,0.096,-0.287,-0.034,0.011,0.012,136.89,88.193,401.988,54.303513,-5.583985,330866.84
493008.0,19.32,101508.83,114.68,-9.766,0.124,-0.115,-0.035,0.01,0.017,138.597,88.219,402.201,54.303513,-5.583985,330866.84
493258.0,19.32,101507.85,114.76,-9.742,0.194,-0.369,-0.033,0.006,0.013,138.965,88.223,402.378,54.303513,-5.583985,330866.84
493507.0,19.32,101508.02,114.75,-9.728,0.335,-0.338,-0.04,0.007,0.017,140.222,88.234,402.595,54.303513,-5.583985,330866.84
493755.0,19.32,101507.36,114.8,-9.747,0.235,-0.294,-0.025,0.003,0.008,136.755,88.111,402.772,54.303513,-5.583985,330866.84
494004.0,19.32,101507.26,114.81,-9.756,0.192,-0.184,-0.034,0.006,0.017,139.648,88.226,402.98,54.303513,-5.583985,330866.84
494257.0,19.32,101507.42,114.8,-9.773,0.134,-0.177,-0.027,0.002,0.011,137.655,88.134,403.178,54.303513,-5.583985,330866.84
494506.0,19.32,101508.4,114.72,-9.768,0.144,-0.127,-0.035,0.008,0.015,138.471,88.267,403.37,54.303513,-5.583985,330866.84
494759.0,19.32,101507.74,114.77,-9.749,0.187,-0.283,-0.033,0.006,0.011,138.755,88.159,403.571,54.303513,-5.583985,330866.84
495008.0,19.32,101508.07,114.74,-9.752,0.218,-0.29,-0.035,0.006,0.015,140.181,88.22,403.767,54.303513,-5.583985,330866.84
495257.0,19.32,101508.07,114.74,-9.742,0.218,-0.292,-0.034,0.004,0.014,140.62,88.174,403.972,54.303513,-5.583985,330866.84
495506.0,19.33,101508.65,114.7,-9.756,0.247,-0.232,-0.038,0.002,0.014,140.24,88.152,404.171,54.303513,-5.583985,330866.84
495759.0,19.32,101507.74,114.77,-9.754,0.213,-0.175,-0.034,0.006,0.013,138.403,88.181,404.366,54.303513,-5.583985,330866.84
496008.0,19.32,101507.42,114.8,-9.742,0.213,-0.273,-0.036,0.009,0.015,137.577,88.246,404.564,54.303513,-5.583985,330866.84
496255.0,19.33,101507.18,114.82,-9.756,0.218,-0.285,-0.037,0.005,0.013,137.588,88.231,404.763,54.303513,-5.583985,330866.84
496505.0,19.33,101507.42,114.8,-9.742,0.129,-0.177,-0.035,0.011,0.016,138.5,88.342,404.935,54.303513,-5.583985,330866.84
496758.0,19.33,101507.59,114.78,-9.744,0.271,-0.34,-0.034,0.003,0.011,139.251,88.131,405.167,54.303513,-5.583985,330866.84
497007.0,19.33,101507.59,114.78,-9.761,0.16,-0.211,-0.039,0.009,0.017,141.346,88.321,405.324,54.303513,-5.583985,330866.84
497255.0,19.33,101507.59,114.78,-9.749,0.304,-0.194,-0.034,0.004,0.012,137.077,88.125,405.589,54.303513,-5.583985,330866.84
497505.0,19.33,101508.3,114.73,-9.761,0.129,-0.156,-0.035,0.01,0.015,138.132,88.291,405.72,54.303513,-5.583985,330866.84
497758.0,19.33,101507.64,114.78,-9.74,0.263,-0.352,-0.033,0.009,0.011,137.13,88.147,405.979,54.303513,-5.583985,330866.84
498007.0,19.33,101507.16,114.82,-9.764,0.12,-0.318,-0.037,0.003,0.016,140.287,88.153,406.125,54.303513,-5.583985,330866.84
498254.0,19.33,101507.23,114.81,-9.761,0.261,-0.177,-0.032,0.003,0.014,138.121,88.095,406.376,54.303513,-5.583985,330866.84
498503.0,19.33,101507.89,114.76,-9.776,0.165,-0.036,-0.033,0.002,0.011,136.979,88.13,406.524,54.303513,-5.583985,330866.84
498757.0,19.33,101508.55,114.7,-9.737,0.278,-0.199,-0.037,0.009,0.017,136.043,88.237,406.778,54.303513,-5.583985,330866.84
499005.0,19.33,101509.03,114.66,-9.752,0.156,-0.206,-0.036,0.011,0.012,131.091,88.21,406.931,54.303513,-5.583985,330866.84
499257.0,19.34,101509.28,114.64,-9.72,0.302,-0.45,-0.039,0.008,0.018,134.845,88.206,407.179,54.303513,-5.583985,330866.84
499506.0,19.34,101509.12,114.66,-9.752,0.18,-0.345,-0.037,0.004,0.012,134.309,88.141,407.335,54.303513,-5.583985,330866.84
499760.0,19.33,101508.55,114.7,-9.73,0.299,-0.412,-0.043,0.003,0.018,138.507,88.122,407.579,54.303513,-5.583985,330866.84
500003.0,19.34,101507.98,114.75,-9.744,0.158,-0.189,-0.037,0.0,0.011,136.7,88.062,407.751,54.303513,-5.583985,330866.84
500255.0,19.34,101506.67,114.86,-9.749,0.287,-0.156,-0.036,0.008,0.014,132.959,88.197,407.997,54.303513,-5.583985,330866.84
500504.0,19.34,101506.19,114.9,-9.761,0.134,-0.223,-0.036,0.009,0.016,138.213,88.235,408.141,54.303513,-5.583985,330866.84
500758.0,19.34,101506.02,114.91,-9.744,0.366,-0.371,-0.036,0.012,0.018,130.982,88.234,408.418,54.303513,-5.583985,330866.84
501006.0,19.34,101505.75,114.94,-9.737,0.184,-0.328,-0.033,0.002,0.014,119.397,88.116,408.55,54.303513,-5.583985,330866.84
501255.0,19.34,101505.91,114.92,-9.72,0.397,-0.366,-0.037,0.011,0.017,125.825,88.108,408.839,54.303513,-5.583985,330866.84
501504.0,19.34,101506.98,114.83,-9.759,0.17,-0.199,-0.034,-0.002,0.008,134.325,87.989,408.956,54.303513,-5.583985,330866.84
501758.0,19.34,101507.14,114.82,-9.737,0.249,-0.156,-0.031,0.009,0.017,132.866,88.207,409.209,54.303513,-5.583986,330866.78
502007.0,19.34,101507.38,114.8,-9.768,0.048,-0.136,-0.029,0.002,0.009,137.059,88.126,409.355,54.303513,-5.583986,330866.78
502258.0,19.34,101507.95,114.75,-9.778,0.177,-0.223,-0.036,0.01,0.016,138.307,88.25,409.604,54.303513,-5.583986,330866.78
502507.0,19.34,101507.95,114.75,-9.78,0.091,-0.201,-0.034,0.005,0.012,140.224,88.173,409.748,54.303513,-5.583986,330866.78
502755.0,19.34,101508.53,114.71,-9.771,0.235,-0.292,-0.039,0.009,0.017,139.822,88.273,409.989,54.303513,-5.583986,330866.78
503004.0,19.34,101508.37,114.72,-9.756,0.168,-0.261,-0.033,0.002,0.012,140.373,88.125,410.151,54.303513,-5.583986,330866.78
503253.0,19.34,101508.37,114.72,-9.725,0.223,-0.215,-0.037,0.01,0.016,138.653,88.259,410.376,54.303513,-5.583986,330866.78
503503.0,19.34,101508.05,114.75,-9.756,0.223,-0.168,-0.033,0.003,0.013,140.16,88.181,410.549,54.303513,-5.583986,330866.78
503756.0,19.34,101507.55,114.79,-9.732,0.242,-0.268,-0.036,0.009,0.016,139.16,88.276,410.78,54.303513,-5.583986,330866.78
504005.0,19.34,101506.73,114.85,-9.732,0.237,-0.323,-0.036,0.006,0.012,137.855,88.167,410.97,54.303513,-5.583986,330866.78
504256.0,19.34,101507.23,114.81,-9.747,0.249,-0.292,-0.036,0.009,0.016,138.394,88.258,411.182,54.303513,-5.583986,330866.78
504505.0,19.35,101507.64,114.78,-9.725,0.261,-0.261,-0.034,-0.001,0.013,140.904,88.092,411.375,54.303513,-5.583986,330866.78
504758.0,19.35,101507.48,114.79,-9.78,0.237,-0.237,-0.036,0.008,0.017,139.243,88.256,411.575,54.303513,-5.583986,330866.78
505007.0,19.35,101507.05,114.83,-9.749,0.256,-0.227,-0.036,0.004,0.011,138.283,88.116,411.781,54.303513,-5.583986,330866.78
505255.0,19.35,101507.37,114.8,-9.742,0.192,-0.311,-0.039,0.008,0.017,141.23,88.224,411.965,54.303513,-5.583986,330866.78
505504.0,19.35,101506.88,114.84,-9.752,0.184,-0.148,-0.033,0.006,0.01,136.989,88.148,412.169,54.303513,-5.583986,330866.78
505757.0,19.35,101507.37,114.8,-9.756,0.146,-0.268,-0.033,0.005,0.017,142.315,88.22,412.35,54.303513,-5.583986,330866.78
506007.0,19.35,101508.59,114.7,-9.764,0.194,-0.144,-0.031,0.007,0.013,137.114,88.187,412.569,54.303513,-5.583986,330866.78
506257.0,19.35,101509.25,114.65,-9.764,0.189,-0.292,-0.034,0.005,0.016,140.188,88.211,412.761,54.303513,-5.583986,330866.78
506506.0,19.35,101509.25,114.65,-9.742,0.232,-0.256,-0.037,0.007,0.012,137.576,88.179,412.962,54.303513,-5.583986,330866.78
506759.0,19.35,101509.5,114.63,-9.761,0.201,-0.283,-0.035,0.005,0.016,141.319,88.211,413.156,54.303513,-5.583986,330866.78
507008.0,19.35,101509.83,114.6,-9.761,0.184,-0.223,-0.031,0.007,0.011,138.186,88.207,413.351,54.303513,-5.583986,330866.78
507255.0,19.36,101509.72,114.61,-9.747,0.213,-0.285,-0.035,0.004,0.017,139.731,88.234,413.565,54.303513,-5.583986,330866.78
507505.0,19.36,101509.39,114.63,-9.728,0.223,-0.266,-0.033,0.007,0.012,137.354,88.228,413.761,54.303513,-5.583986,330866.78
507758.0,19.36,101509.88,114.59,-9.764,0.189,-0.321,-0.035,0.003,0.016,141.155,88.202,413.962,54.303513,-5.583986,330866.78
508007.0,19.36,101510.7,114.53,-9.747,0.18,-0.206,-0.035,0.007,0.011,138.387,88.234,414.154,54.303513,-5.583986,330866.78
508253.0,19.36,101511.34,114.47,-9.771,0.204,-0.263,-0.039,0.004,0.018,141.975,88.248,414.357,54.303513,-5.583986,330866.78
508507.0,19.36,101511.67,114.45,-9.756,0.177,-0.187,-0.033,0.007,0.01,138.241,88.23,414.561,54.303513,-5.583986,330866.78
508755.0,19.36,101511.02,114.5,-9.761,0.182,-0.261,-0.036,0.005,0.017,142.297,88.23,414.75,54.303513,-5.583986,330866.78
509004.0,19.36,101510.7,114.53,-9.766,0.192,-0.294,-0.036,0.007,0.012,138.469,88.201,414.953,54.303513,-5.583986,330866.78
509258.0,19.36,101510.94,114.51,-9.737,0.232,-0.28,-0.037,0.005,0.018,141.414,88.222,415.178,54.303513,-5.583986,330866.78
509507.0,19.36,101509.8,114.6,-9.754,0.213,-0.242,-0.032,0.005,0.011,138.684,88.173,415.381,54.303513,-5.583986,330866.78
509754.0,19.36,101508.33,114.72,-9.752,0.247,-0.235,-0.035,0.009,0.018,140.32,88.271,415.59,54.303513,-5.583986,330866.78
510003.0,19.36,101507.11,114.82,-9.768,0.206,-0.283,-0.037,0.002,0.011,139.655,88.113,415.773,54.303513,-5.583986,330866.78
510254.0,19.36,101504.17,115.07,-9.747,0.266,-0.187,-0.037,0.006,0.018,139.582,88.205,416.0,54.303513,-5.583986,330866.78
510503.0,19.36,101503.2,115.15,-9.761,0.206,-0.237,-0.033,0.005,0.009,137.231,88.182,416.171,54.303513,-5.583986,330866.78
510756.0,19.36,101503.58,115.12,-9.776,0.242,-0.29,-0.033,0.007,0.017,139.999,88.234,416.388,54.303513,-5.583986,330866.78
511005.0,19.36,101502.92,115.17,-9.768,0.184,-0.285,-0.032,0.005,0.01,138.579,88.176,416.58,54.303513,-5.583986,330866.78
511258.0,19.36,101502.27,115.22,-9.735,0.22,-0.184,-0.04,0.006,0.015,138.299,88.207,416.792,54.303513,-5.583986,330866.78
511507.0,19.36,101502.11,115.24,-9.768,0.048,-0.156,-0.038,0.005,0.014,141.542,88.183,416.939,54.303513,-5.583986,330866.78
511755.0,19.37,101502.69,115.22,-9.673,0.22,-0.127,-0.046,0.009,0.02,141.105,88.281,417.185,54.303513,-5.583986,330866.78
512004.0,19.36,101502.27,115.22,-78.453,0.912,0.007,2.13,-0.157,0.006,94.455,87.442,417.583,54.303513,-5.583986,330866.78
512254.0,19.36,101463.12,118.47,-78.453,8.013,1.573,-0.823,0.205,-0.449,81.401,89.252,409.446,54.303513,-5.583986,330866.78
512504.0,19.36,101344.25,128.33,-78.453,3.405,-0.548,-3.767,-0.171,0.048,57.981,86.667,408.453,54.303513,-5.583986,330866.78
512757.0,19.34,101163.19,146.27,-78.453,6.036,-0.256,-5.631,0.199,0.041,20.71,87.487,409.148,54.303513,-5.583986,330866.78
513006.0,19.32,100952.13,160.93,26.336,-2.488,4.568,-6.481,-0.005,0.31,-43.357,21.982,410.934,54.303513,-5.583986,330866.78
513254.0,19.31,100593.28,190.85,23.612,0.057,2.655,-6.377,0.179,-0.036,-105.52,-28.196,410.099,54.303513,-5.583986,330866.78
513503.0,19.31,100217.61,222.27,20.909,-0.553,1.547,-6.059,0.222,-0.019,-118.76,-57.972,409.116,54.303513,-5.583986,330866.78
513756.0,19.3,99896.52,249.2,18.296,-1.626,3.002,-5.651,0.254,-0.026,-124.332,-70.175,408.6,54.303513,-5.583985,330866.84
514005.0,19.29,99529.59,280.05,16.125,-1.015,2.097,-5.441,0.17,-0.018,-120.336,-75.519,408.449,54.303513,-5.583985,330866.84
514255.0,19.29,99176.41,309.84,14.631,-0.852,2.193,-5.091,0.13,-0.026,-127.696,-77.345,408.205,54.303513,-5.583985,330866.84
514505.0,19.28,98839.12,338.37,12.96,-1.355,1.743,-4.865,0.069,-0.025,-115.186,-78.841,407.868,54.303513,-5.583985,330866.84
514758.0,19.27,98564.07,361.69,11.574,-0.943,1.331,-4.571,0.128,-0.033,-110.174,-79.625,407.257,54.303513,-5.583983,330866.91
515007.0,19.27,98259.05,387.62,10.154,-0.591,0.857,-4.294,0.112,-0.046,-105.691,-79.749,406.993,54.303513,-5.583983,330866.91
515257.0,19.25,97969.42,412.3,9.239,-0.409,1.03,-4.048,0.128,0.018,-128.278,-79.278,406.68,54.303513,-5.583983,330866.91
515508.0,19.24,97695.44,435.7,8.128,-0.69,1.07,-3.851,0.091,-0.009,-108.948,-79.414,406.582,54.303513,-5.583982,330866.97
515760.0,19.23,97474.2,454.63,7.23,-0.625,0.527,-3.668,0.114,-0.029,-100.746,-80.144,406.728,54.303513,-5.583982,330866.97
516003.0,19.21,97227.97,475.74,6.534,-0.589,0.862,-3.458,0.104,-0.037,-95.53,-80.087,406.259,54.303513,-5.583982,330866.97
516257.0,19.2,96996.69,495.61,5.887,-0.606,0.62,-3.307,0.104,-0.027,-96.927,-80.126,405.768,54.303513,-5.583982,330866.97
516508.0,19.2,96779.98,514.3,5.171,-0.455,0.541,-3.12,0.101,-0.029,-91.414,-80.012,405.312,54.303513,-5.584006,330866.0
516759.0,19.19,96603.45,529.49,4.609,-0.417,0.546,-2.955,0.107,0.0,-86.99,-80.098,405.092,54.303513,-5.584006,330866.0
517003.0,19.18,96408.27,546.34,4.094,-0.371,0.532,-2.792,0.121,0.017,-86.778,-80.431,405.291,54.303513,-5.584006,330866.0
517256.0,19.17,96224.84,562.21,3.56,-0.357,0.362,-2.66,0.061,0.035,-85.712,-80.208,405.595,54.303513,-5.584006,330866.0
517506.0,19.17,96076.47,575.06,3.184,-0.328,0.443,-2.499,0.053,0.033,-81.757,-80.542,406.095,54.303616,-5.584185,330868.16
517758.0,19.16,95912.45,589.28,2.919,-0.273,0.347,-2.34,0.001,-0.015,-78.122,-80.287,406.294,54.303616,-5.584185,330868.16
518007.0,19.15,95758.35,602.67,2.495,-0.314,0.345,-2.204,0.029,0.001,-76.595,-81.144,406.288,54.303616,-5.584185,330868.16
518256.0,19.15,95614.25,615.2,2.078,-0.29,0.213,-2.045,0.004,-0.065,-82.203,-79.925,405.692,54.303616,-5.584185,330868.16
518507.0,19.14,95500.74,625.08,1.815,-0.297,0.271,-1.903,0.04,-0.054,-79.476,-79.606,404.82,54.303673,-5.584353,330866.66
518759.0,19.14,95376.09,635.94,1.549,-0.283,0.18,-1.754,0.076,-0.103,-85.573,-77.901,403.624,54.303673,-5.584353,330866.66
519008.0,19.13,95260.38,646.03,1.336,-0.263,0.108,-1.631,0.094,-0.073,-84.39,-77.306,402.402,54.303673,-5.584353,330866.66
519254.0,19.13,95168.07,654.09,1.125,-0.259,0.067,-1.505,0.143,-0.072,-94.217,-75.987,401.365,54.303673,-5.584353,330866.66
519505.0,19.13,95068.83,662.76,0.936,-0.213,0.074,-1.4,0.179,-0.043,-96.263,-74.571,400.521,54.303692,-5.584398,330866.56
519755.0,19.13,94977.56,670.74,0.737,-0.127,0.038,-1.296,0.187,0.019,-94.632,-75.177,400.321,54.303692,-5.584398,330866.56
520003.0,19.13,94894.17,678.04,0.462,-0.108,-0.074,-1.191,0.2,0.083,-107.544,-74.633,401.089,54.303692,-5.584398,330866.56
520256.0,19.13,94828.12,683.82,0.18,-0.113,-0.014,-1.106,0.22,0.162,-120.611,-69.425,402.862,54.303692,-5.584398,330866.56
520505.0,19.13,94759.64,689.82,0.089,-0.024,-0.007,-1.03,0.194,0.229,-117.587,-63.742,405.674,54.303692,-5.584398,330866.56
520757.0,19.13,94697.94,695.23,0.022,-0.005,-0.084,-0.952,0.164,0.289,-125.285,-46.149,409.5,54.304409,-5.583236,330975.66
521006.0,19.13,94644.48,699.92,-0.022,0.048,0.031,-0.885,0.094,0.404,-19.401,-14.994,414.5,54.304409,-5.583236,330975.66
521258.0,19.13,94604.47,703.43,-0.113,0.01,0.048,-0.82,-0.009,0.465,-0.233,18.716,420.855,54.304409,-5.583236,330975.66
521503.0,19.13,94563.96,706.99,-0.096,0.124,0.012,-0.768,-0.093,0.514,25.513,38.127,427.644,54.302765,-5.582606,330854.5
521755.0,19.13,94531.76,709.81,-0.081,0.148,0.139,-0.761,-0.206,0.617,39.624,30.493,435.77,54.302765,-5.582606,330854.5
522004.0,19.13,94507.03,711.98,-0.012,0.045,0.192,-0.771,-0.404,0.667,26.989,17.002,445.077,54.302765,-5.582606,330854.5
522258.0,19.14,94492.1,713.3,17.657,-2.447,4.812,-0.691,-0.417,0.489,5.236,-8.402,454.378,54.302765,-5.582606,330854.5
522503.0,19.14,94510.11,711.71,0.886,0.096,0.9,-0.054,-0.44,0.374,11.154,-23.656,460.628,54.302765,-5.582606,330854.5
522758.0,19.15,94496.27,712.93,0.706,0.405,0.405,0.767,-0.616,0.383,32.974,-42.168,465.852,54.302765,-5.582606,330854.5
523006.0,19.15,94491.0,713.41,1.118,0.893,0.225,1.252,-0.678,1.128,35.824,-51.967,474.351,54.302765,-5.582606,330854.5
523253.0,19.16,94499.17,712.67,1.348,-0.395,-0.036,0.487,-0.229,1.039,16.332,-63.913,490.026,54.302765,-5.582606,330854.5
523506.0,19.21,94517.16,711.09,2.629,1.626,-0.326,8.731,0.513,-0.644,19.974,-62.297,494.985,54.302765,-5.582606,330854.5
523759.0,19.27,94540.67,709.03,2.746,1.633,-0.8,5.838,0.752,-0.447,142.968,-48.094,489.791,54.302925,-5.583775,330822.97
524008.0,19.3,94560.18,707.39,14.964,9.337,13.707,-7.89,7.477,-4.117,63.977,-16.517,437.068,54.302925,-5.583775,330822.97
524253.0,19.34,94567.3,706.69,-13.436,18.452,-11.059,-6.857,3.684,5.527,-11.508,62.445,477.028,54.302925,-5.583775,330822.97
524508.0,19.38,94602.91,703.57,-8.052,-1.489,-3.179,0.976,-0.518,-3.703,31.572,57.806,466.421,54.302925,-5.583775,330822.97
524755.0,19.42,94632.56,700.96,-3.764,-9.682,-0.294,-3.186,-0.779,2.365,-48.855,32.276,450.877,54.302994,-5.5839,330824.16
525004.0,19.44,94665.45,698.08,-8.428,-2.239,3.85,-0.739,-1.645,2.306,-78.592,28.264,486.222,54.302994,-5.5839,330824.16
525256.0,19.45,94701.92,694.88,-7.858,1.314,7.491,-1.353,1.166,0.307,-48.197,34.107,506.726,54.302994,-5.5839,330824.16
525505.0,19.45,94743.59,691.23,-6.931,0.254,1.496,-2.347,2.502,-0.585,-17.907,63.657,505.267,54.302994,-5.5839,330824.16
525758.0,19.44,94784.41,687.65,-7.374,-0.448,-4.508,0.063,0.612,-1.012,38.445,72.584,497.303,54.302982,-5.583941,330821.5
526007.0,19.44,94815.76,684.9,-9.629,-4.48,-6.179,-0.758,-1.972,0.616,-73.859,50.04,491.826,54.302982,-5.583941,330821.5
526255.0,19.44,94856.28,681.36,-11.473,5.243,10.036,0.673,-2.955,1.431,-64.563,26.564,508.556,54.302982,-5.583941,330821.5
526504.0,19.44,94887.14,678.65,-10.671,-1.001,8.768,-0.184,1.697,1.154,-29.887,37.246,518.775,54.302982,-5.583941,330821.5
526757.0,19.44,94918.89,675.87,-12.641,5.703,0.67,-1.949,-0.73,-0.083,22.182,57.9,534.231,54.30302,-5.584,330822.59
527006.0,19.44,94953.67,672.83,-3.163,0.769,9.847,-1.628,-1.537,-1.272,6.114,24.054,524.691,54.30302,-5.584,330822.59
527257.0,19.45,94984.91,670.1,-6.457,-3.223,4.281,4.234,3.477,0.66,10.225,45.999,519.762,54.30302,-5.584,330822.59
527506.0,19.46,95030.57,666.1,-12.074,0.275,-11.782,5.408,2.462,-0.943,98.019,89.644,524.215,54.30302,-5.584,330822.59
527759.0,19.46,95058.0,663.71,-5.143,-4.087,-4.468,4.371,-1.232,0.796,-7.674,61.304,522.432,54.303032,-5.584036,330822.19
528008.0,19.47,95094.42,660.52,-10.819,0.962,1.453,4.167,-1.318,0.661,19.685,56.362,537.099,54.303032,-5.584036,330822.19
528255.0,19.47,95127.12,657.67,-2.15,5.581,5.425,2.026,-1.466,0.792,56.552,35.064,548.703,54.303032,-5.584036,330822.19
528505.0,19.48,95148.7,655.78,-4.994,4.571,9.673,-0.592,0.998,-1.048,44.342,23.583,545.462,54.303032,-5.584036,330822.19
528758.0,19.48,95179.75,653.07,-8.033,-1.573,1.635,1.354,1.79,0.427,16.707,58.597,536.081,54.303066,-5.58406,330824.31
529007.0,19.49,95220.33,649.53,-1.255,4.338,0.124,0.661,2.426,0.637,51.018,75.083,548.957,54.303066,-5.58406,330824.31
529257.0,19.5,95265.25,645.61,-3.871,15.069,-6.809,-3.896,1.146,-0.611,67.399,65.999,552.149,54.303066,-5.58406,330824.31
529506.0,19.51,95294.16,642.61,-5.887,6.074,-0.144,-3.786,2.876,-2.064,36.007,54.829,523.521,54.303066,-5.58406,330824.31
529760.0,19.51,95333.88,639.62,-11.964,1.425,-10.815,-7.093,-0.453,-1.106,52.94,68.158,503.664,54.303116,-5.584056,330828.84
530003.0,19.51,95370.02,636.47,-11.037,-14.03,-8.037,-6.412,-1.977,-1.958,-53.815,43.099,471.641,54.303116,-5.584056,330828.84
530256.0,19.51,95403.62,633.54,-0.867,-6.306,-3.436,-6.431,-4.962,-1.307,-152.065,-12.71,460.888,54.303116,-5.584056,330828.84
530505.0,19.51,95423.8,631.78,1.468,-4.372,-11.722,-5.594,0.941,-3.359,-210.106,-25.497,417.273,54.303116,-5.584056,330828.84
530758.0,19.51,95447.11,629.75,2.037,-11.765,-8.54,5.425,-4.252,0.666,-157.672,-29.417,383.072,54.303192,-5.584048,330835.97
531007.0,19.51,95489.94,626.02,-2.581,9.179,15.28,-2.317,1.536,6.999,-72.186,-27.833,460.098,54.303192,-5.584048,330835.97
531254.0,19.51,95526.46,622.84,0.788,1.946,11.011,-7.443,1.694,5.52,-109.928,12.314,535.424,54.303192,-5.584048,330835.97
531503.0,19.51,95551.38,620.67,-1.197,4.013,14.83,-5.257,0.704,4.782,-86.081,9.623,617.414,54.303192,-5.584048,330835.97
531756.0,19.52,95589.69,617.33,-1.451,1.468,5.669,-2.435,3.215,2.826,-67.5,29.326,670.682,54.303249,-5.584036,330841.47
532005.0,19.52,95638.41,613.09,-2.84,9.644,-1.058,-5.461,3.068,2.904,-20.951,57.21,708.506,54.303249,-5.584036,330841.47
532254.0,19.52,95663.22,610.94,-2.423,6.936,8.655,-5.727,1.071,1.504,-59.521,59.915,739.768,54.303249,-5.584036,330841.47
532504.0,19.52,95693.34,608.32,-3.96,4.219,6.814,-0.61,2.834,-0.466,-21.403,53.79,748.229,54.303249,-5.584036,330841.47
532757.0,19.52,95741.21,604.16,-6.211,0.05,-1.762,-2.453,1.921,-1.402,30.155,82.263,733.268,54.303341,-5.584023,330850.12
533006.0,19.52,95782.47,600.57,-7.719,-4.973,-7.587,-3.097,-0.238,-0.515,-101.586,68.95,716.587,54.303341,-5.584023,330850.12
533256.0,19.53,95818.67,597.42,-6.694,-2.667,-3.426,-2.324,-2.018,-0.573,-157.303,42.061,711.435,54.303341,-5.584023,330850.12
533506.0,19.53,95864.79,593.42,-6.965,-4.81,2.775,-1.044,-1.963,-0.354,-135.207,32.285,703.197,54.303341,-5.584023,330850.12
533759.0,19.53,95905.98,589.84,-6.721,-5.717,3.666,-3.547,0.29,0.949,-107.077,30.81,706.778,54.303406,-5.583992,330857.09
534008.0,19.53,95951.64,585.88,-8.502,-0.984,0.182,-0.58,0.416,1.997,-108.214,54.547,729.689,54.303406,-5.583992,330857.09
534257.0,19.54,95989.52,582.6,-9.179,8.521,-1.805,-1.342,0.131,1.495,-19.072,64.157,758.122,54.303406,-5.583992,330857.09
534506.0,19.54,96027.78,579.28,-7.76,5.995,0.766,-0.485,-0.59,-1.438,38.332,48.95,756.786,54.303406,-5.583992,330857.09
534759.0,19.55,96070.73,575.56,-8.047,-2.806,4.348,-0.401,-1.357,-1.115,26.768,49.206,734.468,54.303471,-5.583982,330863.25
535003.0,19.55,96108.23,572.31,-7.503,1.994,7.829,-0.032,0.681,1.004,14.357,43.268,737.484,54.303471,-5.583982,330863.25
535253.0,19.55,96153.02,568.43,-8.183,5.619,3.12,-3.381,0.781,0.973,6.748,58.743,755.254,54.303471,-5.583982,330863.25
535508.0,19.55,96197.53,564.57,-6.802,-2.428,5.157,-3.894,1.297,-1.211,-25.701,58.649,750.896,54.303471,-5.583982,330863.25
535755.0,19.56,96237.34,561.13,-8.928,-7.652,-5.837,1.552,1.444,0.221,-77.568,69.965,743.404,54.303532,-5.583943,330870.16
536004.0,19.56,96272.52,558.08,-8.94,-2.772,-0.543,5.698,0.071,0.74,-59.739,66.464,754.378,54.303532,-5.583943,330870.16
536257.0,19.57,96317.62,554.18,-11.684,3.091,3.5,3.117,-0.875,-0.839,17.421,66.736,752.578,54.303532,-5.583943,330870.16
536506.0,19.57,96358.41,550.65,-10.266,1.173,8.124,2.915,-0.541,-1.259,35.921,52.121,734.77,54.303532,-5.583943,330870.16
536759.0,19.57,96390.34,547.89,-9.074,2.77,5.234,2.797,-0.33,-0.882,52.598,50.152,718.781,54.303635,-5.584013,330876.56
537003.0,19.57,96419.85,545.34,-6.711,4.901,3.68,2.759,-1.072,-0.118,74.167,46.163,713.74,54.303635,-5.584013,330876.56
537258.0,19.58,96455.75,542.24,-7.824,6.747,3.045,-0.795,0.644,-0.322,74.123,43.612,712.361,54.303635,-5.584013,330876.56
537507.0,19.58,96493.44,538.98,-8.332,4.448,2.255,-2.896,-0.539,-0.76,48.872,51.535,706.07,54.303635,-5.584013,330876.56
537755.0,19.58,96527.16,536.07,-6.718,-3.843,7.599,-3.147,-0.045,-2.24,1.151,43.22,684.199,54.30373,-5.58401,330885.12
538004.0,19.58,96558.49,533.37,-6.4,-7.807,4.781,4.963,0.922,-0.167,-21.992,46.789,664.503,54.30373,-5.58401,330885.12
538256.0,19.58,96593.19,530.37,-7.199,4.448,1.166,4.208,0.702,0.491,48.097,58.675,671.672,54.30373,-5.58401,330885.12
538506.0,19.58,96631.79,527.04,-6.455,6.103,-6.316,2.094,-0.076,0.513,117.662,53.129,677.901,54.30373,-5.58401,330885.12
538759.0,19.58,96667.23,523.51,-5.315,7.628,-1.36,0.404,-1.488,0.604,124.547,31.057,688.427,54.303833,-5.584045,330892.91
539008.0,19.58,96703.4,520.87,-6.199,7.353,-0.646,-1.617,-0.612,-0.692,103.218,25.691,687.917,54.303833,-5.584045,330892.91
539254.0,19.58,96734.51,518.19,-6.005,1.137,6.242,-1.504,-0.362,-0.473,67.389,28.351,677.459,54.303833,-5.584045,330892.91
539503.0,19.58,96768.48,515.26,-5.725,4.571,6.96,0.533,0.474,1.168,41.011,35.314,685.619,54.303833,-5.584045,330892.91
539756.0,19.57,96796.11,512.88,-6.821,9.163,2.88,-2.706,0.524,-0.725,49.309,41.791,692.306,54.303936,-5.58411,330899.5
540005.0,19.57,96837.0,509.36,-8.08,-0.345,4.226,-4.311,0.159,-1.679,4.134,50.122,671.344,54.303936,-5.58411,330899.5
540256.0,19.57,96872.19,506.33,-5.116,-9.086,1.243,0.171,-0.384,-0.696,-49.81,49.535,650.263,54.303936,-5.58411,330899.5
540505.0,19.57,96906.72,503.35,-4.676,-9.567,4.159,-1.844,-1.127,0.831,-62.314,22.877,652.422,54.303936,-5.58411,330899.5
540758.0,19.57,96936.53,500.79,-6.68,-5.114,0.603,-5.508,-1.711,1.032,-105.101,19.082,672.17,54.304005,-5.584108,330905.69
541007.0,19.57,96974.98,497.48,-6.893,0.318,-5.04,-4.55,0.51,-0.122,-145.407,36.757,675.769,54.304005,-5.584108,330905.69
541256.0,19.57,97024.83,493.19,-6.699,6.007,-6.16,-2.623,0.323,0.257,-55.277,47.718,676.573,54.304005,-5.584108,330905.69
541505.0,19.57,97068.61,489.43,-8.844,6.663,-4.106,3.758,-1.256,-1.451,62.455,37.588,670.829,54.304005,-5.584108,330905.69
541758.0,19.57,97103.08,486.47,-7.728,-5.526,1.824,4.463,-2.344,-2.321,71.849,36.528,637.826,54.304096,-5.584113,330913.59
542007.0,19.57,97132.3,483.96,-7.214,-6.175,8.15,1.16,1.598,-0.484,31.795,31.196,623.039,54.304096,-5.584113,330913.59
542253.0,19.56,97167.42,480.94,-7.511,-5.025,2.203,7.405,0.996,0.514,31.433,54.444,620.35,54.304096,-5.584113,330913.59
542508.0,19.56,97200.75,478.08,-5.974,5.092,-6.838,5.605,3.501,-0.434,112.013,76.256,635.778,54.304096,-5.584113,330913.59
542755.0,19.56,97234.92,475.15,-5.751,-5.99,-8.997,1.39,-1.402,-0.489,22.664,52.612,621.076,54.304165,-5.58412,330919.41
543004.0,19.55,97259.06,473.07,-8.686,-4.243,-0.685,2.989,-1.187,1.099,-48.738,32.394,628.136,54.304165,-5.58412,330919.41
543254.0,19.55,97291.97,469.79,-4.604,-2.579,1.97,2.164,-0.408,-1.063,-26.021,41.451,630.123,54.304165,-5.58412,330919.41
543503.0,19.55,97325.38,467.39,-3.996,-8.394,9.761,1.758,0.005,-2.054,-13.808,27.747,605.05,54.304165,-5.58412,330919.41
543756.0,19.55,97359.09,464.49,-2.923,-2.131,8.701,2.342,4.22,-1.018,7.03,43.668,590.082,54.304249,-5.584136,330926.22
544005.0,19.56,97406.57,460.43,-5.854,-8.231,-2.808,5.154,3.157,-0.881,-16.131,77.973,576.239,54.304249,-5.584136,330926.22
544253.0,19.56,97442.81,457.32,-7.875,-9.96,-1.456,7.009,3.942,2.442,18.742,83.245,589.349,54.304249,-5.584136,330926.22
544508.0,19.56,97482.12,453.95,-4.894,-16.7,-2.5,8.731,4.434,1.919,16.001,89.396,615.783,54.304249,-5.584136,330926.22
544755.0,19.56,97515.42,451.1,3.213,-5.883,-8.72,8.229,6.314,1.471,-6.906,92.628,658.136,54.304321,-5.584153,330932.0
545004.0,19.57,97542.38,448.79,1.566,-10.726,2.636,-0.683,3.453,0.807,-12.2,74.945,655.108,54.304321,-5.584153,330932.0
545255.0,19.57,97575.33,445.97,-3.218,-1.982,-12.78,0.938,-1.943,3.986,-95.325,45.737,699.451,54.304321,-5.584153,330932.0
545504.0,19.57,97620.42,442.11,-3.742,13.144,-12.828,8.477,-2.299,3.949,76.55,2.165,759.503,54.304321,-5.584153,330932.0
545758.0,19.57,97670.28,437.85,1.283,3.381,-13.453,4.703,-1.782,5.299,191.877,-17.926,821.005,54.304398,-5.58416,330938.5
546007.0,19.57,97715.25,434.0,-1.87,3.469,-8.837,4.79,-1.617,2.718,204.341,-22.355,881.097,54.304398,-5.58416,330938.5
546257.0,19.56,97743.8,431.56,-3.385,0.668,-4.209,1.553,-1.398,0.731,218.015,-12.865,904.069,54.304398,-5.58416,330938.5
546506.0,19.55,97781.41,428.35,-9.38,-0.663,2.435,1.092,-1.589,-0.936,178.868,19.962,901.208,54.304398,-5.58416,330938.5
546760.0,19.55,97819.11,425.13,-8.914,-4.015,6.582,4.46,1.891,-1.766,86.774,44.27,883.665,54.304482,-5.584162,330945.88
547003.0,19.55,97847.17,422.73,-7.951,-5.404,9.409,7.628,0.283,-1.913,64.446,53.568,850.101,54.304482,-5.584162,330945.88
547263.0,19.56,97880.23,419.91,-7.951,1.137,2.133,3.103,0.864,-0.742,91.259,60.331,834.072,54.304482,-5.584162,330945.88
547507.0,19.56,97917.34,416.74,-7.69,4.13,2.016,3.449,-0.148,1.216,106.119,66.175,836.937,54.304482,-5.584162,330945.88
547755.0,19.57,97959.84,413.11,-2.191,7.017,-5.612,0.588,0.944,1.241,128.564,54.813,854.185,54.304562,-5.584175,330952.47
548004.0,19.57,97994.07,410.19,-4.468,11.399,-3.891,-3.569,-2.082,-1.169,107.165,25.369,860.865,54.304562,-5.584175,330952.47
548253.0,19.56,98023.38,407.7,-4.755,-5.119,6.182,-2.056,-0.073,-1.766,35.726,18.136,826.827,54.304562,-5.584175,330952.47
548508.0,19.55,98055.16,404.99,-6.582,0.429,7.278,-1.34,-0.559,0.836,-6.266,29.623,830.65,54.304562,-5.584175,330952.47
548755.0,19.54,98090.08,402.04,-6.483,-2.938,7.077,-2.151,0.63,-0.672,-22.744,34.435,833.703,54.304642,-5.584177,330959.5
549004.0,19.54,98120.56,399.41,-6.646,-5.945,4.788,3.041,0.683,-0.747,-32.738,46.569,820.96,54.304642,-5.584177,330959.5
549268.0,19.54,98162.12,395.87,-5.614,2.5,7.848,1.898,-0.042,0.026,4.745,44.185,815.607,54.304642,-5.584177,330959.5
549506.0,19.53,98196.47,392.95,-6.548,0.026,7.209,-2.678,0.764,-0.848,1.345,44.009,810.158,54.304642,-5.584177,330959.5
549759.0,19.53,98237.05,389.49,-8.1,-8.892,1.051,1.665,0.488,-0.879,-35.572,55.186,794.524,54.304718,-5.584178,330966.19
550008.0,19.54,98272.29,386.49,-5.617,0.254,6.586,2.843,0.188,1.734,-6.873,46.089,800.509,54.304718,-5.584178,330966.19
550254.0,19.55,98307.5,383.5,-4.068,7.118,4.403,0.094,-0.77,0.421,33.387,40.078,818.791,54.304718,-5.584178,330966.19
550503.0,19.56,98340.94,380.65,-3.742,5.346,9.507,1.963,-1.045,-1.429,43.202,16.021,809.011,54.304718,-5.584178,330966.19
550756.0,19.56,98373.69,377.87,-5.657,6.416,2.471,6.333,1.352,-2.859,93.308,28.555,781.382,54.304794,-5.58418,330972.91
551005.0,19.56,98422.42,373.72,-6.115,-8.885,-1.463,6.655,-0.597,-2.764,63.732,46.531,733.539,54.304794,-5.58418,330972.91
551253.0,19.56,98459.66,370.56,-3.797,-7.606,9.009,-0.232,1.47,0.064,29.975,35.04,721.335,54.304794,-5.58418,330972.91
551508.0,19.56,98502.28,366.94,-7.841,-7.013,-6.043,1.692,0.907,1.622,-40.216,53.009,734.832,54.304794,-5.58418,330972.91
551755.0,19.55,98542.63,363.51,-6.311,3.412,1.963,5.287,-1.188,3.676,-22.312,46.597,769.614,54.304871,-5.584173,330979.94
552004.0,19.55,98576.2,360.66,-4.949,6.467,4.472,-2.741,-0.94,-1.81,39.884,30.458,786.903,54.304871,-5.584173,330979.94
552255.0,19.55,98615.16,357.36,-4.539,-0.316,8.085,0.598,0.385,0.108,19.91,26.482,770.094,54.304871,-5.584173,330979.94
552504.0,19.56,98647.19,354.64,-7.398,3.285,7.156,-0.107,0.246,0.475,29.281,38.126,777.208,54.304871,-5.584173,330979.94
552757.0,19.56,98685.07,351.43,-2.174,3.005,5.346,-0.287,-0.101,0.687,28.557,36.158,784.664,54.304947,-5.584152,330987.53
553006.0,19.56,98719.83,348.48,-3.977,7.343,6.862,0.511,-0.159,-0.08,38.439,23.273,794.749,54.304947,-5.584152,330987.53
553258.0,19.56,98759.61,345.11,-5.717,6.812,3.249,0.803,1.0,-1.901,60.627,29.301,779.113,54.304947,-5.584152,330987.53
553507.0,19.56,98800.52,341.64,-10.661,0.153,0.294,-0.971,0.673,-0.358,40.373,63.215,759.928,54.304947,-5.584152,330987.53
553754.0,19.56,98848.68,337.56,-10.125,4.015,0.271,-0.799,1.214,1.624,25.462,80.257,770.449,54.305023,-5.584133,330995.03
554003.0,19.57,98890.36,334.03,-7.365,9.814,2.112,-4.979,1.781,0.115,34.002,72.484,786.248,54.305023,-5.584133,330995.03
554253.0,19.58,98927.72,330.84,-6.12,3.706,3.493,-4.027,1.27,0.738,-1.535,76.795,790.59,54.305023,-5.584133,330995.03
554508.0,19.59,98963.78,327.82,-2.126,0.01,3.924,-4.011,-1.209,-0.446,-21.202,53.669,795.908,54.305023,-5.584133,330995.03
554755.0,19.59,98996.78,325.03,-4.925,-13.906,3.78,0.725,0.968,-0.354,-51.144,37.34,779.873,54.305099,-5.584116,331002.47
555004.0,19.59,99039.66,321.4,-7.647,-1.326,1.556,3.074,4.707,2.448,-17.526,64.102,803.495,54.305099,-5.584116,331002.47
555282.0,19.59,99093.02,316.89,-7.712,3.922,-12.22,-0.84,-0.769,0.916,76.94,82.809,825.421,54.305099,-5.584116,331002.47
555503.0,19.59,99134.75,313.36,-6.483,3.541,-1.233,0.547,-2.045,0.475,112.904,44.885,831.888,54.305099,-5.584116,331002.47
555757.0,19.59,99178.77,309.64,-4.092,4.633,-0.232,-0.643,0.829,0.58,97.529,46.174,837.98,54.305183,-5.584092,331010.88
556006.0,19.59,99219.56,306.2,-2.619,8.277,-0.802,-4.124,1.397,1.211,73.047,47.563,850.535,54.305183,-5.584092,331010.88
556254.0,19.58,99235.14,304.88,-4.092,7.209,9.493,-2.199,0.89,-1.386,26.213,40.903,855.92,54.305183,-5.584092,331010.88
556504.0,19.58,99275.37,301.49,-8.866,-1.446,-0.33,1.963,-0.193,-4.447,56.822,59.104,809.923,54.305183,-5.584092,331010.88
556757.0,19.58,99312.62,298.34,-7.609,-6.527,8.516,-1.474,-0.417,1.509,-0.469,35.305,788.978,54.305256,-5.584045,331019.12
557006.0,19.58,99349.96,295.19,-7.879,3.072,7.341,-4.828,-0.408,0.747,-32.122,41.85,820.318,54.305256,-5.584045,331019.12
557258.0,19.58,99378.16,292.81,-7.003,-4.815,-4.523,-3.161,2.64,-0.292,-76.581,64.423,812.735,54.305256,-5.584045,331019.12
557507.0,19.58,99402.14,290.79,-3.917,-4.324,-9.266,2.487,0.047,-0.248,-127.52,54.499,814.404,54.305256,-5.584045,331019.12
557755.0,19.58,99431.97,288.28,-1.956,-6.874,1.901,2.973,-1.5,0.665,-75.748,22.957,815.503,54.305325,-5.58401,331026.59
558004.0,19.58,99464.09,285.57,-4.125,-3.172,9.072,2.088,0.118,0.846,-40.423,12.236,828.044,54.305325,-5.58401,331026.59
558291.0,19.58,99512.27,281.51,-4.302,3.838,5.794,-0.029,0.621,-1.05,3.474,31.221,823.893,54.305325,-5.58401,331026.59
558506.0,19.58,99545.29,278.73,-8.054,-5.672,5.825,0.3,0.182,-1.665,-9.453,41.529,804.928,54.305325,-5.58401,331026.59
558759.0,19.58,99588.09,275.13,-5.725,-0.089,7.484,2.62,1.2,2.52,0.379,42.573,808.001,54.305389,-5.583968,331033.97
559003.0,19.58,99621.44,272.32,-7.726,11.504,0.503,-0.828,0.432,0.81,45.144,52.226,839.704,54.305389,-5.583968,331033.97
559254.0,19.58,99662.53,268.86,-6.855,1.185,6.211,-1.286,-0.064,-1.099,28.877,45.46,829.71,54.305389,-5.583968,331033.97
559503.0,19.58,99705.25,265.27,-6.656,2.528,6.563,-0.684,-0.681,0.743,5.269,44.919,828.356,54.305389,-5.583968,331033.97
559757.0,19.58,99739.98,262.35,-1.592,-0.275,7.851,-3.787,-0.847,-0.36,-14.301,23.9,833.386,54.305466,-5.583941,331041.78
560005.0,19.58,99769.58,259.86,-6.067,-10.245,5.997,2.523,1.653,-0.527,-36.514,27.674,821.593,54.305466,-5.583941,331041.78
560254.0,19.58,99815.31,256.02,-7.829,-0.323,3.306,4.572,1.341,0.291,17.125,54.093,821.311,54.305466,-5.583941,331041.78
560504.0,19.58,99859.83,252.28,-7.477,6.555,-3.443,3.657,1.172,1.258,94.953,67.845,834.911,54.305466,-5.583941,331041.78
560757.0,19.58,99905.09,247.84,-5.986,7.63,-5.538,0.612,-2.462,0.471,131.287,40.483,845.995,54.305534,-5.583919,331048.78
561006.0,19.59,99949.89,244.71,-7.041,7.037,1.817,0.404,-0.589,-0.388,113.228,25.188,846.287,54.305534,-5.583919,331048.78
561258.0,19.58,99993.36,241.07,-3.436,4.168,-2.246,-0.743,2.218,-0.085,98.603,45.765,840.819,54.305534,-5.583919,331048.78
561507.0,19.58,100039.83,237.17,-8.526,11.598,-5.921,-0.876,-0.204,-0.343,105.144,48.488,845.568,54.305534,-5.583919,331048.78
561755.0,19.58,100074.84,234.23,-7.204,4.101,-1.267,-1.99,-0.732,-0.795,102.966,40.138,831.917,54.305614,-5.583875,331057.59
562004.0,19.58,100106.65,231.56,-7.626,3.931,2.717,-3.284,-0.575,0.484,52.591,48.787,830.033,54.305614,-5.583875,331057.59
562256.0,19.57,100139.52,228.81,-5.404,-0.091,10.59,-2.744,-0.56,0.831,2.1,33.76,838.852,54.305614,-5.583875,331057.59
562505.0,19.57,100174.2,225.9,-5.701,-1.695,5.669,-2.979,2.384,-0.202,-31.447,44.575,846.342,54.305614,-5.583875,331057.59
562758.0,19.57,100207.63,223.1,-6.404,-8.126,-2.897,-0.569,1.278,-0.915,-80.971,62.986,834.914,54.305683,-5.583828,331065.53
563007.0,19.57,100247.09,219.8,-7.288,-9.835,-2.61,1.75,0.343,1.192,-87.63,50.326,834.607,54.305683,-5.583828,331065.53
563300.0,19.57,100296.36,215.67,-9.194,-1.53,2.011,1.932,-0.005,-0.064,-62.045,56.157,849.837,54.305683,-5.583828,331065.53
563504.0,19.57,100327.83,212.56,-8.906,-4.556,3.919,2.552,-0.2,-1.499,-33.827,60.943,838.807,54.305683,-5.583828,331065.53
563757.0,19.57,100365.09,209.92,-7.8,-4.094,6.512,3.934,1.698,-2.05,0.96,57.718,817.01,54.305752,-5.583802,331072.62
564006.0,19.57,100405.38,206.55,-7.53,0.96,7.111,5.755,0.576,0.315,38.231,57.599,798.153,54.305752,-5.583802,331072.62
564270.0,19.57,100445.02,203.24,-5.48,5.99,-3.208,3.521,2.599,-0.028,97.712,70.56,804.664,54.305752,-5.583802,331072.62
564503.0,19.57,100494.11,199.13,-2.315,1.494,-9.155,2.283,-0.362,1.545,160.549,49.755,812.697,54.305752,-5.583802,331072.62
564756.0,19.57,100537.16,195.54,-5.076,2.897,-11.997,-0.277,-0.751,0.25,176.961,27.369,830.132,54.305813,-5.583793,331078.38
565005.0,19.57,100577.0,192.21,-5.578,-0.4,-3.474,-0.227,-1.189,-1.661,114.081,21.834,814.481,54.305813,-5.583793,331078.38
565278.0,19.56,100608.8,189.56,-7.027,-7.235,-4.705,1.5,1.044,-0.331,-6.583,41.21,797.92,54.305813,-5.583793,331078.38
565505.0,19.56,100631.91,187.63,-6.416,-7.719,-4.726,5.812,1.572,0.731,-38.344,49.718,804.771,54.305813,-5.583793,331078.38
565758.0,19.55,100664.53,184.9,-3.716,-6.218,6.29,3.695,0.448,-1.218,-8.301,41.523,798.866,54.305874,-5.583775,331084.53
566007.0,19.55,100702.77,181.71,-5.54,-7.013,9.464,1.243,2.741,-0.557,1.258,41.925,781.622,54.305874,-5.583775,331084.53
566314.0,19.55,100759.65,176.97,-8.88,-4.604,-3.996,3.682,-0.335,-0.347,-15.134,70.75,777.894,54.305874,-5.583775,331084.53
566507.0,19.55,100792.77,174.21,-6.996,2.796,6.201,3.282,-1.956,2.181,-7.379,50.505,788.572,54.305874,-5.583775,331084.53
566760.0,19.55,100822.83,171.7,-4.154,8.092,5.997,0.442,-0.682,-1.704,39.803,25.633,795.22,54.305946,-5.583756,331091.69
567003.0,19.56,100864.91,168.19,-4.65,4.681,3.563,4.07,-0.777,-1.6,68.692,23.388,767.447,54.305946,-5.583756,331091.69
567265.0,19.56,100906.75,164.71,-11.016,3.256,0.436,0.684,-0.836,-0.669,92.8,32.762,751.912,54.305946,-5.583756,331091.69
567503.0,19.56,100940.41,161.91,-6.687,3.558,4.59,-1.301,-1.216,0.567,64.459,41.358,753.618,54.305946,-5.583756,331091.69
567756.0,19.57,100977.25,158.84,-5.607,2.873,10.424,-1.708,-0.708,-0.077,25.716,22.509,757.901,54.306004,-5.58374,331097.38
568005.0,19.57,101013.28,155.84,-5.191,-2.794,9.177,-3.273,2.079,-0.95,-14.976,28.834,749.83,54.306004,-5.58374,331097.38
568270.0,19.58,101051.86,152.63,-8.72,-9.246,1.322,2.326,0.981,-0.216,-44.107,58.245,738.318,54.306004,-5.58374,331097.38
568508.0,19.58,101087.92,149.63,-8.447,-3.235,4.192,1.271,1.234,0.211,-31.113,60.552,742.415,54.306004,-5.58374,331097.38
568755.0,19.58,101129.19,146.2,-11.384,-4.07,5.617,2.281,0.209,-1.481,-23.786,69.961,731.801,54.306049,-5.583728,331101.94
569004.0,19.58,101166.3,143.11,-4.19,-3.314,8.095,3.815,0.249,-2.112,4.754,53.493,704.86,54.306049,-5.583728,331101.94
569278.0,19.58,101200.87,140.24,-4.02,0.06,7.745,-0.422,1.437,-0.424,15.692,45.189,689.539,54.306049,-5.583728,331101.94
569504.0,19.59,101235.38,137.37,-7.695,-1.798,2.037,1.069,0.936,0.899,-9.844,61.157,692.332,54.306049,-5.583728,331101.94
569758.0,19.59,101278.09,133.82,-6.675,5.966,2.444,1.053,-1.13,0.754,34.963,60.678,707.638,54.306107,-5.583712,331107.62
570007.0,19.6,101311.77,130.57,-5.873,3.436,7.484,0.924,-0.722,-2.334,43.4,35.332,695.904,54.306107,-5.583712,331107.62
570282.0,19.61,101358.09,127.18,-5.004,0.424,5.727,3.348,-0.305,-1.59,58.689,35.125,662.039,54.306107,-5.583712,331107.62
570503.0,19.61,101387.54,124.74,-4.669,5.531,4.628,2.357,-0.789,-0.158,71.095,30.763,654.027,54.306107,-5.583712,331107.62
570756.0,19.62,101426.69,121.49,-5.772,4.025,8.018,-0.597,-0.427,-1.17,55.434,24.302,644.656,54.306156,-5.583712,331112.03
571005.0,19.63,101455.14,119.13,14.279,-65.414,41.508,-8.731,-0.921,-0.802,1.742,-24.803,612.142,54.306156,-5.583712,331112.03
571326.0,19.64,101508.7,114.69,18.174,-5.011,18.265,-7.291,0.316,-0.459,29.47,-19.738,617.35,54.306156,-5.583712,331112.03
571507.0,19.65,101528.28,113.07,15.088,0.737,24.28,0.017,1.002,0.235,16.653,-26.601,615.402,54.306156,-5.583712,331112.03
571755.0,19.65,101544.66,111.54,0.302,-2.765,9.206,-0.043,0.006,0.013,-4.765,-27.843,616.338,54.30621,-5.583698,331117.31
572004.0,19.65,101556.52,110.73,0.448,-2.978,9.467,-0.034,0.005,0.014,-12.512,-12.905,616.531,54.30621,-5.583698,331117.31
572294.0,19.65,101565.33,110.0,0.443,-2.966,9.459,-0.035,0.005,0.013,-15.711,-6.921,616.756,54.30621,-5.583698,331117.31
572504.0,19.64,101569.48,109.65,0.438,-2.962,9.471,-0.034,0.006,0.013,-16.872,-4.584,616.92,54.30621,-5.583698,331117.31
572757.0,19.64,101572.02,109.44,0.429,-2.962,9.452,-0.034,0.005,0.014,-17.479,-3.327,617.117,54.306252,-5.583686,331121.5
573006.0,19.64,101573.75,109.3,0.45,-2.952,9.457,-0.034,0.005,0.014,-17.738,-2.831,617.313,54.306252,-5.583686,331121.5
573300.0,19.64,101575.46,109.16,0.453,-2.966,9.438,-0.035,0.005,0.013,-17.946,-2.628,617.541,54.306252,-5.583686,331121.5
573504.0,19.64,101576.44,109.08,0.448,-2.966,9.457,-0.035,0.006,0.013,-17.922,-2.555,617.702,54.306252,-5.583686,331121.5
573757.0,19.63,101576.84,109.05,0.438,-2.945,9.488,-0.035,0.006,0.014,-17.919,-2.508,617.896,54.306229,-5.583683,331119.59
574006.0,19.63,101576.92,109.04,0.457,-2.947,9.486,-0.033,0.005,0.013,-17.912,-2.485,618.094,54.306229,-5.583683,331119.59
574308.0,19.63,101577.08,109.03,0.453,-2.971,9.436,-0.035,0.005,0.014,-18.039,-2.459,618.329,54.306229,-5.583683,331119.59
574507.0,19.63,101577.25,109.01,0.438,-2.947,9.479,-0.035,0.006,0.014,-17.954,-2.464,618.487,54.306229,-5.583683,331119.59
574760.0,19.63,101577.58,108.98,0.453,-2.94,9.481,-0.034,0.006,0.013,-17.925,-2.466,618.683,54.306232,-5.583668,331120.5
575003.0,19.63,101576.92,109.04,0.441,-2.959,9.464,-0.035,0.006,0.014,-17.905,-2.47,618.877,54.306232,-5.583668,331120.5
575349.0,19.63,101576.59,109.07,0.448,-2.959,9.438,-0.035,0.006,0.014,-18.109,-2.452,619.147,54.306232,-5.583668,331120.5
575508.0,19.63,101576.43,109.08,0.443,-2.957,9.469,-0.035,0.006,0.014,-18.025,-2.462,619.273,54.306232,-5.583668,331120.5
576004.0,19.63,101577.58,108.98,0.443,-2.959,9.44,-0.034,0.006,0.014,-17.928,-2.482,619.661,54.306232,-5.583662,331120.78
576294.0,19.63,101577.58,108.98,0.457,-2.957,9.464,-0.034,0.006,0.015,-18.009,-2.475,619.89,54.306232,-5.583662,331120.78
576504.0,19.63,101577.41,109.0,0.431,-2.95,9.455,-0.034,0.006,0.013,-17.953,-2.471,620.054,54.306232,-5.583662,331120.78
576757.0,19.63,101577.03,109.03,0.457,-2.959,9.469,-0.034,0.005,0.014,-17.932,-2.496,620.251,54.306213,-5.583645,331119.72
577006.0,19.63,101576.7,109.06,0.462,-2.962,9.462,-0.035,0.006,0.013,-17.915,-2.471,620.446,54.306213,-5.583645,331119.72
577300.0,19.63,101576.78,109.05,0.443,-2.957,9.467,-0.033,0.006,0.013,-17.976,-2.47,620.675,54.306213,-5.583645,331119.72
577504.0,19.63,101577.11,109.02,0.441,-2.962,9.462,-0.034,0.006,0.014,-17.962,-2.465,620.835,54.306213,-5.583645,331119.72
577757.0,19.63,101577.44,109.0,0.448,-2.95,9.452,-0.034,0.005,0.014,-17.927,-2.472,621.035,54.306194,-5.583635,331118.44
578006.0,19.63,101577.11,109.02,0.438,-2.964,9.474,-0.034,0.006,0.014,-17.912,-2.473,621.232,54.306194,-5.583635,331118.44
578304.0,19.63,101578.17,108.93,0.469,-3.048,9.459,-0.034,0.006,0.014,-18.046,-2.488,621.468,54.306194,-5.583635,331118.44
578508.0,19.63,101578.58,108.9,0.469,-2.969,9.481,-0.034,0.005,0.014,-18.086,-2.559,621.629,54.306194,-5.583635,331118.44
578756.0,19.63,101578.73,108.89,0.45,-2.974,9.452,-0.035,0.005,0.014,-17.983,-2.517,621.824,54.306183,-5.583613,331118.25
579005.0,19.63,101578.58,108.9,0.448,-2.959,9.464,-0.034,0.006,0.014,-17.939,-2.51,622.022,54.306183,-5.583613,331118.25
579254.0,19.62,101578.65,108.9,0.445,-2.971,9.469,-0.034,0.005,0.014,-17.922,-2.503,622.221,54.306183,-5.583613,331118.25
579505.0,19.62,101578.33,108.92,0.445,-2.959,9.476,-0.035,0.005,0.014,-18.023,-2.477,622.422,54.306183,-5.583613,331118.25
579758.0,19.62,101577.67,108.98,0.46,-2.966,9.462,-0.034,0.006,0.013,-17.973,-2.492,622.62,54.306164,-5.583596,331117.22
580007.0,19.63,101577.76,108.97,0.441,-2.94,9.445,-0.034,0.006,0.013,-17.93,-2.487,622.816,54.306164,-5.583596,331117.22
580256.0,19.63,101577.44,109.0,0.431,-2.959,9.467,-0.034,0.006,0.013,-17.912,-2.485,623.012,54.306164,-5.583596,331117.22
580507.0,19.63,101577.44,109.0,0.472,-2.983,9.471,-0.035,0.006,0.013,-17.974,-2.488,623.21,54.306164,-5.583596,331117.22
580755.0,19.62,101577.34,109.0,0.453,-2.957,9.452,-0.034,0.007,0.014,-17.947,-2.481,623.403,54.306149,-5.583579,331116.56
581004.0,19.62,101577.51,108.99,0.441,-2.954,9.445,-0.034,0.006,0.014,-17.931,-2.486,623.603,54.306149,-5.583579,331116.56
581253.0,19.62,101577.67,108.98,0.417,-2.942,9.464,-0.034,0.006,0.014,-17.914,-2.463,623.803,54.306149,-5.583579,331116.56
581507.0,19.62,101577.67,108.98,0.433,-2.971,9.464,-0.034,0.005,0.014,-17.969,-2.48,624.002,54.306149,-5.583579,331116.56
581760.0,19.62,101576.97,109.03,0.438,-2.954,9.474,-0.034,0.006,0.014,-17.951,-2.465,624.2,54.306145,-5.583568,331116.62
582003.0,19.62,101576.8,109.05,0.448,-2.957,9.455,-0.035,0.005,0.013,-17.925,-2.461,624.391,54.306145,-5.583568,331116.62
582253.0,19.62,101576.64,109.06,0.433,-2.95,9.455,-0.034,0.005,0.015,-17.923,-2.489,624.589,54.306145,-5.583568,331116.62
582503.0,19.62,101576.64,109.06,0.448,-2.952,9.45,-0.035,0.006,0.014,-17.971,-2.476,624.786,54.306145,-5.583568,331116.62
582757.0,19.62,101576.8,109.05,0.431,-2.966,9.464,-0.034,0.005,0.014,-17.934,-2.48,624.984,54.306126,-5.583563,331115.12
583006.0,19.62,101577.12,109.02,0.441,-2.957,9.467,-0.034,0.006,0.014,-17.923,-2.491,625.183,54.306126,-5.583563,331115.12
583255.0,19.62,101577.45,108.99,0.445,-2.94,9.464,-0.035,0.007,0.014,-17.927,-2.488,625.381,54.306126,-5.583563,331115.12
583505.0,19.62,101578.11,108.94,0.433,-2.962,9.474,-0.034,0.006,0.014,-18.031,-2.467,625.573,54.306126,-5.583563,331115.12
583758.0,19.62,101577.95,109.0,0.445,-2.945,9.436,-0.034,0.004,0.014,-17.961,-2.484,625.771,54.306099,-5.583573,331112.38
584007.0,19.62,101577.05,109.03,0.443,-2.947,9.459,-0.035,0.006,0.014,-17.914,-2.477,625.969,54.306099,-5.583573,331112.38
584257.0,19.62,101576.14,109.1,0.436,-2.974,9.45,-0.035,0.005,0.014,-18.033,-2.552,626.165,54.306099,-5.583573,331112.38
584508.0,19.62,101576.95,109.04,0.426,-2.962,9.445,-0.034,0.006,0.014,-18.01,-2.507,626.366,54.306099,-5.583573,331112.38
584756.0,19.62,101577.86,108.96,0.445,-2.938,9.469,-0.035,0.005,0.015,-17.947,-2.501,626.56,54.306099,-5.583566,331112.66
585005.0,19.62,101578.27,108.93,0.436,-2.962,9.469,-0.034,0.005,0.014,-17.909,-2.494,626.756,54.306099,-5.583566,331112.66
585254.0,19.62,101578.09,108.94,0.433,-2.966,9.474,-0.034,0.006,0.013,-17.896,-2.497,626.953,54.306099,-5.583566,331112.66
585508.0,19.62,101578.09,108.94,0.445,-2.959,9.448,-0.034,0.005,0.013,-17.941,-2.484,627.153,54.306099,-5.583566,331112.66
585755.0,19.62,101579.08,108.86,0.457,-2.954,9.467,-0.034,0.005,0.014,-17.946,-2.486,627.347,54.306099,-5.583556,331113.03
586004.0,19.62,101579.41,108.83,0.448,-2.945,9.448,-0.034,0.007,0.014,-17.92,-2.465,627.544,54.306099,-5.583556,331113.03
586253.0,19.62,101579.81,108.8,0.455,-2.957,9.462,-0.034,0.005,0.014,-17.901,-2.476,627.74,54.306099,-5.583556,331113.03
586504.0,19.62,101579.33,108.84,0.424,-2.952,9.476,-0.034,0.005,0.014,-17.941,-2.474,627.937,54.306099,-5.583556,331113.03
586757.0,19.62,101580.14,108.77,0.467,-2.964,9.464,-0.034,0.006,0.014,-17.929,-2.482,628.134,54.30611,-5.583556,331114.06
587006.0,19.62,101579.08,108.86,0.453,-2.966,9.464,-0.035,0.006,0.013,-17.909,-2.493,628.334,54.30611,-5.583556,331114.06
587255.0,19.62,101578.59,108.9,0.443,-2.945,9.455,-0.034,0.006,0.014,-17.897,-2.501,628.53,54.30611,-5.583556,331114.06
587505.0,19.62,101579.0,108.87,0.441,-2.969,9.457,-0.034,0.005,0.015,-18.006,-2.483,628.728,54.30611,-5.583556,331114.06
587758.0,19.62,101578.27,108.93,0.433,-2.94,9.448,-0.034,0.005,0.014,-17.957,-2.487,628.927,54.306126,-5.583565,331115.06
588007.0,19.62,101578.84,108.88,0.45,-2.95,9.457,-0.035,0.006,0.014,-17.933,-2.497,629.123,54.306126,-5.583565,331115.06
588256.0,19.62,101578.84,108.88,0.445,-2.954,9.479,-0.036,0.006,0.014,-17.903,-2.483,629.321,54.306126,-5.583565,331115.06
588506.0,19.62,101579.0,108.87,0.438,-2.976,9.464,-0.035,0.006,0.014,-17.956,-2.485,629.52,54.306126,-5.583565,331115.06
588759.0,19.62,101579.0,108.87,0.453,-2.976,9.469,-0.034,0.006,0.013,-17.919,-2.492,629.721,54.306137,-5.583573,331115.75
589003.0,19.62,101579.0,108.87,0.445,-2.942,9.448,-0.035,0.005,0.013,-17.91,-2.501,629.912,54.306137,-5.583573,331115.75
589258.0,19.62,101578.67,108.89,0.455,-2.971,9.459,-0.035,0.005,0.012,-17.916,-2.502,630.109,54.306137,-5.583573,331115.75
589504.0,19.62,101578.34,108.92,0.464,-2.95,9.481,-0.034,0.005,0.014,-17.968,-2.496,630.3,54.306137,-5.583573,331115.75
589757.0,19.62,101577.95,108.95,0.467,-2.95,9.481,-0.034,0.006,0.013,-17.937,-2.498,630.495,54.306137,-5.583575,331115.69
590006.0,19.62,101577.62,108.98,0.493,-2.99,9.462,-0.033,0.005,0.013,-18.015,-2.562,630.692,54.306137,-5.583575,331115.69
590255.0,19.62,101577.67,108.98,0.45,-2.952,9.443,-0.035,0.006,0.014,-17.973,-2.538,630.887,54.306137,-5.583575,331115.69
590505.0,19.62,101578.0,108.95,0.443,-2.957,9.483,-0.034,0.006,0.013,-17.999,-2.514,631.078,54.306137,-5.583575,331115.69
590758.0,19.62,101578.16,108.94,0.448,-2.95,9.44,-0.034,0.005,0.013,-17.952,-2.505,631.276,54.306137,-5.583575,331115.69
591007.0,19.62,101578.65,108.9,0.431,-2.957,9.464,-0.034,0.006,0.015,-17.907,-2.485,631.473,54.306137,-5.583575,331115.69
591256.0,19.62,101578.65,108.9,0.441,-2.95,9.45,-0.034,0.005,0.014,-17.887,-2.486,631.667,54.306137,-5.583575,331115.69
591507.0,19.62,101578.48,108.91,0.453,-2.94,9.431,-0.034,0.006,0.014,-18.011,-2.468,631.863,54.306137,-5.583575,331115.69
591755.0,19.62,101578.33,108.92,0.441,-2.938,9.457,-0.034,0.006,0.013,-17.955,-2.493,632.054,54.306137,-5.583573,331115.75
592004.0,19.63,101578.58,108.9,0.431,-2.94,9.464,-0.034,0.006,0.014,-17.929,-2.487,632.251,54.306137,-5.583573,331115.75
592253.0,19.63,101577.76,108.97,0.443,-2.959,9.457,-0.034,0.006,0.014,-17.917,-2.497,632.446,54.306137,-5.583573,331115.75
592508.0,19.63,101577.59,108.98,0.443,-2.978,9.452,-0.033,0.006,0.014,-17.95,-2.479,632.647,54.306137,-5.583573,331115.75
593254.0,19.63,101577.52,108.99,0.455,-2.959,9.457,-0.035,0.006,0.014,-17.925,-2.51,633.238,54.306137,-5.583573,331115.75
593506.0,19.63,101578.01,108.95,0.45,-2.959,9.445,-0.034,0.006,0.014,-17.965,-2.498,633.433,54.306137,-5.583573,331115.75
593759.0,19.63,101577.9,108.96,0.453,-2.966,9.498,-0.034,0.006,0.014,-17.928,-2.491,633.634,54.306137,-5.583573,331115.75
594003.0,19.63,101577.41,109.0,0.457,-2.947,9.467,-0.034,0.006,0.014,-17.893,-2.505,633.83,54.306137,-5.583573,331115.75
594258.0,19.63,101577.08,109.03,0.455,-2.952,9.457,-0.034,0.005,0.014,-17.883,-2.511,634.03,54.306137,-5.583573,331115.75
594508.0,19.63,101576.92,109.04,0.45,-2.952,9.471,-0.034,0.006,0.014,-17.96,-2.502,634.229,54.306137,-5.583573,331115.75
594755.0,19.63,101576.92,109.04,0.443,-2.964,9.452,-0.034,0.006,0.014,-17.941,-2.492,634.424,54.306137,-5.583573,331115.75
595004.0,19.63,101577.66,108.98,0.443,-2.957,9.467,-0.034,0.006,0.013,-17.907,-2.495,634.62,54.306137,-5.583573,331115.75
595253.0,19.63,101577.66,108.98,0.453,-2.957,9.462,-0.034,0.006,0.013,-17.915,-2.5,634.819,54.306137,-5.583573,331115.75
595503.0,19.63,101577.49,108.99,0.45,-2.962,9.45,-0.034,0.005,0.014,-18.026,-2.495,635.018,54.306137,-5.583573,331115.75
595757.0,19.64,101578.39,108.92,0.479,-3.038,9.474,-0.033,0.006,0.014,-18.064,-2.536,635.218,54.306137,-5.583573,331115.75
596005.0,19.64,101578.39,108.92,0.441,-2.959,9.481,-0.034,0.006,0.014,-18.034,-2.554,635.417,54.306137,-5.583573,331115.75
596255.0,19.64,101578.72,108.89,0.467,-2.962,9.448,-0.035,0.006,0.013,-17.95,-2.531,635.616,54.306137,-5.583573,331115.75
596508.0,19.64,101579.46,108.83,0.443,-2.976,9.44,-0.035,0.005,0.014,-17.978,-2.501,635.815,54.306137,-5.583573,331115.75
596756.0,19.64,101579.78,108.8,0.45,-2.959,9.483,-0.035,0.005,0.015,-17.936,-2.498,636.012,54.306137,-5.583573,331115.75
597005.0,19.64,101580.0,108.78,0.453,-2.952,9.455,-0.034,0.005,0.014,-17.931,-2.504,636.214,54.306137,-5.583573,331115.75
597254.0,19.64,101580.5,108.74,0.438,-2.942,9.467,-0.035,0.006,0.014,-17.911,-2.488,636.41,54.306137,-5.583573,331115.75
597506.0,19.64,101580.75,108.72,0.462,-2.959,9.455,-0.034,0.005,0.013,-17.957,-2.481,636.605,54.306137,-5.583573,331115.75
597759.0,19.64,101580.75,108.72,0.455,-2.964,9.476,-0.035,0.006,0.014,-17.938,-2.493,636.803,54.306137,-5.583573,331115.75
598008.0,19.64,101580.75,108.72,0.464,-2.964,9.479,-0.034,0.006,0.014,-17.91,-2.514,637.005,54.306137,-5.583573,331115.75
598257.0,19.64,101580.58,108.74,0.448,-2.971,9.471,-0.033,0.006,0.014,-17.906,-2.512,637.204,54.306137,-5.583573,331115.75
598505.0,19.65,101581.16,108.69,0.445,-2.952,9.474,-0.034,0.006,0.014,-17.981,-2.496,637.405,54.306137,-5.583573,331115.75
598759.0,19.65,101581.05,108.7,0.457,-2.962,9.448,-0.035,0.005,0.013,-17.943,-2.493,637.605,54.306137,-5.583573,331115.75
599008.0,19.65,101580.39,108.75,0.469,-2.959,9.431,-0.035,0.005,0.013,-17.922,-2.504,637.804,54.306137,-5.583573,331115.75
599257.0,19.65,101579.91,108.79,0.448,-2.966,9.464,-0.033,0.006,0.014,-17.922,-2.492,637.998,54.306137,-5.583573,331115.75
599508.0,19.65,101580.32,108.76,0.455,-2.931,9.45,-0.034,0.005,0.013,-17.971,-2.493,638.199,54.306137,-5.583573,331115.75
599755.0,19.65,101580.64,108.73,0.445,-2.966,9.464,-0.034,0.006,0.014,-17.949,-2.498,638.391,54.306137,-5.583573,331115.75
600004.0,19.65,101580.32,108.76,0.453,-2.945,9.44,-0.034,0.006,0.014,-17.923,-2.506,638.589,54.306137,-5.583573,331115.75
600253.0,19.65,101579.83,108.8,0.445,-2.962,9.469,-0.035,0.005,0.013,-17.912,-2.507,638.784,54.306137,-5.583573,331115.75
600507.0,19.65,101579.59,108.82,0.429,-2.966,9.455,-0.035,0.006,0.014,-18.04,-2.468,638.985,54.306137,-5.583573,331115.75
600755.0,19.65,101579.09,108.86,0.438,-2.971,9.471,-0.034,0.006,0.014,-17.977,-2.486,639.18,54.306137,-5.583573,331115.75
601004.0,19.66,101579.48,108.83,0.462,-2.957,9.443,-0.034,0.006,0.014,-17.924,-2.495,639.379,54.306137,-5.583573,331115.75
601253.0,19.66,101579.64,108.81,0.445,-2.95,9.426,-0.034,0.006,0.014,-17.902,-2.496,639.578,54.306137,-5.583573,331115.75
601504.0,19.66,101579.97,108.79,0.503,-3.048,9.452,-0.034,0.006,0.014,-18.007,-2.543,639.776,54.306137,-5.583573,331115.75
601757.0,19.66,101579.64,108.81,0.467,-2.957,9.45,-0.034,0.006,0.013,-18.062,-2.569,639.972,54.306137,-5.583573,331115.75
602006.0,19.66,101579.16,108.85,0.443,-2.947,9.469,-0.035,0.005,0.013,-17.968,-2.518,640.171,54.306137,-5.583573,331115.75
602255.0,19.66,101579.23,108.85,0.472,-2.942,9.457,-0.035,0.006,0.015,-17.919,-2.53,640.369,54.306137,-5.583573,331115.75
602504.0,19.66,101579.33,108.84,0.443,-2.945,9.483,-0.034,0.006,0.013,-17.951,-2.511,640.566,54.306137,-5.583573,331115.75
602757.0,19.66,101579.48,108.83,0.438,-2.938,9.452,-0.035,0.006,0.014,-17.918,-2.509,640.763,54.306137,-5.583571,331115.84
603006.0,19.66,101579.16,108.89,0.441,-2.945,9.481,-0.034,0.006,0.015,-17.898,-2.507,640.965,54.306137,-5.583571,331115.84
603255.0,19.66,101579.33,108.84,0.45,-2.964,9.467,-0.033,0.006,0.013,-17.907,-2.489,641.162,54.306137,-5.583571,331115.84
603504.0,19.66,101580.03,108.78,0.448,-2.954,9.459,-0.034,0.005,0.014,-18.018,-2.477,641.354,54.306137,-5.583571,331115.84
603757.0,19.66,101580.2,108.77,0.448,-2.94,9.471,-0.034,0.005,0.014,-17.948,-2.491,641.553,54.306137,-5.583571,331115.84
604006.0,19.66,101579.87,108.79,0.455,-2.962,9.476,-0.034,0.006,0.014,-17.928,-2.511,641.752,54.306137,-5.583571,331115.84
604255.0,19.67,101580.12,108.77,0.467,-2.957,9.455,-0.034,0.006,0.014,-17.919,-2.518,641.946,54.306137,-5.583571,331115.84
604508.0,19.67,101580.2,108.77,0.455,-2.957,9.469,-0.034,0.005,0.014,-17.964,-2.515,642.146,54.306137,-5.583571,331115.84
604756.0,19.67,101580.37,108.75,0.433,-2.971,9.469,-0.033,0.005,0.014,-17.923,-2.511,642.342,54.306137,-5.583571,331115.84
605005.0,19.67,101581.27,108.68,0.433,-2.959,9.455,-0.034,0.005,0.014,-17.912,-2.496,642.539,54.306137,-5.583571,331115.84
605254.0,19.67,101581.43,108.66,0.457,-2.947,9.45,-0.034,0.006,0.014,-17.882,-2.504,642.736,54.306137,-5.583571,331115.84
605503.0,19.67,101581.81,108.63,0.457,-2.971,9.495,-0.035,0.006,0.014,-17.943,-2.495,642.929,54.306137,-5.583571,331115.84
605756.0,19.67,101581.81,108.63,0.453,-2.959,9.464,-0.035,0.006,0.014,-17.929,-2.489,643.128,54.306137,-5.583571,331115.84
606005.0,19.68,101582.23,108.6,0.438,-2.964,9.474,-0.032,0.005,0.014,-17.912,-2.489,643.324,54.306137,-5.583571,331115.84
606255.0,19.68,101582.23,108.6,0.445,-2.954,9.455,-0.034,0.005,0.014,-17.902,-2.492,643.519,54.306137,-5.583571,331115.84
606507.0,19.68,101582.39,108.59,0.443,-2.966,9.479,-0.034,0.006,0.015,-17.975,-2.493,643.721,54.306137,-5.583571,331115.84
606755.0,19.68,101583.12,108.52,0.464,-2.959,9.483,-0.034,0.006,0.013,-17.929,-2.501,643.918,54.306137,-5.583571,331115.84
607004.0,19.68,101583.29,108.51,0.438,-2.964,9.464,-0.034,0.005,0.014,-17.917,-2.523,644.117,54.306137,-5.583571,331115.84
607253.0,19.68,101583.84,108.47,0.469,-3.019,9.467,-0.034,0.005,0.014,-17.969,-2.521,644.316,54.306137,-5.583571,331115.84
607506.0,19.68,101583.84,108.47,0.464,-2.954,9.457,-0.034,0.006,0.014,-18.135,-2.546,644.516,54.306137,-5.583571,331115.84
607760.0,19.68,101583.84,108.47,0.433,-2.938,9.476,-0.035,0.006,0.013,-17.998,-2.519,644.718,54.306137,-5.583571,331115.84
608003.0,19.68,101583.76,108.47,0.443,-2.971,9.467,-0.035,0.005,0.013,-17.943,-2.506,644.913,54.306137,-5.583571,331115.84
608258.0,19.68,101582.78,108.55,0.453,-2.959,9.469,-0.035,0.006,0.015,-17.922,-2.502,645.116,54.306137,-5.583571,331115.84
608503.0,19.69,101583.19,108.52,0.453,-2.954,9.467,-0.034,0.005,0.014,-18.052,-2.489,645.309,54.306137,-5.583571,331115.84
608756.0,19.69,101582.87,108.55,0.455,-2.957,9.443,-0.034,0.007,0.015,-17.967,-2.509,645.509,54.306137,-5.583571,331115.84
609005.0,19.69,101583.57,108.49,0.457,-2.952,9.481,-0.033,0.006,0.014,-17.917,-2.533,645.707,54.306137,-5.583571,331115.84
609254.0,19.69,101583.41,108.5,0.431,-2.964,9.455,-0.034,0.005,0.014,-17.899,-2.51,645.903,54.306137,-5.583571,331115.84
609505.0,19.69,101583.41,108.5,0.457,-2.95,9.459,-0.034,0.006,0.014,-17.941,-2.492,646.102,54.306137,-5.583571,331115.84
609758.0,19.69,101583.17,108.52,0.453,-2.959,9.452,-0.035,0.006,0.014,-17.909,-2.502,646.304,54.306137,-5.583571,331115.84
610257.0,19.69,101583.25,108.51,0.441,-2.966,9.459,-0.034,0.005,0.014,-17.9,-2.491,646.702,54.306137,-5.583571,331115.84
610504.0,19.7,101583.8,108.47,0.426,-2.95,9.462,-0.034,0.006,0.014,-17.945,-2.496,646.899,54.306137,-5.583571,331115.84
610757.0,19.7,101583.88,108.46,0.445,-2.969,9.438,-0.034,0.005,0.014,-17.919,-2.485,647.101,54.306137,-5.583571,331115.84
611006.0,19.7,101583.97,108.45,0.433,-2.947,9.455,-0.034,0.005,0.014,-17.914,-2.48,647.299,54.306137,-5.583571,331115.84
611256.0,19.7,101583.64,108.48,0.467,-2.959,9.471,-0.035,0.006,0.014,-17.902,-2.491,647.496,54.306137,-5.583571,331115.84
611508.0,19.7,101584.05,108.45,0.453,-2.957,9.455,-0.034,0.006,0.014,-18.022,-2.493,647.694,54.306137,-5.583571,331115.84
611755.0,19.71,101584.6,108.4,0.453,-2.938,9.467,-0.034,0.005,0.014,-17.943,-2.501,647.89,54.306137,-5.583571,331115.84
612004.0,19.71,101584.92,108.38,0.448,-2.966,9.445,-0.035,0.006,0.014,-17.91,-2.513,648.089,54.306137,-5.583571,331115.84
612254.0,19.71,101585.17,108.35,0.438,-2.959,9.474,-0.034,0.005,0.014,-17.901,-2.499,648.289,54.306137,-5.583571,331115.84
612506.0,19.71,101585.02,108.37,0.445,-2.959,9.471,-0.034,0.005,0.014,-17.949,-2.505,648.491,54.306137,-5.583571,331115.84
612760.0,19.71,101585.02,108.37,0.464,-2.964,9.464,-0.033,0.006,0.013,-17.935,-2.514,648.692,54.306137,-5.583571,331115.84
613003.0,19.71,101585.17,108.35,0.433,-2.981,9.471,-0.034,0.006,0.014,-17.919,-2.504,648.886,54.306137,-5.583571,331115.84
613258.0,19.71,101585.75,108.31,0.448,-2.962,9.44,-0.034,0.006,0.013,-18.056,-2.549,649.091,54.306137,-5.583571,331115.84
613506.0,19.71,101585.64,108.32,0.46,-2.966,9.445,-0.034,0.006,0.015,-18.066,-2.548,649.291,54.306137,-5.583571,331115.84
613759.0,19.72,101586.22,108.27,0.467,-2.969,9.462,-0.034,0.006,0.014,-17.991,-2.536,649.493,54.306137,-5.583571,331115.84
614003.0,19.72,101586.38,108.25,0.462,-2.95,9.498,-0.033,0.005,0.015,-17.934,-2.514,649.688,54.306137,-5.583571,331115.84
614257.0,19.72,101586.14,108.27,0.445,-2.962,9.457,-0.034,0.005,0.013,-17.893,-2.513,649.89,54.306137,-5.583571,331115.84
614503.0,19.72,101586.2,108.27,0.431,-2.964,9.452,-0.035,0.006,0.013,-17.968,-2.5,650.084,54.306137,-5.583571,331115.84
614756.0,19.72,101585.55,108.32,0.45,-2.974,9.45,-0.033,0.006,0.014,-17.935,-2.506,650.283,54.306137,-5.583571,331115.84
615005.0,19.72,101585.3,108.34,0.462,-2.945,9.438,-0.035,0.006,0.014,-17.913,-2.514,650.48,54.306137,-5.583571,331115.84
615254.0,19.72,101585.14,108.36,0.453,-2.95,9.476,-0.034,0.005,0.014,-17.9,-2.501,650.68,54.306137,-5.583571,331115.84
615508.0,19.73,101584.57,108.4,0.445,-2.938,9.476,-0.034,0.006,0.014,-17.963,-2.481,650.879,54.306137,-5.583571,331115.84
615756.0,19.73,101584.41,108.42,0.453,-2.959,9.464,-0.035,0.006,0.014,-17.924,-2.505,651.071,54.306137,-5.583571,331115.84
616005.0,19.72,101584.16,108.44,0.441,-2.964,9.479,-0.034,0.005,0.013,-17.912,-2.515,651.27,54.306137,-5.583571,331115.84
616254.0,19.73,101584.41,108.42,0.429,-2.947,9.45,-0.033,0.005,0.013,-17.889,-2.498,651.468,54.306137,-5.583571,331115.84
616505.0,19.73,101584.66,108.4,0.436,-2.971,9.45,-0.034,0.006,0.014,-17.968,-2.494,651.669,54.306137,-5.583571,331115.84
616759.0,19.73,101584.55,108.41,0.443,-2.947,9.483,-0.034,0.006,0.014,-17.929,-2.495,651.868,54.306137,-5.58357,331115.88
617008.0,19.73,101584.64,108.4,0.45,-2.957,9.459,-0.034,0.006,0.014,-17.9,-2.502,652.065,54.306137,-5.58357,331115.88
617257.0,19.73,101584.47,108.41,0.457,-2.952,9.459,-0.034,0.005,0.014,-17.883,-2.504,652.263,54.306137,-5.58357,331115.88
617505.0,19.74,101584.56,108.41,0.436,-2.964,9.443,-0.034,0.006,0.014,-18.05,-2.463,652.458,54.306137,-5.58357,331115.88
617759.0,19.74,101583.91,108.46,0.448,-2.95,9.431,-0.034,0.005,0.013,-17.954,-2.477,652.659,54.306137,-5.58357,331115.88
618008.0,19.74,101583.58,108.49,0.448,-2.969,9.45,-0.035,0.006,0.014,-17.932,-2.505,652.858,54.306137,-5.58357,331115.88
618258.0,19.74,101583.95,108.46,0.457,-2.95,9.448,-0.034,0.006,0.014,-17.902,-2.517,653.057,54.306137,-5.58357,331115.88
618504.0,19.74,101584.05,108.45,0.443,-2.959,9.471,-0.034,0.006,0.014,-17.958,-2.506,653.251,54.306137,-5.58357,331115.88
618758.0,19.74,101584.3,108.43,0.457,-2.976,9.457,-0.034,0.006,0.014,-17.931,-2.501,653.451,54.306137,-5.58357,331115.88
619007.0,19.75,101583.7,108.48,0.474,-2.981,9.467,-0.034,0.006,0.014,-18.003,-2.567,653.65,54.306137,-5.58357,331115.88
619256.0,19.75,101583.05,108.53,0.464,-2.954,9.452,-0.034,0.006,0.014,-17.981,-2.553,653.846,54.306137,-5.58357,331115.88
619508.0,19.75,101583.45,108.5,0.453,-2.942,9.452,-0.034,0.005,0.014,-18.069,-2.513,654.043,54.306137,-5.58357,331115.88
619756.0,19.75,101584.03,108.45,0.453,-2.959,9.476,-0.034,0.006,0.015,-17.97,-2.53,654.242,54.306137,-5.58357,331115.88
620005.0,19.75,101583.87,108.46,0.46,-2.964,9.448,-0.034,0.006,0.014,-17.926,-2.517,654.441,54.306137,-5.58357,331115.88
620254.0,19.75,101583.05,108.53,0.448,-2.966,9.459,-0.035,0.006,0.014,-17.912,-2.51,654.64,54.306137,-5.58357,331115.88
620505.0,19.75,101582.45,108.58,0.431,-2.966,9.457,-0.034,0.005,0.014,-17.963,-2.484,654.838,54.306137,-5.58357,331115.88
620758.0,19.76,101582.22,108.6,0.445,-2.959,9.457,-0.034,0.005,0.014,-17.921,-2.503,655.038,54.306137,-5.58357,331115.88
621007.0,19.76,101582.14,108.61,0.445,-2.959,9.45,-0.034,0.005,0.014,-17.9,-2.515,655.236,54.306137,-5.58357,331115.88
621257.0,19.76,101582.05,108.61,0.433,-2.954,9.443,-0.034,0.006,0.014,-17.891,-2.507,655.436,54.306137,-5.58357,331115.88
621507.0,19.76,101582.11,108.61,0.448,-2.959,9.474,-0.033,0.006,0.014,-17.977,-2.496,655.636,54.306137,-5.58357,331115.88
621755.0,19.76,101581.78,108.64,0.45,-2.959,9.452,-0.034,0.006,0.014,-17.91,-2.499,655.833,54.306137,-5.58357,331115.88
622004.0,19.77,101582.36,108.59,0.445,-2.95,9.433,-0.033,0.006,0.014,-17.892,-2.509,656.033,54.306137,-5.58357,331115.88
622254.0,19.77,101582.45,108.58,0.433,-2.94,9.467,-0.034,0.006,0.014,-17.874,-2.518,656.232,54.306137,-5.58357,331115.88
622504.0,19.77,101583.16,108.52,0.436,-2.969,9.493,-0.034,0.005,0.014,-17.958,-2.5,656.427,54.306137,-5.58357,331115.88
622757.0,19.77,101582.94,108.54,0.481,-2.962,9.459,-0.034,0.006,0.014,-17.91,-2.52,656.628,54.306137,-5.58357,331115.88
623006.0,19.77,101583.64,108.48,0.462,-2.959,9.452,-0.034,0.005,0.014,-17.915,-2.508,656.826,54.306137,-5.58357,331115.88
623256.0,19.77,101584.22,108.43,0.455,-2.95,9.459,-0.035,0.006,0.014,-17.898,-2.521,657.026,54.306137,-5.58357,331115.88
623504.0,19.78,101583.33,108.51,0.448,-2.95,9.464,-0.034,0.006,0.015,-17.971,-2.499,657.224,54.306137,-5.58357,331115.88
623757.0,19.78,101583.05,108.53,0.457,-2.954,9.452,-0.033,0.006,0.014,-17.925,-2.501,657.423,54.306137,-5.58357,331115.88
624006.0,19.78,101582.56,108.57,0.448,-2.933,9.452,-0.033,0.005,0.014,-17.897,-2.493,657.625,54.306137,-5.58357,331115.88
624256.0,19.78,101581.91,108.63,0.448,-2.981,9.457,-0.034,0.005,0.014,-17.913,-2.495,657.823,54.306137,-5.58357,331115.88
624506.0,19.78,101582.0,108.62,0.453,-2.952,9.462,-0.034,0.006,0.014,-17.987,-2.495,658.021,54.306137,-5.58357,331115.88
624754.0,19.78,101581.59,108.65,0.476,-3.021,9.483,-0.034,0.006,0.014,-18.028,-2.553,658.219,54.306137,-5.58357,331115.88
625004.0,19.79,101582.17,108.6,0.462,-2.947,9.445,-0.035,0.006,0.014,-18.026,-2.574,658.42,54.306137,-5.58357,331115.88
625253.0,19.79,101581.58,108.65,0.438,-2.966,9.45,-0.033,0.006,0.013,-17.956,-2.528,658.616,54.306137,-5.58357,331115.88
625503.0,19.79,101581.83,108.63,0.464,-2.954,9.457,-0.033,0.006,0.013,-18.114,-2.493,658.81,54.306137,-5.58357,331115.88
625756.0,19.79,101581.33,108.67,0.453,-2.964,9.479,-0.034,0.006,0.014,-17.989,-2.498,659.013,54.306137,-5.58357,331115.88
626005.0,19.79,101581.09,108.69,0.45,-2.971,9.459,-0.034,0.006,0.014,-17.925,-2.513,659.214,54.306137,-5.58357,331115.88
626255.0,19.8,101582.28,108.59,0.445,-2.959,9.459,-0.034,0.006,0.014,-17.889,-2.502,659.414,54.306137,-5.58357,331115.88
626507.0,19.8,101582.53,108.57,0.457,-2.947,9.493,-0.034,0.006,0.014,-17.951,-2.505,659.613,54.306137,-5.58357,331115.88
626755.0,19.8,101582.95,108.54,0.46,-2.954,9.476,-0.033,0.006,0.014,-17.917,-2.513,659.809,54.306137,-5.58357,331115.88
627004.0,19.8,101582.78,108.55,0.433,-2.957,9.471,-0.035,0.005,0.014,-17.905,-2.503,660.009,54.306137,-5.58357,331115.88
627254.0,19.8,101582.84,108.55,0.45,-2.952,9.448,-0.034,0.005,0.013,-17.893,-2.52,660.206,54.306137,-5.58357,331115.88
627505.0,19.81,101583.25,108.51,0.436,-2.957,9.469,-0.034,0.006,0.014,-18.031,-2.491,660.402,54.306137,-5.58357,331115.88
627758.0,19.81,101582.77,108.55,0.455,-2.952,9.469,-0.033,0.004,0.014,-17.948,-2.497,660.6,54.306137,-5.58357,331115.88
628007.0,19.81,101582.92,108.54,0.441,-2.95,9.452,-0.034,0.004,0.014,-17.901,-2.501,660.8,54.306137,-5.58357,331115.88
628257.0,19.81,101583.17,108.52,0.438,-2.947,9.469,-0.034,0.006,0.014,-17.889,-2.499,661.0,54.306137,-5.58357,331115.88
628506.0,19.81,101583.39,108.5,0.457,-2.959,9.452,-0.035,0.005,0.014,-17.968,-2.509,661.202,54.306137,-5.58357,331115.88
628760.0,19.81,101582.91,108.54,0.457,-2.954,9.464,-0.033,0.006,0.014,-17.938,-2.516,661.403,54.306137,-5.58357,331115.88
629003.0,19.81,101582.98,108.54,0.448,-2.942,9.455,-0.034,0.006,0.014,-17.91,-2.521,661.596,54.306137,-5.58357,331115.88
629258.0,19.81,101582.5,108.58,0.46,-2.957,9.467,-0.034,0.005,0.014,-17.893,-2.514,661.801,54.306137,-5.58357,331115.88
629505.0,19.82,101582.75,108.56,0.431,-2.959,9.436,-0.034,0.007,0.014,-17.977,-2.493,661.999,54.306137,-5.58357,331115.88
629759.0,19.82,101582.09,108.61,0.455,-2.957,9.464,-0.034,0.005,0.014,-17.931,-2.505,662.2,54.306137,-5.58357,331115.88
630008.0,19.82,101582.75,108.56,0.445,-2.945,9.44,-0.033,0.006,0.014,-17.904,-2.504,662.402,54.306137,-5.58357,331115.88
630257.0,19.82,101582.67,108.56,0.457,-2.957,9.457,-0.035,0.006,0.013,-17.887,-2.518,662.602,54.306137,-5.58357,331115.88
630506.0,19.82,101583.05,108.53,0.481,-3.055,9.45,-0.034,0.005,0.014,-18.016,-2.506,662.802,54.306137,-5.58357,331115.88
630759.0,19.82,101583.47,108.5,0.438,-2.952,9.471,-0.034,0.005,0.015,-18.06,-2.537,663.001,54.306137,-5.58357,331115.88
631003.0,19.83,101583.22,108.52,0.431,-2.942,9.457,-0.034,0.005,0.014,-17.974,-2.534,663.198,54.306137,-5.58357,331115.88
631258.0,19.83,101583.28,108.51,0.436,-2.94,9.462,-0.033,0.006,0.015,-17.923,-2.518,663.398,54.306137,-5.58357,331115.88
631505.0,19.83,101582.78,108.55,0.464,-2.95,9.45,-0.034,0.006,0.014,-17.978,-2.498,663.594,54.306137,-5.58357,331115.88
631758.0,19.83,101582.22,108.6,0.448,-2.954,9.443,-0.034,0.006,0.014,-17.917,-2.508,663.796,54.306137,-5.58357,331115.88
632007.0,19.83,101581.98,108.62,0.431,-2.95,9.476,-0.034,0.005,0.014,-17.891,-2.495,663.995,54.306137,-5.58357,331115.88
632257.0,19.84,101581.88,108.63,0.441,-2.938,9.448,-0.035,0.005,0.014,-17.899,-2.494,664.195,54.306137,-5.58357,331115.88
632505.0,19.84,101581.05,108.7,0.436,-2.947,9.464,-0.034,0.006,0.014,-17.98,-2.472,664.392,54.306137,-5.58357,331115.88
632759.0,19.84,101580.81,108.72,0.441,-2.928,9.469,-0.034,0.005,0.014,-17.927,-2.489,664.591,54.306137,-5.58357,331115.88
633008.0,19.84,101581.88,108.63,0.45,-2.952,9.431,-0.034,0.006,0.014,-17.898,-2.505,664.789,54.306137,-5.58357,331115.88
633257.0,19.84,101582.09,108.61,0.455,-2.959,9.455,-0.035,0.006,0.013,-17.904,-2.514,664.986,54.306137,-5.58357,331115.88
633504.0,19.85,101582.51,108.58,0.438,-2.931,9.455,-0.034,0.006,0.014,-17.986,-2.504,665.182,54.306137,-5.58357,331115.88
633758.0,19.85,101583.09,108.53,0.445,-2.952,9.471,-0.034,0.005,0.014,-17.928,-2.526,665.383,54.306137,-5.583568,331115.97
634006.0,19.85,101583.5,108.49,0.441,-2.954,9.459,-0.033,0.006,0.014,-17.903,-2.51,665.584,54.306137,-5.583568,331115.97
634256.0,19.85,101583.5,108.49,0.443,-2.974,9.474,-0.033,0.006,0.014,-17.891,-2.52,665.781,54.306137,-5.583568,331115.97
634505.0,19.85,101583.39,108.5,0.448,-2.945,9.433,-0.034,0.005,0.014,-18.082,-2.483,665.981,54.306137,-5.583568,331115.97
634758.0,19.85,101581.75,108.64,0.448,-2.959,9.464,-0.034,0.006,0.014,-17.978,-2.502,666.181,54.306137,-5.583568,331115.97
635007.0,19.85,101580.61,108.73,0.457,-2.959,9.471,-0.035,0.005,0.014,-17.922,-2.5,666.385,54.306137,-5.583568,331115.97
635257.0,19.86,101580.86,108.71,0.464,-2.957,9.457,-0.034,0.006,0.014,-17.898,-2.506,666.583,54.306137,-5.583568,331115.97
635507.0,19.86,101581.02,108.7,0.445,-2.935,9.462,-0.033,0.006,0.014,-18.033,-2.491,666.784,54.306137,-5.583568,331115.97
635754.0,19.86,101581.44,108.66,0.464,-2.957,9.469,-0.033,0.005,0.013,-17.949,-2.503,666.98,54.306137,-5.583568,331115.97
636003.0,19.86,101581.92,108.62,0.445,-2.957,9.464,-0.035,0.005,0.014,-17.902,-2.529,667.18,54.306137,-5.583568,331115.97
636258.0,19.86,101581.66,108.65,0.46,-3.007,9.457,-0.033,0.005,0.013,-17.951,-2.532,667.382,54.306137,-5.583568,331115.97
636506.0,19.86,101582.23,108.6,0.472,-2.969,9.488,-0.034,0.006,0.015,-18.092,-2.556,667.58,54.306137,-5.583568,331115.97
636759.0,19.87,101581.66,108.65,0.462,-2.974,9.471,-0.035,0.005,0.014,-18.0,-2.527,667.784,54.306137,-5.583568,331115.97
637003.0,19.87,101581.97,108.62,0.457,-2.94,9.445,-0.034,0.006,0.014,-17.945,-2.516,667.98,54.306137,-5.583568,331115.97
637258.0,19.87,101581.23,108.68,0.46,-2.945,9.457,-0.034,0.006,0.015,-17.907,-2.513,668.185,54.306137,-5.583568,331115.97
637508.0,19.88,101581.0,108.7,0.448,-2.964,9.467,-0.033,0.005,0.013,-17.982,-2.509,668.382,54.306137,-5.583568,331115.97
637756.0,19.88,101580.02,108.78,0.443,-2.962,9.448,-0.034,0.006,0.014,-17.947,-2.512,668.579,54.306137,-5.583568,331115.97
638004.0,19.88,101579.91,108.79,0.443,-2.945,9.467,-0.034,0.006,0.014,-17.922,-2.524,668.778,54.306137,-5.583568,331115.97
638254.0,19.88,101579.66,108.81,0.445,-2.964,9.44,-0.034,0.005,0.014,-17.908,-2.518,668.979,54.306137,-5.583568,331115.97
638506.0,19.88,101579.42,108.83,0.472,-2.966,9.445,-0.034,0.006,0.014,-17.986,-2.511,669.178,54.306137,-5.583568,331115.97
638759.0,19.88,101579.59,108.82,0.438,-2.959,9.471,-0.035,0.005,0.014,-17.936,-2.527,669.377,54.306137,-5.583568,331115.97
639003.0,19.88,101580.13,108.77,0.45,-2.952,9.459,-0.034,0.005,0.014,-17.903,-2.515,669.575,54.306137,-5.583568,331115.97
639257.0,19.89,101580.55,108.74,0.45,-2.981,9.467,-0.032,0.005,0.014,-17.894,-2.507,669.78,54.306137,-5.583568,331115.97
639503.0,19.89,101580.8,108.72,0.436,-2.947,9.457,-0.034,0.005,0.014,-17.976,-2.477,669.976,54.306137,-5.583568,331115.97
639756.0,19.89,101581.02,108.7,0.445,-2.959,9.438,-0.034,0.005,0.014,-17.914,-2.495,670.175,54.306137,-5.583568,331115.97
640005.0,19.89,101581.27,108.68,0.438,-2.957,9.452,-0.034,0.005,0.014,-17.903,-2.508,670.374,54.306137,-5.583568,331115.97
640254.0,19.9,101581.34,108.67,0.453,-2.947,9.464,-0.034,0.006,0.014,-17.893,-2.506,670.574,54.306137,-5.583568,331115.97
640507.0,19.9,101581.08,108.69,0.457,-2.969,9.457,-0.034,0.006,0.015,-17.987,-2.487,670.776,54.306137,-5.583568,331115.97
640755.0,19.9,101580.91,108.71,0.445,-2.966,9.457,-0.033,0.005,0.014,-17.921,-2.505,670.975,54.306137,-5.583568,331115.97
641004.0,19.9,101581.33,108.67,0.448,-2.971,9.45,-0.035,0.005,0.014,-17.901,-2.495,671.178,54.306137,-5.583568,331115.97
641253.0,19.9,101581.41,108.67,0.453,-2.94,9.474,-0.034,0.006,0.014,-17.889,-2.491,671.375,54.306137,-5.583568,331115.97
641505.0,19.91,101581.36,108.67,0.46,-2.947,9.469,-0.034,0.006,0.014,-17.997,-2.464,671.576,54.306137,-5.583568,331115.97
641758.0,19.91,101581.25,108.68,0.455,-2.962,9.479,-0.034,0.006,0.014,-17.952,-2.508,671.779,54.306137,-5.583568,331115.97
642007.0,19.91,101581.25,108.68,0.453,-2.954,9.44,-0.033,0.005,0.015,-17.902,-2.499,671.981,54.306137,-5.583568,331115.97
642256.0,19.91,101581.34,108.67,0.445,-2.957,9.462,-0.034,0.006,0.014,-18.051,-2.553,672.18,54.306137,-5.583568,331115.97
642520.0,19.91,101581.27,108.68,0.462,-2.959,9.493,-0.034,0.005,0.014,-18.191,-2.521,672.391,54.306137,-5.583568,331115.97
642756.0,19.91,101581.27,108.68,0.443,-2.957,9.428,-0.034,0.006,0.014,-18.026,-2.512,672.579,54.306137,-5.583568,331115.97
643005.0,19.92,101581.16,108.69,0.441,-2.964,9.469,-0.034,0.005,0.014,-17.943,-2.503,672.777,54.306137,-5.583568,331115.97
643254.0,19.92,101580.59,108.73,0.419,-2.959,9.459,-0.034,0.006,0.014,-17.913,-2.507,672.976,54.306137,-5.583568,331115.97
643508.0,19.92,101580.34,108.75,0.45,-2.976,9.448,-0.033,0.007,0.014,-18.056,-2.472,673.18,54.306137,-5.583568,331115.97
643756.0,19.92,101580.89,108.71,0.453,-2.962,9.469,-0.033,0.006,0.014,-17.945,-2.49,673.375,54.306137,-5.583568,331115.97
644005.0,19.93,101580.65,108.73,0.426,-2.957,9.467,-0.034,0.006,0.014,-17.918,-2.508,673.575,54.306137,-5.583568,331115.97
644254.0,19.93,101580.98,108.7,0.443,-2.976,9.455,-0.033,0.005,0.014,-17.9,-2.518,673.774,54.306137,-5.583568,331115.97
644508.0,19.93,101580.9,108.71,0.438,-2.969,9.491,-0.034,0.006,0.014,-17.965,-2.501,673.975,54.306137,-5.583568,331115.97
644756.0,19.93,101580.25,108.76,0.445,-2.959,9.467,-0.033,0.006,0.013,-17.914,-2.522,674.173,54.306137,-5.583568,331115.97
645004.0,19.93,101579.97,108.79,0.436,-2.962,9.469,-0.034,0.006,0.013,-17.91,-2.517,674.372,54.306137,-5.583568,331115.97
645254.0,19.93,101579.32,108.84,0.455,-2.964,9.455,-0.034,0.006,0.014,-17.93,-2.522,674.572,54.306137,-5.583568,331115.97
645503.0,19.93,101579.24,108.85,0.462,-2.947,9.457,-0.035,0.006,0.014,-17.988,-2.498,674.771,54.306137,-5.583568,331115.97
645756.0,19.93,101579.41,108.83,0.448,-2.95,9.467,-0.034,0.006,0.014,-17.924,-2.518,674.976,54.306137,-5.583568,331115.97
646005.0,19.94,101580.14,108.77,0.46,-2.962,9.436,-0.034,0.006,0.014,-17.904,-2.523,675.176,54.306137,-5.583568,331115.97
646254.0,19.94,101580.23,108.76,0.441,-2.957,9.459,-0.033,0.005,0.014,-17.893,-2.509,675.374,54.306137,-5.583568,331115.97
646507.0,19.94,101580.61,108.73,0.455,-2.957,9.448,-0.034,0.006,0.014,-17.98,-2.494,675.573,54.306137,-5.583568,331115.97
646755.0,19.94,101580.38,108.75,0.457,-2.942,9.445,-0.034,0.006,0.015,-17.926,-2.512,675.772,54.306137,-5.583568,331115.97
647004.0,19.94,101580.2,108.77,0.448,-2.952,9.467,-0.034,0.006,0.014,-17.905,-2.515,675.974,54.306137,-5.583568,331115.97
647253.0,19.95,101580.51,108.74,0.45,-2.969,9.457,-0.035,0.006,0.014,-17.898,-2.506,676.173,54.306137,-5.583568,331115.97
647507.0,19.95,101580.76,108.72,0.438,-2.942,9.486,-0.035,0.005,0.014,-17.98,-2.5,676.374,54.306137,-5.583568,331115.97
647755.0,19.95,101580.68,108.73,0.46,-2.954,9.462,-0.034,0.006,0.014,-17.921,-2.507,676.568,54.306137,-5.583568,331115.97
648004.0,19.95,101580.68,108.73,0.438,-2.971,9.448,-0.034,0.006,0.014,-17.988,-2.531,676.765,54.306137,-5.583568,331115.97
648253.0,19.96,101580.58,108.74,0.436,-2.954,9.481,-0.035,0.005,0.014,-17.984,-2.547,676.967,54.306137,-5.583568,331115.97
648505.0,19.96,101580.0,108.78,0.476,-2.959,9.479,-0.034,0.005,0.014,-18.041,-2.507,677.171,54.306137,-5.583568,331115.97
648758.0,19.96,101580.02,108.78,0.431,-2.952,9.438,-0.032,0.005,0.013,-17.953,-2.503,677.371,54.306137,-5.583568,331115.97
649007.0,19.96,101580.17,108.77,0.467,-2.964,9.455,-0.034,0.006,0.014,-17.919,-2.511,677.57,54.306137,-5.583568,331115.97
649256.0,19.97,101579.74,108.8,0.443,-2.95,9.431,-0.034,0.006,0.014,-17.881,-2.525,677.77,54.306137,-5.583568,331115.97
649504.0,19.97,101579.5,108.82,0.443,-2.959,9.455,-0.033,0.006,0.013,-17.993,-2.496,677.964,54.306137,-5.583568,331115.97
649758.0,19.97,101579.01,108.88,0.443,-2.957,9.462,-0.033,0.006,0.014,-17.91,-2.504,678.168,54.306137,-5.583568,331115.97
650007.0,19.97,101578.94,108.87,0.443,-2.969,9.459,-0.034,0.005,0.014,-17.9,-2.507,678.367,54.306137,-5.583568,331115.97
650256.0,19.97,101578.66,108.89,0.443,-2.947,9.457,-0.034,0.006,0.013,-17.902,-2.52,678.566,54.306137,-5.583568,331115.97
650507.0,19.98,101578.58,108.9,0.443,-2.959,9.471,-0.035,0.006,0.013,-18.003,-2.512,678.765,54.306137,-5.583568,331115.97
650755.0,19.98,101578.5,108.91,0.448,-2.945,9.443,-0.033,0.006,0.014,-17.937,-2.518,678.964,54.306137,-5.583568,331115.97
651004.0,19.98,101578.67,108.89,0.445,-2.942,9.448,-0.034,0.005,0.013,-17.906,-2.527,679.165,54.306137,-5.583568,331115.97
651253.0,19.98,101578.34,108.92,0.46,-2.954,9.445,-0.033,0.006,0.014,-17.895,-2.523,679.361,54.306137,-5.583568,331115.97
651583.0,19.98,101578.64,108.9,0.433,-2.964,9.462,-0.035,0.006,0.014,-18.152,-2.482,679.624,54.306137,-5.583568,331115.97
651757.0,19.98,101578.64,108.9,0.443,-2.945,9.476,-0.034,0.006,0.015,-18.028,-2.487,679.762,54.306137,-5.583568,331115.97
652006.0,19.99,101578.89,108.88,0.45,-2.952,9.462,-0.034,0.005,0.013,-17.949,-2.514,679.966,54.306137,-5.583568,331115.97
652255.0,19.99,101579.44,108.83,0.455,-2.957,9.44,-0.034,0.007,0.014,-17.91,-2.531,680.163,54.306137,-5.583568,331115.97
652504.0,19.99,101579.52,108.82,0.481,-2.962,9.467,-0.033,0.006,0.014,-17.979,-2.502,680.364,54.306137,-5.583568,331115.97
652758.0,19.99,101579.36,108.84,0.436,-2.978,9.467,-0.034,0.006,0.014,-17.93,-2.511,680.565,54.306137,-5.583566,331116.03
653007.0,19.99,101579.45,108.83,0.453,-2.964,9.452,-0.034,0.006,0.014,-17.907,-2.514,680.768,54.306137,-5.583566,331116.03
653256.0,19.99,101579.61,108.82,0.467,-2.947,9.452,-0.034,0.004,0.014,-17.905,-2.53,680.969,54.306137,-5.583566,331116.03
653504.0,20.0,101579.7,108.81,0.455,-2.976,9.45,-0.034,0.006,0.014,-17.982,-2.515,681.169,54.306137,-5.583566,331116.03
653757.0,20.0,101579.75,108.8,0.479,-3.055,9.464,-0.034,0.006,0.014,-18.011,-2.554,681.373,54.306137,-5.583566,331116.03
654006.0,20.0,101580.16,108.77,0.453,-2.933,9.457,-0.033,0.006,0.015,-17.991,-2.555,681.574,54.306137,-5.583566,331116.03
654255.0,20.0,101580.58,108.74,0.443,-2.95,9.44,-0.033,0.006,0.014,-17.92,-2.532,681.775,54.306137,-5.583566,331116.03
654505.0,20.0,101580.58,108.74,0.457,-2.95,9.467,-0.034,0.006,0.014,-17.988,-2.521,681.974,54.306137,-5.583566,331116.03
654759.0,20.0,101580.25,108.76,0.455,-2.964,9.471,-0.034,0.005,0.014,-17.941,-2.519,682.177,54.306137,-5.583566,331116.03
655008.0,20.01,101580.95,108.7,0.457,-2.959,9.469,-0.033,0.006,0.014,-17.923,-2.539,682.379,54.306137,-5.583566,331116.03
655257.0,20.01,101581.53,108.66,0.455,-2.954,9.469,-0.033,0.005,0.014,-17.892,-2.539,682.577,54.306137,-5.583566,331116.03
655505.0,20.01,101581.78,108.64,0.467,-2.938,9.452,-0.034,0.005,0.015,-17.983,-2.545,682.776,54.306137,-5.583566,331116.03
655758.0,20.01,101581.84,108.63,0.45,-2.957,9.45,-0.033,0.006,0.014,-17.945,-2.536,682.981,54.306137,-5.583566,331116.03
656007.0,20.02,101581.59,108.65,0.46,-2.954,9.45,-0.034,0.007,0.014,-17.919,-2.542,683.185,54.306137,-5.583566,331116.03
656257.0,20.02,101581.19,108.68,0.431,-2.954,9.462,-0.034,0.006,0.014,-17.898,-2.524,683.388,54.306137,-5.583566,331116.03
656507.0,20.02,101580.38,108.75,0.457,-2.959,9.462,-0.033,0.006,0.014,-17.995,-2.504,683.586,54.306137,-5.583566,331116.03
656755.0,20.02,101579.31,108.84,0.455,-2.931,9.452,-0.035,0.006,0.014,-17.936,-2.498,683.783,54.306137,-5.583566,331116.03
657004.0,20.02,101579.2,108.85,0.431,-2.954,9.459,-0.034,0.006,0.014,-17.903,-2.519,683.985,54.306137,-5.583566,331116.03
657253.0,20.03,101578.97,108.87,0.462,-2.942,9.438,-0.033,0.006,0.015,-17.909,-2.524,684.184,54.306137,-5.583566,331116.03
657513.0,20.03,101579.05,108.86,0.453,-2.957,9.457,-0.034,0.007,0.014,-18.009,-2.506,684.39,54.306137,-5.583566,331116.03
657755.0,20.03,101579.54,108.82,0.45,-2.95,9.459,-0.033,0.005,0.015,-17.942,-2.509,684.581,54.306137,-5.583566,331116.03
658004.0,20.03,101579.76,108.8,0.457,-2.954,9.462,-0.035,0.006,0.014,-17.918,-2.518,684.782,54.306137,-5.583566,331116.03
658253.0,20.03,101579.84,108.8,0.46,-2.942,9.476,-0.034,0.006,0.013,-17.909,-2.53,684.983,54.306137,-5.583566,331116.03
658514.0,20.04,101579.6,108.82,0.438,-2.957,9.459,-0.033,0.006,0.014,-18.012,-2.499,685.191,54.306137,-5.583566,331116.03
658756.0,20.04,101579.33,108.84,0.457,-2.95,9.45,-0.034,0.006,0.013,-17.941,-2.518,685.383,54.306137,-5.583565,331116.09
659005.0,20.04,101579.74,108.8,0.443,-2.957,9.459,-0.033,0.006,0.014,-17.919,-2.504,685.587,54.306137,-5.583565,331116.09
659254.0,20.04,101580.16,108.77,0.46,-2.962,9.464,-0.034,0.006,0.014,-17.902,-2.504,685.786,54.306137,-5.583565,331116.09
659593.0,20.05,101580.2,108.77,0.455,-2.94,9.443,-0.033,0.006,0.015,-18.179,-2.473,686.064,54.306137,-5.583565,331116.09
659757.0,20.05,101579.88,108.79,0.45,-2.933,9.438,-0.034,0.005,0.014,-18.129,-2.51,686.194,54.306137,-5.583565,331116.09
660006.0,20.05,101578.73,108.89,0.436,-2.938,9.457,-0.034,0.005,0.014,-17.975,-2.518,686.394,54.306137,-5.583565,331116.09
660255.0,20.05,101578.83,108.88,0.441,-2.981,9.455,-0.033,0.006,0.014,-17.933,-2.52,686.592,54.306137,-5.583565,331116.09
660504.0,20.05,101579.23,108.85,0.448,-2.947,9.469,-0.035,0.006,0.014,-17.975,-2.494,686.791,54.306137,-5.583565,331116.09
660758.0,20.05,101579.16,108.85,0.46,-2.954,9.481,-0.034,0.006,0.014,-17.938,-2.509,686.997,54.306137,-5.583565,331116.09
661503.0,20.06,101578.97,108.87,0.479,-2.971,9.44,-0.034,0.006,0.014,-17.991,-2.507,687.593,54.306137,-5.583565,331116.09
661756.0,20.06,101578.89,108.88,0.457,-2.957,9.445,-0.035,0.005,0.014,-17.935,-2.52,687.794,54.306137,-5.583565,331116.09
662005.0,20.06,101578.78,108.88,0.445,-2.983,9.45,-0.035,0.005,0.014,-17.922,-2.496,687.996,54.306137,-5.583565,331116.09
662254.0,20.06,101578.45,108.91,0.448,-2.931,9.455,-0.034,0.005,0.014,-17.896,-2.497,688.195,54.306137,-5.583565,331116.09
662509.0,20.07,101578.47,108.91,0.46,-2.964,9.438,-0.035,0.005,0.015,-17.979,-2.509,688.404,54.306137,-5.583565,331116.09
662757.0,20.07,101578.52,108.91,0.455,-2.933,9.467,-0.034,0.006,0.014,-17.914,-2.53,688.601,54.306137,-5.583565,331116.09
663006.0,20.07,101578.69,108.89,0.467,-2.926,9.474,-0.034,0.005,0.014,-17.889,-2.537,688.799,54.306137,-5.583565,331116.09
663255.0,20.07,101578.94,108.87,0.467,-2.966,9.457,-0.034,0.006,0.014,-17.889,-2.543,689.0,54.306137,-5.583565,331116.09
663512.0,20.08,101578.86,108.88,0.455,-2.947,9.462,-0.034,0.005,0.013,-17.986,-2.526,689.206,54.306137,-5.583565,331116.09
663755.0,20.08,101578.58,108.9,0.45,-2.971,9.445,-0.034,0.006,0.014,-17.937,-2.516,689.399,54.306137,-5.583565,331116.09
664004.0,20.08,101578.42,108.91,0.438,-2.945,9.445,-0.034,0.006,0.014,-17.899,-2.507,689.604,54.306137,-5.583565,331116.09
664253.0,20.08,101578.18,108.93,0.445,-2.962,9.488,-0.034,0.006,0.014,-17.888,-2.506,689.803,54.306137,-5.583565,331116.09
664518.0,20.08,101578.43,108.91,0.445,-2.969,9.467,-0.034,0.005,0.014,-17.984,-2.497,690.016,54.306137,-5.583565,331116.09
664755.0,20.09,101578.19,108.93,0.457,-2.95,9.471,-0.033,0.005,0.014,-17.933,-2.546,690.203,54.306137,-5.583565,331116.09
665004.0,20.09,101578.23,108.93,0.453,-2.952,9.481,-0.034,0.005,0.014,-17.912,-2.542,690.406,54.306137,-5.583565,331116.09
665253.0,20.09,101578.0,108.95,0.453,-3.021,9.464,-0.034,0.006,0.015,-17.936,-2.543,690.605,54.306137,-5.583565,331116.09
665521.0,20.09,101578.09,108.94,0.453,-2.959,9.452,-0.034,0.005,0.014,-18.096,-2.565,690.817,54.306137,-5.583565,331116.09
665758.0,20.1,101578.14,108.94,0.462,-2.959,9.464,-0.034,0.006,0.014,-17.978,-2.544,691.005,54.306137,-5.583563,331116.16
666007.0,20.1,101578.06,108.94,0.46,-2.964,9.462,-0.033,0.004,0.013,-17.902,-2.523,691.208,54.306137,-5.583563,331116.16
666256.0,20.1,101578.31,108.92,0.457,-2.954,9.431,-0.034,0.005,0.014,-17.891,-2.541,691.407,54.306137,-5.583563,331116.16
666528.0,20.1,101578.52,108.91,0.453,-2.959,9.438,-0.034,0.006,0.014,-18.012,-2.507,691.621,54.306137,-5.583563,331116.16
666759.0,20.11,101578.77,108.88,0.457,-2.962,9.498,-0.033,0.007,0.014,-17.963,-2.518,691.802,54.306137,-5.583563,331116.16
667007.0,20.11,101577.8,108.97,0.455,-2.959,9.445,-0.034,0.006,0.014,-17.908,-2.524,692.001,54.306137,-5.583563,331116.16
667257.0,20.11,101578.2,108.93,0.448,-2.957,9.474,-0.035,0.006,0.015,-17.891,-2.515,692.201,54.306137,-5.583563,331116.16
667567.0,20.11,101577.8,108.96,0.448,-2.959,9.474,-0.034,0.006,0.014,-18.07,-2.488,692.451,54.306137,-5.583563,331116.16
667758.0,20.11,101577.2,109.02,0.448,-2.954,9.452,-0.034,0.005,0.015,-17.983,-2.502,692.607,54.306129,-5.583563,331115.47
668007.0,20.11,101577.37,109.02,0.467,-2.957,9.483,-0.034,0.006,0.014,-17.927,-2.532,692.809,54.306129,-5.583563,331115.47
668257.0,20.12,101577.3,109.01,0.464,-2.959,9.486,-0.033,0.006,0.013,-17.909,-2.553,693.008,54.306129,-5.583563,331115.47
668568.0,20.12,101577.59,108.98,0.453,-2.974,9.483,-0.034,0.006,0.014,-18.078,-2.495,693.255,54.306129,-5.583563,331115.47
668760.0,20.12,101577.1,109.02,0.453,-2.95,9.459,-0.034,0.006,0.013,-17.981,-2.506,693.409,54.306129,-5.583563,331115.47
669003.0,20.12,101577.02,109.03,0.448,-2.947,9.452,-0.034,0.005,0.014,-17.919,-2.519,693.607,54.306129,-5.583563,331115.47
669258.0,20.13,101576.95,109.04,0.453,-2.947,9.452,-0.034,0.005,0.014,-17.882,-2.52,693.813,54.306129,-5.583563,331115.47
669516.0,20.13,101576.62,109.06,0.45,-2.964,9.471,-0.034,0.006,0.014,-17.968,-2.517,694.018,54.306129,-5.583563,331115.47
669758.0,20.13,101576.34,109.09,0.472,-2.947,9.459,-0.034,0.005,0.014,-17.915,-2.526,694.211,54.306137,-5.583563,331116.16
670007.0,20.13,101576.11,109.11,0.457,-2.962,9.474,-0.035,0.005,0.014,-17.907,-2.538,694.409,54.306137,-5.583563,331116.16
670256.0,20.13,101576.36,109.08,0.421,-2.957,9.448,-0.034,0.005,0.014,-17.878,-2.531,694.609,54.306137,-5.583563,331116.16
670523.0,20.13,101576.03,109.11,0.445,-2.952,9.457,-0.034,0.005,0.014,-17.957,-2.505,694.824,54.306137,-5.583563,331116.16
670760.0,20.14,101575.43,109.16,0.469,-2.966,9.455,-0.034,0.006,0.014,-17.931,-2.522,695.015,54.306137,-5.583563,331116.16
671003.0,20.14,101575.19,109.18,0.45,-2.954,9.45,-0.033,0.006,0.014,-17.9,-2.524,695.212,54.306137,-5.583563,331116.16
671258.0,20.14,101574.78,109.22,0.457,-2.945,9.471,-0.034,0.005,0.014,-18.046,-2.536,695.416,54.306137,-5.583563,331116.16
671527.0,20.15,101575.09,109.19,0.448,-2.954,9.471,-0.034,0.005,0.014,-18.064,-2.523,695.632,54.306137,-5.583563,331116.16
671758.0,20.15,101575.17,109.18,0.453,-2.974,9.464,-0.033,0.005,0.014,-17.986,-2.518,695.817,54.306129,-5.583563,331115.47
672007.0,20.15,101574.77,109.22,0.46,-2.95,9.455,-0.034,0.006,0.014,-17.94,-2.524,696.017,54.306129,-5.583563,331115.47
672256.0,20.15,101574.0,109.28,0.438,-2.954,9.464,-0.034,0.006,0.014,-17.916,-2.535,696.219,54.306129,-5.583563,331115.47
672532.0,20.16,101573.93,109.29,0.443,-2.954,9.467,-0.034,0.006,0.014,-18.008,-2.5,696.44,54.306129,-5.583563,331115.47
672757.0,20.16,101573.85,109.29,0.455,-2.962,9.467,-0.033,0.006,0.014,-17.943,-2.5,696.619,54.306129,-5.583563,331115.47
673006.0,20.16,101573.03,109.36,0.457,-2.962,9.452,-0.035,0.005,0.015,-17.925,-2.505,696.824,54.306129,-5.583563,331115.47
673255.0,20.16,101572.92,109.37,0.453,-2.964,9.457,-0.034,0.006,0.014,-17.913,-2.525,697.025,54.306129,-5.583563,331115.47
673540.0,20.16,101573.02,109.36,0.457,-2.969,9.448,-0.034,0.005,0.013,-18.009,-2.524,697.25,54.306129,-5.583563,331115.47
673759.0,20.17,101574.08,109.27,0.448,-2.971,9.457,-0.034,0.006,0.014,-17.959,-2.524,697.424,54.306129,-5.583563,331115.47
674003.0,20.17,101575.47,109.16,0.445,-2.935,9.481,-0.033,0.005,0.014,-17.919,-2.526,697.622,54.306129,-5.583563,331115.47
674257.0,20.17,101575.2,109.18,0.445,-2.952,9.457,-0.034,0.005,0.015,-17.901,-2.524,697.826,54.306129,-5.583563,331115.47
674544.0,20.17,101575.94,109.12,0.448,-2.945,9.45,-0.034,0.006,0.014,-18.007,-2.516,698.058,54.306129,-5.583563,331115.47
674758.0,20.18,101577.48,108.99,0.455,-2.942,9.457,-0.033,0.006,0.013,-17.934,-2.524,698.231,54.306129,-5.583561,331115.53
675007.0,20.18,101578.45,108.91,0.445,-2.959,9.462,-0.034,0.005,0.015,-17.91,-2.514,698.431,54.306129,-5.583561,331115.53
675256.0,20.18,101578.7,108.89,0.45,-2.942,9.469,-0.034,0.006,0.014,-17.896,-2.518,698.632,54.306129,-5.583561,331115.53
675591.0,20.19,101578.51,108.91,0.455,-2.957,9.443,-0.034,0.006,0.014,-18.084,-2.485,698.903,54.306129,-5.583561,331115.53
675759.0,20.19,101578.27,108.93,0.45,-2.964,9.479,-0.034,0.006,0.015,-18.007,-2.514,699.038,54.306129,-5.583563,331115.47
676008.0,20.19,101577.34,109.0,0.457,-2.988,9.469,-0.034,0.005,0.014,-17.933,-2.511,699.239,54.306129,-5.583563,331115.47
676257.0,20.19,101577.09,109.02,0.45,-2.964,9.45,-0.034,0.006,0.014,-17.911,-2.519,699.44,54.306129,-5.583563,331115.47
676588.0,20.2,101577.59,108.98,0.453,-2.947,9.459,-0.034,0.005,0.015,-18.074,-2.506,699.71,54.306129,-5.583563,331115.47
676756.0,20.2,101577.44,109.0,0.448,-2.954,9.462,-0.033,0.006,0.014,-18.001,-2.505,699.843,54.306129,-5.583561,331115.53
677005.0,20.2,101577.33,109.0,0.472,-2.974,9.469,-0.034,0.006,0.014,-18.02,-2.534,700.045,54.306129,-5.583561,331115.53
677255.0,20.2,101577.25,109.01,0.464,-2.942,9.467,-0.034,0.005,0.014,-18.009,-2.538,700.247,54.306129,-5.583561,331115.53
677539.0,20.21,101576.35,109.09,0.441,-2.945,9.483,-0.033,0.005,0.014,-18.005,-2.528,700.475,54.306129,-5.583561,331115.53
677759.0,20.21,101575.75,109.14,0.455,-2.969,9.45,-0.034,0.005,0.015,-17.954,-2.519,700.651,54.306129,-5.583563,331115.47
678008.0,20.21,101575.19,109.18,0.472,-2.966,9.481,-0.034,0.006,0.014,-17.927,-2.526,700.857,54.306129,-5.583563,331115.47
678257.0,20.21,101574.61,109.23,0.453,-2.964,9.45,-0.035,0.005,0.014,-17.93,-2.552,701.06,54.306129,-5.583563,331115.47
678543.0,20.22,101574.67,109.22,0.464,-2.954,9.469,-0.034,0.004,0.015,-17.998,-2.528,701.292,54.306129,-5.583563,331115.47
678757.0,20.22,101574.75,109.22,0.462,-2.959,9.479,-0.034,0.006,0.015,-17.96,-2.528,701.464,54.306129,-5.583563,331115.47
679006.0,20.22,101574.27,109.26,0.453,-2.954,9.464,-0.034,0.005,0.014,-17.931,-2.531,701.666,54.306129,-5.583563,331115.47
679255.0,20.22,101573.7,109.3,0.46,-2.962,9.464,-0.034,0.005,0.015,-17.924,-2.531,701.866,54.306129,-5.583563,331115.47
679550.0,20.22,101572.94,109.37,0.455,-2.986,9.445,-0.034,0.005,0.014,-18.009,-2.509,702.104,54.306129,-5.583563,331115.47
679758.0,20.23,101572.86,109.37,0.472,-2.957,9.467,-0.034,0.006,0.015,-17.946,-2.534,702.272,54.306129,-5.583563,331115.47
680007.0,20.23,101572.45,109.41,0.457,-2.942,9.471,-0.034,0.005,0.015,-17.912,-2.531,702.478,54.306129,-5.583563,331115.47
680256.0,20.23,101572.21,109.43,0.443,-2.95,9.464,-0.033,0.005,0.014,-17.92,-2.541,702.677,54.306129,-5.583563,331115.47
680555.0,20.23,101572.1,109.44,0.441,-2.964,9.467,-0.034,0.006,0.014,-17.997,-2.511,702.919,54.306129,-5.583563,331115.47
680758.0,20.24,101572.34,109.42,0.45,-2.959,9.452,-0.034,0.006,0.014,-17.969,-2.529,703.08,54.306129,-5.583563,331115.47
681007.0,20.24,101572.27,109.42,0.441,-2.969,9.479,-0.034,0.006,0.014,-17.943,-2.537,703.283,54.306129,-5.583563,331115.47
681256.0,20.24,101572.0,109.45,0.448,-2.981,9.457,-0.033,0.006,0.015,-17.921,-2.52,703.485,54.306129,-5.583563,331115.47
681505.0,20.24,101571.84,109.46,0.453,-2.952,9.467,-0.035,0.006,0.014,-17.909,-2.508,703.686,54.306129,-5.583563,331115.47
681759.0,20.24,101572.09,109.44,0.469,-2.954,9.452,-0.034,0.006,0.015,-17.947,-2.521,703.889,54.306129,-5.583563,331115.47
682008.0,20.25,101572.5,109.4,0.453,-2.954,9.464,-0.034,0.006,0.014,-17.917,-2.511,704.091,54.306129,-5.583563,331115.47
682257.0,20.25,101573.29,109.34,0.445,-2.942,9.452,-0.034,0.006,0.015,-17.904,-2.512,704.292,54.306129,-5.583563,331115.47
682506.0,20.25,101573.29,109.34,0.445,-2.957,9.452,-0.033,0.006,0.014,-17.89,-2.508,704.493,54.306129,-5.583563,331115.47
682759.0,20.25,101573.38,109.33,0.464,-3.048,9.455,-0.033,0.006,0.014,-18.057,-2.536,704.692,54.306129,-5.583563,331115.47
683008.0,20.26,101573.14,109.35,0.438,-2.954,9.469,-0.033,0.005,0.015,-18.001,-2.525,704.895,54.306129,-5.583563,331115.47
683257.0,20.26,101573.52,109.32,0.474,-2.954,9.438,-0.034,0.005,0.014,-17.938,-2.527,705.101,54.306129,-5.583563,331115.47
683506.0,20.26,101573.77,109.3,0.453,-2.959,9.448,-0.033,0.006,0.014,-17.915,-2.534,705.301,54.306129,-5.583563,331115.47
683757.0,20.26,101573.36,109.33,0.464,-2.966,9.455,-0.034,0.005,0.014,-18.003,-2.516,705.498,54.306129,-5.583561,331115.53
684006.0,20.26,101573.2,109.35,0.462,-2.974,9.462,-0.034,0.005,0.014,-17.951,-2.536,705.703,54.306129,-5.583561,331115.53
684255.0,20.27,101573.41,109.33,0.453,-2.954,9.457,-0.034,0.006,0.015,-17.899,-2.532,705.904,54.306129,-5.583561,331115.53
684504.0,20.27,101573.83,109.29,0.464,-2.966,9.462,-0.033,0.005,0.014,-17.9,-2.524,706.102,54.306129,-5.583561,331115.53
684757.0,20.27,101574.08,109.27,0.448,-2.947,9.445,-0.034,0.006,0.014,-18.006,-2.523,706.303,54.306129,-5.583563,331115.47
685006.0,20.27,101574.08,109.27,0.441,-2.95,9.476,-0.034,0.004,0.014,-17.949,-2.533,706.509,54.306129,-5.583563,331115.47
685255.0,20.28,101574.86,109.21,0.45,-2.945,9.469,-0.034,0.005,0.015,-17.918,-2.543,706.711,54.306129,-5.583563,331115.47
685504.0,20.28,101574.7,109.22,0.457,-2.94,9.433,-0.033,0.006,0.013,-17.892,-2.53,706.913,54.306129,-5.583563,331115.47
685756.0,20.28,101575.83,109.13,0.441,-2.952,9.448,-0.034,0.006,0.014,-17.936,-2.527,707.115,54.306129,-5.583563,331115.47
686005.0,20.28,101575.42,109.16,0.46,-2.95,9.457,-0.034,0.006,0.014,-17.911,-2.535,707.319,54.306129,-5.583563,331115.47
686255.0,20.29,101574.69,109.22,0.453,-2.962,9.457,-0.034,0.006,0.014,-17.897,-2.536,707.521,54.306129,-5.583563,331115.47
686504.0,20.29,101574.12,109.27,0.453,-2.969,9.486,-0.034,0.006,0.015,-17.888,-2.55,707.722,54.306129,-5.583563,331115.47
686758.0,20.29,101574.5,109.24,0.443,-2.964,9.459,-0.033,0.005,0.014,-17.938,-2.533,707.924,54.306129,-5.583561,331115.53
687007.0,20.29,101574.59,109.22,0.445,-2.959,9.459,-0.034,0.005,0.014,-17.899,-2.535,708.123,54.306129,-5.583561,331115.53
687257.0,20.3,101575.66,109.14,0.453,-2.957,9.471,-0.034,0.005,0.014,-17.896,-2.543,708.324,54.306129,-5.583561,331115.53
687506.0,20.3,101574.83,109.21,0.469,-2.971,9.445,-0.035,0.006,0.013,-17.901,-2.545,708.524,54.306129,-5.583561,331115.53
687758.0,20.3,101574.65,109.23,0.445,-2.959,9.44,-0.033,0.006,0.014,-17.945,-2.522,708.727,54.306129,-5.583561,331115.53
688007.0,20.3,101574.08,109.27,0.472,-2.957,9.448,-0.034,0.006,0.014,-17.911,-2.533,708.932,54.306129,-5.583561,331115.53
688256.0,20.31,101574.45,109.24,0.453,-2.947,9.464,-0.033,0.006,0.013,-17.906,-2.532,709.134,54.306129,-5.583561,331115.53
688505.0,20.31,101573.8,109.3,0.472,-3.045,9.452,-0.034,0.005,0.014,-17.981,-2.541,709.335,54.306129,-5.583561,331115.53
688760.0,20.31,101572.99,109.36,0.462,-2.969,9.45,-0.035,0.006,0.014,-18.084,-2.549,709.54,54.306129,-5.583561,331115.53
689003.0,20.32,101573.14,109.35,0.462,-2.959,9.462,-0.035,0.005,0.014,-17.971,-2.523,709.739,54.306129,-5.583561,331115.53
689258.0,20.32,101572.89,109.37,0.464,-2.95,9.464,-0.033,0.006,0.013,-17.933,-2.524,709.943,54.306129,-5.583561,331115.53
689507.0,20.32,101573.3,109.34,0.453,-2.95,9.443,-0.033,0.005,0.014,-17.894,-2.524,710.145,54.306129,-5.583561,331115.53
689759.0,20.32,101573.52,109.32,0.443,-2.952,9.443,-0.034,0.005,0.014,-17.942,-2.521,710.344,54.306137,-5.583563,331116.16
690003.0,20.33,101573.61,109.31,0.469,-2.95,9.467,-0.034,0.006,0.014,-17.907,-2.542,710.541,54.306137,-5.583563,331116.16
690257.0,20.33,101574.02,109.28,0.46,-2.94,9.443,-0.035,0.005,0.015,-17.912,-2.535,710.748,54.306137,-5.583563,331116.16
690507.0,20.33,101573.53,109.32,0.431,-2.966,9.457,-0.034,0.005,0.015,-17.903,-2.508,710.953,54.306137,-5.583563,331116.16
690756.0,20.33,101573.75,109.3,0.433,-2.964,9.45,-0.032,0.005,0.014,-17.969,-2.522,711.153,54.306137,-5.583566,331116.03
691005.0,20.33,101574.33,109.25,0.46,-2.957,9.452,-0.034,0.005,0.015,-17.921,-2.52,711.357,54.306137,-5.583566,331116.03
691255.0,20.34,101574.9,109.21,0.448,-2.962,9.44,-0.034,0.005,0.014,-17.906,-2.533,711.558,54.306137,-5.583566,331116.03
691504.0,20.34,101574.95,109.2,0.45,-2.957,9.462,-0.034,0.005,0.014,-17.905,-2.536,711.758,54.306137,-5.583566,331116.03
691758.0,20.34,101575.29,109.17,0.455,-2.959,9.443,-0.034,0.006,0.014,-18.031,-2.53,711.965,54.306137,-5.583565,331116.09
692007.0,20.34,101574.95,109.2,0.455,-2.945,9.474,-0.033,0.005,0.014,-17.942,-2.506,712.166,54.306137,-5.583565,331116.09
692257.0,20.35,101574.55,109.23,0.448,-2.964,9.471,-0.034,0.005,0.014,-17.912,-2.518,712.367,54.306137,-5.583565,331116.09
692506.0,20.35,101574.12,109.27,0.453,-2.964,9.486,-0.033,0.005,0.014,-17.905,-2.515,712.57,54.306137,-5.583565,331116.09
692759.0,20.35,101574.05,109.28,0.443,-2.964,9.455,-0.034,0.005,0.014,-17.967,-2.509,712.773,54.306137,-5.583565,331116.09
693008.0,20.35,101574.61,109.23,0.45,-2.952,9.462,-0.034,0.005,0.014,-17.934,-2.526,712.975,54.306137,-5.583565,331116.09
693257.0,20.36,101575.0,109.2,0.457,-2.959,9.455,-0.033,0.005,0.014,-17.908,-2.509,713.177,54.306137,-5.583565,331116.09
693506.0,20.36,101575.0,109.2,0.455,-2.964,9.469,-0.035,0.005,0.014,-17.903,-2.517,713.378,54.306137,-5.583565,331116.09
693755.0,20.36,101575.41,109.16,0.481,-2.959,9.464,-0.034,0.005,0.014,-18.018,-2.498,713.578,54.306137,-5.583565,331116.09
694004.0,20.36,101575.82,109.13,0.426,-2.947,9.467,-0.033,0.005,0.014,-17.944,-2.508,713.781,54.306137,-5.583565,331116.09
694253.0,20.36,101575.49,109.16,0.484,-3.029,9.455,-0.033,0.006,0.014,-17.954,-2.548,713.982,54.306137,-5.583565,331116.09
694507.0,20.36,101575.71,109.14,0.455,-2.964,9.476,-0.034,0.005,0.014,-18.044,-2.563,714.187,54.306137,-5.583565,331116.09
694758.0,20.37,101576.05,109.11,0.445,-2.954,9.445,-0.035,0.005,0.014,-18.004,-2.55,714.389,54.306137,-5.583565,331116.09
695007.0,20.37,101576.67,109.06,0.445,-2.952,9.471,-0.033,0.006,0.015,-17.94,-2.53,714.594,54.306137,-5.583565,331116.09
695256.0,20.37,101576.67,109.06,0.445,-2.957,9.448,-0.034,0.006,0.014,-17.914,-2.517,714.795,54.306137,-5.583565,331116.09
695505.0,20.38,101576.36,109.08,0.453,-2.964,9.467,-0.033,0.005,0.014,-17.9,-2.503,714.999,54.306137,-5.583565,331116.09
695756.0,20.38,101575.59,109.15,0.443,-2.959,9.462,-0.033,0.005,0.014,-17.948,-2.495,715.196,54.306137,-5.583565,331116.09
696005.0,20.38,101575.67,109.14,0.462,-2.959,9.464,-0.033,0.006,0.014,-17.914,-2.512,715.401,54.306137,-5.583565,331116.09
696254.0,20.39,101575.92,109.12,0.438,-2.957,9.438,-0.034,0.005,0.014,-17.899,-2.511,715.601,54.306137,-5.583565,331116.09
696503.0,20.39,101575.48,109.16,0.45,-2.962,9.44,-0.033,0.007,0.014,-17.898,-2.512,715.805,54.306137,-5.583565,331116.09
696758.0,20.39,101575.83,109.13,0.455,-2.962,9.428,-0.034,0.006,0.014,-17.961,-2.512,716.007,54.306137,-5.583565,331116.09
697007.0,20.4,101575.88,109.13,0.45,-2.964,9.44,-0.034,0.005,0.015,-17.928,-2.514,716.211,54.306137,-5.583565,331116.09
697256.0,20.4,101575.47,109.16,0.455,-2.959,9.445,-0.034,0.006,0.014,-17.897,-2.526,716.413,54.306137,-5.583565,331116.09
697506.0,20.4,101575.88,109.12,0.443,-2.95,9.471,-0.034,0.005,0.014,-17.902,-2.544,716.617,54.306137,-5.583565,331116.09
697757.0,20.4,101576.13,109.09,0.467,-2.954,9.428,-0.034,0.006,0.014,-17.967,-2.543,716.82,54.306137,-5.583565,331116.09
698006.0,20.41,101577.09,109.02,0.455,-2.962,9.445,-0.033,0.005,0.015,-17.932,-2.542,717.023,54.306137,-5.583565,331116.09
698255.0,20.41,101576.44,109.08,0.429,-2.947,9.467,-0.034,0.005,0.014,-17.903,-2.541,717.225,54.306137,-5.583565,331116.09
698504.0,20.41,101576.52,109.07,0.441,-2.957,9.457,-0.035,0.005,0.015,-17.897,-2.524,717.424,54.306137,-5.583565,331116.09
698758.0,20.41,101577.06,109.03,0.46,-2.962,9.448,-0.033,0.005,0.014,-17.957,-2.519,717.629,54.306137,-5.583565,331116.09
699007.0,20.42,101577.48,108.99,0.45,-2.952,9.443,-0.034,0.006,0.014,-17.921,-2.517,717.833,54.306137,-5.583565,331116.09
699256.0,20.42,101577.15,109.02,0.448,-2.95,9.464,-0.034,0.005,0.014,-17.907,-2.522,718.032,54.306137,-5.583565,331116.09
699505.0,20.42,101576.58,109.07,0.455,-2.957,9.443,-0.033,0.005,0.014,-17.892,-2.543,718.232,54.306137,-5.583565,331116.09
699758.0,20.42,101576.25,109.09,0.45,-2.95,9.459,-0.034,0.006,0.014,-18.001,-2.516,718.435,54.306137,-5.583565,331116.09
700007.0,20.42,101576.14,109.1,0.443,-2.957,9.443,-0.033,0.005,0.013,-17.931,-2.503,718.635,54.306137,-5.583565,331116.09
700257.0,20.42,101575.58,109.15,0.448,-2.978,9.45,-0.033,0.006,0.014,-18.051,-2.55,718.836,54.306137,-5.583565,331116.09
700506.0,20.43,101575.34,109.17,0.457,-2.959,9.457,-0.033,0.005,0.014,-17.983,-2.553,719.036,54.306137,-5.583565,331116.09
700757.0,20.43,101575.23,109.18,0.455,-2.938,9.421,-0.034,0.005,0.014,-18.011,-2.538,719.24,54.306137,-5.583565,331116.09
701006.0,20.43,101575.15,109.19,0.45,-2.978,9.457,-0.033,0.006,0.014,-17.932,-2.538,719.44,54.306137,-5.583565,331116.09
701255.0,20.43,101574.91,109.21,0.453,-2.952,9.467,-0.034,0.006,0.014,-17.91,-2.521,719.638,54.306137,-5.583565,331116.09
701505.0,20.44,101574.02,109.28,0.441,-2.969,9.462,-0.033,0.006,0.014,-17.911,-2.521,719.84,54.306137,-5.583565,331116.09
701755.0,20.44,101573.73,109.3,0.438,-2.969,9.462,-0.033,0.006,0.014,-18.04,-2.513,720.04,54.306137,-5.583565,331116.09
702004.0,20.44,101573.66,109.31,0.464,-2.952,9.471,-0.034,0.005,0.015,-17.959,-2.522,720.24,54.306137,-5.583565,331116.09
702253.0,20.45,101574.45,109.24,0.462,-2.966,9.455,-0.035,0.005,0.014,-17.943,-2.54,720.441,54.306137,-5.583565,331116.09
702508.0,20.45,101574.54,109.24,0.453,-2.942,9.476,-0.034,0.006,0.014,-17.92,-2.529,720.648,54.306137,-5.583565,331116.09
702756.0,20.45,101574.3,109.26,0.453,-2.971,9.474,-0.033,0.005,0.014,-17.967,-2.535,720.845,54.306137,-5.583565,331116.09
703005.0,20.45,101573.7,109.31,0.453,-2.957,9.457,-0.034,0.006,0.014,-17.943,-2.532,721.047,54.306137,-5.583565,331116.09
703254.0,20.46,101574.27,109.26,0.455,-2.954,9.474,-0.033,0.005,0.014,-17.902,-2.542,721.248,54.306137,-5.583565,331116.09
703503.0,20.46,101575.17,109.18,0.45,-2.964,9.455,-0.034,0.005,0.015,-17.883,-2.541,721.451,54.306137,-5.583565,331116.09
703755.0,20.46,101575.88,109.13,0.464,-2.959,9.457,-0.033,0.005,0.014,-17.931,-2.526,721.654,54.306137,-5.583565,331116.09
704004.0,20.46,101575.55,109.15,0.46,-2.993,9.431,-0.035,0.005,0.014,-17.905,-2.529,721.857,54.306137,-5.583565,331116.09
704253.0,20.46,101575.31,109.17,0.45,-2.952,9.464,-0.034,0.006,0.014,-17.894,-2.528,722.058,54.306137,-5.583565,331116.09
704507.0,20.47,101575.23,109.18,0.46,-2.959,9.483,-0.034,0.006,0.014,-17.893,-2.523,722.265,54.306137,-5.583565,331116.09
704759.0,20.47,101574.91,109.21,0.457,-2.945,9.455,-0.034,0.006,0.014,-17.944,-2.513,722.469,54.306137,-5.583565,331116.09
705008.0,20.47,101574.34,109.25,0.455,-2.95,9.428,-0.032,0.006,0.015,-17.921,-2.519,722.673,54.306137,-5.583565,331116.09
705257.0,20.47,101574.64,109.23,0.441,-2.952,9.467,-0.033,0.005,0.014,-17.908,-2.528,722.873,54.306137,-5.583565,331116.09
705506.0,20.47,101574.16,109.27,0.45,-2.95,9.426,-0.034,0.005,0.014,-17.918,-2.517,723.077,54.306137,-5.583565,331116.09
705756.0,20.48,101574.89,109.21,0.448,-2.942,9.462,-0.034,0.005,0.014,-17.965,-2.499,723.277,54.306137,-5.583565,331116.09
706005.0,20.48,101575.11,109.19,0.453,-2.978,9.457,-0.033,0.005,0.014,-18.013,-2.551,723.482,54.306137,-5.583565,331116.09
706254.0,20.48,101575.69,109.14,0.45,-2.954,9.459,-0.034,0.006,0.014,-17.993,-2.555,723.682,54.306137,-5.583565,331116.09
706503.0,20.48,101575.11,109.19,0.448,-2.954,9.438,-0.034,0.006,0.014,-17.937,-2.54,723.886,54.306137,-5.583565,331116.09
706755.0,20.49,101575.58,109.15,0.448,-2.954,9.443,-0.034,0.006,0.015,-17.974,-2.524,724.092,54.306137,-5.583565,331116.09
707004.0,20.49,101575.17,109.18,0.448,-2.945,9.443,-0.034,0.005,0.014,-17.932,-2.518,724.298,54.306137,-5.583565,331116.09
707253.0,20.49,101574.77,109.22,0.476,-2.938,9.448,-0.034,0.005,0.014,-17.908,-2.526,724.497,54.306137,-5.583565,331116.09
707507.0,20.49,101574.98,109.2,0.453,-2.959,9.448,-0.034,0.005,0.014,-17.894,-2.532,724.702,54.306137,-5.583565,331116.09
707754.0,20.5,101575.41,109.16,0.448,-2.969,9.471,-0.033,0.006,0.013,-18.023,-2.523,724.904,54.306137,-5.583565,331116.09
708003.0,20.5,101575.48,109.16,0.457,-2.938,9.438,-0.034,0.005,0.013,-17.949,-2.514,725.109,54.306137,-5.583565,331116.09
708258.0,20.5,101574.99,109.2,0.448,-2.954,9.476,-0.033,0.005,0.015,-17.908,-2.542,725.317,54.306137,-5.583565,331116.09
708507.0,20.5,101575.05,109.19,0.453,-2.959,9.438,-0.033,0.005,0.013,-17.904,-2.549,725.517,54.306137,-5.583565,331116.09
708757.0,20.51,101576.03,109.11,0.448,-2.964,9.45,-0.035,0.005,0.015,-17.972,-2.515,725.716,54.306137,-5.583565,331116.09
709006.0,20.51,101576.09,109.11,0.45,-2.966,9.464,-0.034,0.006,0.014,-17.927,-2.517,725.921,54.306137,-5.583565,331116.09
709255.0,20.51,101575.61,109.15,0.457,-2.957,9.471,-0.033,0.005,0.014,-17.916,-2.517,726.122,54.306137,-5.583565,331116.09
709504.0,20.52,101575.98,109.12,0.467,-2.959,9.436,-0.034,0.005,0.014,-17.881,-2.523,726.325,54.306137,-5.583565,331116.09
709758.0,20.52,101576.89,109.04,0.445,-2.95,9.431,-0.034,0.006,0.014,-17.96,-2.518,726.529,54.306137,-5.583565,331116.09
710008.0,20.52,101576.56,109.07,0.45,-2.959,9.464,-0.033,0.006,0.014,-17.928,-2.533,726.733,54.306137,-5.583565,331116.09
710257.0,20.52,101576.16,109.1,0.469,-2.964,9.459,-0.034,0.006,0.014,-17.912,-2.537,726.936,54.306137,-5.583565,331116.09
710506.0,20.52,101576.08,109.11,0.45,-2.983,9.471,-0.034,0.005,0.014,-17.919,-2.534,727.137,54.306137,-5.583565,331116.09
710759.0,20.53,101574.83,109.21,0.464,-2.966,9.462,-0.034,0.005,0.014,-18.033,-2.521,727.34,54.306137,-5.583565,331116.09
711003.0,20.53,101573.03,109.36,0.462,-2.95,9.436,-0.034,0.005,0.014,-17.955,-2.536,727.541,54.306137,-5.583565,331116.09
711257.0,20.53,101572.13,109.44,0.455,-2.957,9.479,-0.033,0.005,0.014,-17.911,-2.525,727.745,54.306137,-5.583565,331116.09
711506.0,20.53,101571.89,109.46,0.453,-2.95,9.452,-0.033,0.006,0.014,-17.899,-2.527,727.947,54.306137,-5.583565,331116.09
711755.0,20.54,101572.84,109.38,0.457,-3.038,9.438,-0.033,0.005,0.014,-18.058,-2.539,728.151,54.306137,-5.583566,331116.03
712004.0,20.54,101573.31,109.34,0.45,-2.938,9.438,-0.034,0.005,0.014,-18.035,-2.55,728.354,54.306137,-5.583566,331116.03
712253.0,20.54,101573.72,109.3,0.445,-2.947,9.479,-0.033,0.006,0.014,-17.948,-2.542,728.556,54.306137,-5.583566,331116.03
712508.0,20.55,101573.73,109.3,0.45,-2.964,9.462,-0.033,0.006,0.014,-17.915,-2.533,728.767,54.306137,-5.583566,331116.03
712756.0,20.55,101573.62,109.31,0.448,-2.962,9.455,-0.033,0.005,0.014,-17.973,-2.518,728.969,54.306137,-5.583566,331116.03
713005.0,20.55,101573.95,109.28,0.431,-2.952,9.443,-0.033,0.005,0.014,-17.927,-2.515,729.172,54.306137,-5.583566,331116.03
713254.0,20.55,101574.2,109.26,0.45,-2.952,9.436,-0.033,0.005,0.015,-17.92,-2.527,729.376,54.306137,-5.583566,331116.03
713503.0,20.56,101574.61,109.23,0.453,-2.95,9.45,-0.034,0.006,0.014,-17.9,-2.527,729.581,54.306137,-5.583566,331116.03
713757.0,20.56,101574.83,109.21,0.448,-2.952,9.459,-0.033,0.005,0.015,-17.964,-2.524,729.788,54.306137,-5.583566,331116.03
714006.0,20.56,101574.5,109.24,0.457,-2.957,9.467,-0.034,0.005,0.014,-17.946,-2.544,729.991,54.306137,-5.583566,331116.03
714256.0,20.56,101574.67,109.22,0.474,-2.957,9.431,-0.032,0.006,0.015,-17.932,-2.535,730.192,54.306137,-5.583566,331116.03
714505.0,20.57,101574.23,109.26,0.441,-2.952,9.443,-0.034,0.006,0.014,-17.915,-2.525,730.392,54.306137,-5.583566,331116.03
714756.0,20.57,101573.91,109.29,0.457,-2.966,9.433,-0.034,0.005,0.014,-17.969,-2.525,730.596,54.306137,-5.583566,331116.03
715005.0,20.57,101574.16,109.27,0.464,-2.952,9.426,-0.034,0.006,0.014,-17.939,-2.535,730.801,54.306137,-5.583566,331116.03
715254.0,20.57,101574.3,109.26,0.476,-2.971,9.438,-0.034,0.006,0.015,-17.912,-2.547,731.005,54.306137,-5.583566,331116.03
715503.0,20.57,101573.97,109.28,0.462,-2.954,9.438,-0.034,0.005,0.014,-17.908,-2.541,731.203,54.306137,-5.583566,331116.03
715756.0,20.58,101574.95,109.2,0.455,-2.966,9.455,-0.034,0.005,0.014,-18.054,-2.525,731.403,54.306137,-5.583566,331116.03
716005.0,20.58,101574.79,109.22,0.448,-2.954,9.445,-0.033,0.004,0.013,-17.94,-2.535,731.608,54.306137,-5.583566,331116.03
716254.0,20.58,101574.55,109.24,0.45,-2.945,9.426,-0.034,0.006,0.014,-17.924,-2.535,731.811,54.306137,-5.583566,331116.03
716503.0,20.58,101574.6,109.23,0.457,-2.954,9.467,-0.033,0.005,0.015,-17.909,-2.532,732.012,54.306137,-5.583566,331116.03
716757.0,20.59,101575.42,109.16,0.443,-2.962,9.457,-0.034,0.006,0.014,-17.974,-2.519,732.216,54.306137,-5.583566,331116.03
717006.0,20.59,101574.94,109.2,0.46,-2.959,9.455,-0.034,0.005,0.014,-17.934,-2.529,732.419,54.306137,-5.583566,331116.03
717255.0,20.59,101575.48,109.16,0.441,-2.952,9.445,-0.034,0.005,0.014,-17.911,-2.536,732.621,54.306137,-5.583566,331116.03
717504.0,20.59,101575.31,109.17,0.498,-3.045,9.471,-0.034,0.006,0.014,-17.976,-2.575,732.824,54.306137,-5.583566,331116.03
717756.0,20.59,101575.73,109.14,0.455,-2.976,9.479,-0.033,0.005,0.014,-18.138,-2.583,733.031,54.306137,-5.583566,331116.03
718005.0,20.6,101575.81,109.13,0.443,-2.947,9.483,-0.033,0.006,0.015,-17.977,-2.569,733.235,54.306137,-5.583566,331116.03
718254.0,20.6,101574.88,109.21,0.448,-2.976,9.448,-0.033,0.006,0.014,-17.929,-2.545,733.436,54.306137,-5.583566,331116.03
718503.0,20.6,101575.13,109.19,0.469,-2.976,9.471,-0.034,0.005,0.014,-17.91,-2.545,733.639,54.306137,-5.583566,331116.03
718756.0,20.6,101575.88,109.13,0.453,-2.952,9.459,-0.033,0.005,0.015,-18.041,-2.52,733.845,54.306137,-5.583566,331116.03
719005.0,20.61,101575.92,109.12,0.453,-2.959,9.459,-0.033,0.006,0.015,-17.951,-2.528,734.051,54.306137,-5.583566,331116.03
719254.0,20.61,101575.84,109.13,0.469,-2.95,9.452,-0.034,0.005,0.014,-17.915,-2.518,734.254,54.306137,-5.583566,331116.03
719503.0,20.61,101575.94,109.12,0.46,-2.95,9.45,-0.033,0.005,0.014,-17.908,-2.536,734.457,54.306137,-5.583566,331116.03
719756.0,20.61,101577.0,109.03,0.438,-2.964,9.476,-0.034,0.004,0.015,-17.958,-2.515,734.662,54.306137,-5.583566,331116.03
720005.0,20.62,101577.05,109.03,0.469,-2.954,9.452,-0.034,0.006,0.014,-17.915,-2.512,734.867,54.306137,-5.583566,331116.03
720254.0,20.62,101577.3,109.01,0.455,-2.938,9.488,-0.033,0.005,0.014,-17.9,-2.526,735.07,54.306137,-5.583566,331116.03
720503.0,20.62,101577.38,109.0,0.453,-2.969,9.471,-0.034,0.006,0.014,-17.906,-2.508,735.273,54.306137,-5.583566,331116.03
720758.0,20.62,101576.41,109.08,0.448,-2.938,9.443,-0.033,0.006,0.015,-17.952,-2.521,735.477,54.306137,-5.583566,331116.03
721007.0,20.62,101576.12,109.1,0.448,-2.954,9.464,-0.033,0.006,0.015,-17.923,-2.516,735.68,54.306137,-5.583566,331116.03
721256.0,20.63,101576.38,109.08,0.462,-2.945,9.45,-0.034,0.005,0.014,-17.911,-2.543,735.881,54.306137,-5.583566,331116.03
721506.0,20.63,101576.47,109.08,0.488,-2.938,9.455,-0.031,0.006,0.014,-17.917,-2.559,736.084,54.306137,-5.583566,331116.03
721757.0,20.63,101576.84,109.05,0.457,-2.978,9.44,-0.034,0.006,0.014,-17.962,-2.534,736.283,54.306137,-5.583566,331116.03
722006.0,20.63,101577.26,109.01,0.45,-2.959,9.459,-0.033,0.005,0.014,-17.916,-2.536,736.485,54.306137,-5.583566,331116.03
722255.0,20.64,101577.67,108.98,0.455,-2.959,9.448,-0.034,0.005,0.014,-17.898,-2.545,736.687,54.306137,-5.583566,331116.03
722504.0,20.64,101577.02,109.03,0.445,-2.969,9.457,-0.034,0.006,0.014,-17.902,-2.54,736.89,54.306137,-5.583566,331116.03
722755.0,20.64,101576.28,109.09,0.457,-2.959,9.445,-0.033,0.005,0.015,-17.972,-2.54,737.093,54.306137,-5.583566,331116.03
723004.0,20.64,101575.8,109.13,0.462,-2.962,9.44,-0.034,0.006,0.014,-17.918,-2.544,737.295,54.306137,-5.583566,331116.03
723253.0,20.64,101575.52,109.16,0.474,-3.081,9.471,-0.034,0.006,0.014,-17.979,-2.564,737.498,54.306137,-5.583566,331116.03
723507.0,20.64,101574.95,109.2,0.457,-2.974,9.455,-0.034,0.006,0.015,-18.09,-2.608,737.704,54.306137,-5.583566,331116.03
723756.0,20.65,101575.25,109.18,0.455,-2.959,9.459,-0.033,0.005,0.014,-18.138,-2.559,737.91,54.306137,-5.583566,331116.03
724005.0,20.65,101575.17,109.18,0.443,-2.952,9.448,-0.033,0.006,0.014,-18.009,-2.539,738.114,54.306137,-5.583566,331116.03
724254.0,20.65,101574.94,109.2,0.443,-2.959,9.44,-0.033,0.005,0.014,-17.936,-2.541,738.314,54.306137,-5.583566,331116.03
724503.0,20.65,101574.77,109.22,0.45,-2.938,9.443,-0.034,0.006,0.014,-17.92,-2.53,738.515,54.306137,-5.583566,331116.03
724755.0,20.66,101575.23,109.18,0.453,-2.964,9.452,-0.033,0.006,0.015,-17.975,-2.502,738.72,54.306137,-5.583566,331116.03
725004.0,20.66,101574.83,109.21,0.433,-2.947,9.448,-0.033,0.005,0.015,-17.936,-2.501,738.925,54.306137,-5.583566,331116.03
725253.0,20.66,101574.88,109.21,0.453,-2.964,9.476,-0.033,0.006,0.014,-17.911,-2.533,739.128,54.306137,-5.583566,331116.03
725508.0,20.67,101574.64,109.24,0.455,-2.945,9.459,-0.034,0.005,0.014,-17.895,-2.542,739.334,54.306137,-5.583566,331116.03
725759.0,20.67,101574.56,109.23,0.443,-2.95,9.45,-0.033,0.005,0.014,-17.979,-2.518,739.537,54.306137,-5.583566,331116.03
726008.0,20.67,101573.83,109.29,0.448,-2.945,9.436,-0.033,0.005,0.014,-17.933,-2.509,739.742,54.306137,-5.583566,331116.03
726257.0,20.67,101573.23,109.34,0.453,-2.957,9.455,-0.034,0.005,0.014,-17.9,-2.536,739.945,54.306137,-5.583566,331116.03
726506.0,20.68,101573.56,109.32,0.462,-2.952,9.459,-0.033,0.005,0.015,-17.887,-2.556,740.145,54.306137,-5.583566,331116.03
726757.0,20.68,101573.54,109.32,0.448,-2.959,9.464,-0.034,0.006,0.014,-17.982,-2.53,740.346,54.306137,-5.583566,331116.03
727006.0,20.69,101573.62,109.31,0.455,-2.966,9.457,-0.033,0.006,0.014,-17.93,-2.53,740.55,54.306137,-5.583566,331116.03
727255.0,20.69,101573.14,109.35,0.441,-2.966,9.459,-0.034,0.006,0.014,-17.9,-2.532,740.754,54.306137,-5.583566,331116.03
727504.0,20.69,101573.77,109.3,0.443,-2.947,9.459,-0.033,0.005,0.015,-17.896,-2.527,740.957,54.306137,-5.583566,331116.03
727758.0,20.69,101574.17,109.27,0.46,-2.959,9.44,-0.033,0.006,0.014,-18.064,-2.505,741.164,54.306137,-5.583566,331116.03
728007.0,20.7,101574.59,109.23,0.455,-2.942,9.464,-0.035,0.005,0.014,-17.973,-2.531,741.369,54.306137,-5.583566,331116.03
728256.0,20.7,101575.12,109.19,0.469,-2.962,9.445,-0.035,0.005,0.015,-17.93,-2.528,741.572,54.306137,-5.583566,331116.03
728505.0,20.7,101575.3,109.17,0.46,-2.962,9.459,-0.032,0.006,0.014,-17.913,-2.536,741.776,54.306137,-5.583566,331116.03
728755.0,20.7,101575.55,109.15,0.443,-2.945,9.445,-0.033,0.005,0.014,-17.966,-2.518,741.976,54.306137,-5.583568,331115.97
729004.0,20.7,101575.47,109.16,0.436,-2.952,9.469,-0.033,0.005,0.014,-17.932,-2.513,742.181,54.306137,-5.583568,331115.97
729253.0,20.7,101575.14,109.19,0.453,-2.969,9.45,-0.035,0.005,0.014,-18.1,-2.585,742.385,54.306137,-5.583568,331115.97
729508.0,20.71,101575.03,109.19,0.467,-2.974,9.467,-0.033,0.006,0.014,-18.022,-2.559,742.594,54.306137,-5.583568,331115.97
729759.0,20.71,101575.28,109.17,0.426,-2.966,9.448,-0.034,0.006,0.014,-18.014,-2.527,742.796,54.306137,-5.583568,331115.97
730003.0,20.71,101575.2,109.18,0.445,-2.959,9.45,-0.034,0.006,0.015,-17.951,-2.534,742.996,54.306137,-5.583568,331115.97
730257.0,20.71,101574.76,109.22,0.453,-2.978,9.474,-0.033,0.005,0.014,-17.923,-2.533,743.202,54.306137,-5.583568,331115.97
730506.0,20.72,101575.01,109.2,0.453,-2.952,9.459,-0.033,0.005,0.014,-17.895,-2.537,743.404,54.306137,-5.583568,331115.97
730760.0,20.72,101575.25,109.18,0.462,-2.974,9.428,-0.034,0.006,0.014,-17.972,-2.539,743.609,54.306137,-5.583568,331115.97
731003.0,20.72,101575.67,109.14,0.445,-2.957,9.467,-0.035,0.005,0.014,-17.941,-2.538,743.809,54.306137,-5.583568,331115.97
731258.0,20.72,101575.18,109.18,0.472,-2.962,9.455,-0.033,0.005,0.014,-17.908,-2.544,744.019,54.306137,-5.583568,331115.97
731507.0,20.72,101575.1,109.19,0.448,-2.945,9.483,-0.034,0.005,0.014,-17.907,-2.538,744.225,54.306137,-5.583568,331115.97
731759.0,20.73,101575.19,109.18,0.45,-2.952,9.448,-0.034,0.005,0.014,-18.05,-2.511,744.435,54.306137,-5.583568,331115.97
732003.0,20.73,101575.66,109.14,0.448,-2.954,9.448,-0.033,0.005,0.014,-17.96,-2.529,744.632,54.306137,-5.583568,331115.97
732257.0,20.73,101575.33,109.17,0.469,-2.947,9.452,-0.034,0.006,0.014,-17.922,-2.529,744.836,54.306137,-5.583568,331115.97
732506.0,20.73,101575.08,109.19,0.457,-2.938,9.464,-0.033,0.005,0.015,-17.881,-2.518,745.037,54.306137,-5.583568,331115.97
732758.0,20.74,101575.17,109.18,0.455,-2.957,9.433,-0.034,0.005,0.015,-17.963,-2.526,745.247,54.306137,-5.583568,331115.97
733007.0,20.74,101575.0,109.2,0.45,-2.964,9.479,-0.033,0.005,0.014,-17.934,-2.52,745.452,54.306137,-5.583568,331115.97
733257.0,20.74,101574.41,109.25,0.443,-2.957,9.455,-0.033,0.005,0.013,-17.901,-2.531,745.655,54.306137,-5.583568,331115.97
733506.0,20.74,101574.48,109.24,0.445,-2.964,9.459,-0.033,0.005,0.014,-17.89,-2.523,745.857,54.306137,-5.583568,331115.97
733755.0,20.74,101574.73,109.22,0.441,-2.959,9.45,-0.033,0.005,0.014,-17.972,-2.511,746.055,54.306137,-5.583568,331115.97
734004.0,20.75,101575.2,109.18,0.462,-2.971,9.436,-0.033,0.007,0.014,-17.926,-2.537,746.258,54.306137,-5.583568,331115.97
734254.0,20.75,101575.12,109.19,0.45,-2.952,9.455,-0.033,0.005,0.014,-17.909,-2.536,746.462,54.306137,-5.583568,331115.97
734503.0,20.75,101574.36,109.25,0.45,-2.969,9.438,-0.033,0.005,0.015,-17.908,-2.535,746.67,54.306137,-5.583568,331115.97
734760.0,20.76,101573.8,109.3,0.448,-2.966,9.445,-0.033,0.005,0.014,-17.988,-2.521,746.875,54.306137,-5.58357,331115.88
735003.0,20.76,101573.96,109.28,0.46,-2.978,9.479,-0.034,0.005,0.014,-18.075,-2.597,747.076,54.306137,-5.58357,331115.88
735253.0,20.76,101573.8,109.3,0.438,-2.966,9.464,-0.034,0.006,0.015,-18.056,-2.593,747.281,54.306137,-5.58357,331115.88
735508.0,20.76,101573.53,109.32,0.443,-2.971,9.462,-0.033,0.006,0.014,-17.972,-2.549,747.488,54.306137,-5.58357,331115.88
735757.0,20.77,101572.62,109.39,0.467,-2.966,9.433,-0.033,0.005,0.014,-18.116,-2.529,747.69,54.306137,-5.58357,331115.88
736006.0,20.77,101572.14,109.43,0.457,-2.957,9.448,-0.034,0.006,0.013,-17.984,-2.536,747.892,54.306137,-5.58357,331115.88
736255.0,20.77,101572.55,109.4,0.457,-2.969,9.436,-0.034,0.006,0.014,-17.915,-2.552,748.094,54.306137,-5.58357,331115.88
736505.0,20.77,101573.34,109.33,0.438,-2.952,9.431,-0.034,0.006,0.014,-17.904,-2.553,748.298,54.306137,-5.58357,331115.88
736758.0,20.77,101573.02,109.36,0.474,-2.969,9.445,-0.034,0.006,0.014,-17.966,-2.53,748.502,54.306137,-5.58357,331115.88
737007.0,20.78,101573.27,109.34,0.445,-2.957,9.428,-0.034,0.006,0.014,-17.938,-2.531,748.707,54.306137,-5.58357,331115.88
737256.0,20.78,101573.48,109.32,0.467,-2.978,9.443,-0.033,0.005,0.015,-17.92,-2.532,748.911,54.306137,-5.58357,331115.88
737505.0,20.78,101573.41,109.33,0.453,-2.952,9.462,-0.034,0.006,0.014,-17.898,-2.535,749.112,54.306137,-5.58357,331115.88
737756.0,20.78,101573.16,109.35,0.448,-2.976,9.45,-0.033,0.007,0.014,-17.962,-2.53,749.313,54.306137,-5.58357,331115.88
738005.0,20.79,101573.08,109.36,0.462,-2.959,9.455,-0.033,0.006,0.014,-17.917,-2.531,749.514,54.306137,-5.58357,331115.88
738255.0,20.79,101573.46,109.32,0.46,-2.966,9.45,-0.034,0.005,0.014,-17.899,-2.537,749.719,54.306137,-5.58357,331115.88
738504.0,20.79,101573.88,109.29,0.455,-2.983,9.474,-0.034,0.005,0.014,-17.907,-2.547,749.921,54.306137,-5.58357,331115.88
738756.0,20.79,101573.71,109.3,0.46,-2.947,9.445,-0.033,0.006,0.015,-17.989,-2.545,750.124,54.306137,-5.58357,331115.88
739006.0,20.79,101573.8,109.3,0.46,-2.952,9.457,-0.034,0.006,0.015,-17.933,-2.546,750.331,54.306137,-5.58357,331115.88
739255.0,20.8,101574.59,109.23,0.457,-2.959,9.462,-0.033,0.006,0.014,-17.903,-2.545,750.534,54.306137,-5.58357,331115.88
739504.0,20.8,101574.67,109.22,0.464,-2.971,9.436,-0.034,0.006,0.015,-17.901,-2.538,750.736,54.306137,-5.58357,331115.88
739757.0,20.81,101575.38,109.17,0.46,-2.957,9.45,-0.033,0.006,0.014,-18.058,-2.522,750.94,54.306137,-5.58357,331115.88
740006.0,20.81,101575.2,109.18,0.453,-2.957,9.443,-0.034,0.006,0.014,-17.957,-2.54,751.147,54.306137,-5.58357,331115.88
740255.0,20.82,101573.81,109.3,0.431,-2.95,9.452,-0.034,0.006,0.014,-17.923,-2.53,751.349,54.306137,-5.58357,331115.88
740505.0,20.82,101573.57,109.32,0.462,-2.964,9.45,-0.034,0.006,0.014,-17.917,-2.532,751.553,54.306137,-5.58357,331115.88
740757.0,20.82,101574.2,109.26,0.486,-3.062,9.462,-0.033,0.006,0.014,-18.097,-2.563,751.757,54.306137,-5.58357,331115.88
741006.0,20.83,101574.28,109.26,0.455,-2.962,9.452,-0.033,0.006,0.015,-18.073,-2.589,751.96,54.306137,-5.58357,331115.88
741255.0,20.83,101573.95,109.28,0.45,-2.969,9.459,-0.034,0.006,0.015,-17.966,-2.553,752.162,54.306137,-5.58357,331115.88
741504.0,20.83,101574.34,109.25,0.472,-2.954,9.436,-0.034,0.005,0.014,-17.928,-2.551,752.365,54.306137,-5.58357,331115.88
741758.0,20.83,101575.0,109.2,0.45,-2.954,9.459,-0.033,0.006,0.015,-17.989,-2.528,752.57,54.306137,-5.583571,331115.84
742007.0,20.83,101574.88,109.21,0.453,-2.962,9.438,-0.034,0.006,0.014,-17.938,-2.527,752.776,54.306137,-5.583571,331115.84
742256.0,20.84,101574.48,109.24,0.46,-2.971,9.462,-0.033,0.006,0.014,-17.913,-2.536,752.982,54.306137,-5.583571,331115.84
742505.0,20.84,101574.73,109.22,0.469,-2.954,9.474,-0.034,0.006,0.014,-17.9,-2.539,753.187,54.306137,-5.583571,331115.84
742757.0,20.84,101574.62,109.23,0.436,-2.957,9.436,-0.033,0.006,0.014,-17.989,-2.518,753.39,54.306137,-5.583571,331115.84
743006.0,20.84,101574.38,109.25,0.457,-2.954,9.448,-0.033,0.005,0.014,-17.947,-2.514,753.592,54.306137,-5.583571,331115.84
743255.0,20.85,101574.46,109.24,0.46,-2.954,9.445,-0.033,0.005,0.014,-17.917,-2.531,753.797,54.306137,-5.583571,331115.84
743504.0,20.85,101574.55,109.24,0.46,-2.954,9.455,-0.033,0.006,0.014,-17.892,-2.527,754.001,54.306137,-5.583571,331115.84
743757.0,20.85,101574.52,109.24,0.46,-2.947,9.457,-0.034,0.005,0.015,-17.996,-2.531,754.208,54.306137,-5.583571,331115.84
744006.0,20.85,101573.95,109.28,0.455,-2.978,9.431,-0.032,0.005,0.015,-17.943,-2.532,754.415,54.306137,-5.583571,331115.84
744255.0,20.85,101574.03,109.28,0.457,-2.971,9.457,-0.034,0.006,0.014,-17.915,-2.537,754.621,54.306137,-5.583571,331115.84
744504.0,20.86,101574.11,109.27,0.455,-2.957,9.471,-0.032,0.005,0.014,-17.884,-2.519,754.827,54.306137,-5.583571,331115.84
744756.0,20.86,101574.83,109.21,0.45,-2.954,9.431,-0.032,0.006,0.015,-18.051,-2.497,755.034,54.306137,-5.583571,331115.84
745005.0,20.86,101575.23,109.18,0.445,-2.974,9.452,-0.033,0.005,0.014,-17.966,-2.523,755.236,54.306137,-5.583571,331115.84
745254.0,20.86,101575.16,109.18,0.474,-2.962,9.448,-0.033,0.005,0.014,-17.921,-2.526,755.439,54.306137,-5.583571,331115.84
745503.0,20.86,101574.5,109.24,0.441,-2.959,9.436,-0.034,0.005,0.014,-17.917,-2.519,755.643,54.306137,-5.583571,331115.84
745757.0,20.87,101574.88,109.21,0.438,-2.962,9.445,-0.033,0.006,0.014,-17.966,-2.514,755.852,54.306137,-5.583571,331115.84
746006.0,20.87,101574.97,109.2,0.441,-2.957,9.457,-0.033,0.005,0.014,-17.929,-2.519,756.06,54.306137,-5.583571,331115.84
746255.0,20.87,101575.22,109.18,0.441,-2.942,9.431,-0.032,0.005,0.014,-17.901,-2.534,756.262,54.306137,-5.583571,331115.84
746504.0,20.87,101575.3,109.17,0.503,-3.074,9.426,-0.034,0.005,0.015,-17.992,-2.564,756.463,54.306137,-5.583571,331115.84
746755.0,20.88,101575.35,109.17,0.457,-2.952,9.431,-0.033,0.005,0.015,-18.143,-2.591,756.666,54.306137,-5.583571,331115.84
747004.0,20.88,101575.28,109.17,0.431,-2.959,9.459,-0.033,0.006,0.013,-17.998,-2.562,756.872,54.306137,-5.583571,331115.84
747253.0,20.88,101575.36,109.17,0.45,-2.964,9.426,-0.033,0.005,0.014,-17.956,-2.551,757.078,54.306137,-5.583571,331115.84
747508.0,20.88,101575.25,109.18,0.464,-2.952,9.433,-0.034,0.005,0.014,-17.942,-2.552,757.288,54.306137,-5.583571,331115.84
747758.0,20.88,101574.76,109.22,0.464,-2.957,9.448,-0.033,0.006,0.014,-18.074,-2.52,757.486,54.306137,-5.583571,331115.84
748007.0,20.89,101573.7,109.3,0.443,-2.954,9.457,-0.033,0.006,0.015,-17.983,-2.526,757.693,54.306137,-5.583571,331115.84
748256.0,20.89,101573.95,109.28,0.453,-2.957,9.479,-0.033,0.005,0.013,-17.916,-2.541,757.899,54.306137,-5.583571,331115.84
748505.0,20.89,101574.0,109.28,0.467,-2.966,9.455,-0.033,0.005,0.014,-17.918,-2.526,758.102,54.306137,-5.583571,331115.84
748755.0,20.89,101574.25,109.26,0.455,-2.969,9.469,-0.033,0.005,0.015,-18.009,-2.52,758.303,54.306137,-5.583571,331115.84
749004.0,20.9,101574.66,109.23,0.433,-2.959,9.459,-0.034,0.006,0.014,-17.955,-2.52,758.509,54.306137,-5.583571,331115.84
749253.0,20.9,101574.66,109.23,0.443,-2.964,9.448,-0.034,0.005,0.014,-17.932,-2.524,758.712,54.306137,-5.583571,331115.84
749507.0,20.9,101574.55,109.24,0.476,-2.954,9.459,-0.034,0.006,0.015,-17.915,-2.544,758.919,54.306137,-5.583571,331115.84
749756.0,20.9,101574.63,109.23,0.457,-2.947,9.426,-0.033,0.006,0.014,-17.988,-2.542,759.122,54.306137,-5.583571,331115.84
750005.0,20.9,101574.23,109.26,0.46,-2.94,9.438,-0.033,0.006,0.014,-17.935,-2.546,759.33,54.306137,-5.583571,331115.84
750254.0,20.91,101574.2,109.26,0.46,-2.971,9.462,-0.033,0.005,0.014,-17.914,-2.526,759.53,54.306137,-5.583571,331115.84
750503.0,20.91,101573.64,109.31,0.453,-2.964,9.448,-0.034,0.006,0.014,-17.916,-2.512,759.731,54.306137,-5.583571,331115.84
750759.0,20.91,101573.56,109.32,0.474,-2.952,9.455,-0.034,0.006,0.014,-17.999,-2.521,759.941,54.306137,-5.583571,331115.84
751008.0,20.92,101573.7,109.31,0.438,-2.971,9.45,-0.033,0.006,0.015,-17.955,-2.532,760.148,54.306137,-5.583571,331115.84
751257.0,20.92,101573.78,109.3,0.445,-2.966,9.45,-0.033,0.005,0.014,-17.918,-2.529,760.355,54.306137,-5.583571,331115.84
751506.0,20.92,101574.0,109.28,0.455,-2.935,9.467,-0.034,0.005,0.015,-17.885,-2.527,760.559,54.306137,-5.583571,331115.84
751759.0,20.93,101573.75,109.3,0.448,-2.952,9.471,-0.034,0.006,0.015,-17.998,-2.513,760.765,54.306137,-5.583571,331115.84
752008.0,20.93,101573.84,109.29,0.445,-2.964,9.44,-0.033,0.006,0.014,-17.945,-2.525,760.97,54.306137,-5.583571,331115.84
752257.0,20.93,101573.44,109.33,0.484,-3.041,9.455,-0.034,0.006,0.014,-17.992,-2.572,761.175,54.306137,-5.583571,331115.84
752506.0,20.93,101573.33,109.34,0.46,-2.971,9.467,-0.032,0.006,0.014,-18.114,-2.641,761.378,54.306137,-5.583571,331115.84
752771.0,20.94,101573.41,109.33,0.455,-2.954,9.452,-0.033,0.006,0.014,-18.187,-2.554,761.597,54.306137,-5.583571,331115.84
753004.0,20.94,101573.0,109.38,0.457,-2.966,9.448,-0.034,0.005,0.014,-18.027,-2.551,761.787,54.306137,-5.583571,331115.84
753253.0,20.94,101572.73,109.39,0.46,-2.969,9.462,-0.033,0.006,0.015,-17.967,-2.556,761.992,54.306137,-5.583571,331115.84
753507.0,20.94,101572.66,109.39,0.445,-2.95,9.455,-0.033,0.005,0.014,-17.92,-2.532,762.199,54.306137,-5.583571,331115.84
753754.0,20.95,101573.22,109.35,0.438,-2.966,9.457,-0.032,0.006,0.014,-17.973,-2.518,762.399,54.306137,-5.583571,331115.84
754003.0,20.95,101573.11,109.35,0.455,-2.942,9.464,-0.034,0.006,0.014,-17.918,-2.521,762.604,54.306137,-5.583571,331115.84
754258.0,20.95,101573.03,109.36,0.472,-2.962,9.44,-0.034,0.005,0.014,-17.911,-2.544,762.814,54.306137,-5.583571,331115.84
754507.0,20.95,101572.95,109.37,0.443,-2.95,9.471,-0.034,0.005,0.015,-17.906,-2.537,763.021,54.306137,-5.583571,331115.84
754758.0,20.96,101572.69,109.39,0.445,-2.947,9.448,-0.033,0.006,0.014,-17.981,-2.511,763.228,54.306137,-5.583573,331115.75
755007.0,20.96,101573.09,109.36,0.45,-2.962,9.448,-0.033,0.005,0.014,-17.936,-2.525,763.434,54.306137,-5.583573,331115.75
755256.0,20.96,101572.94,109.37,0.443,-2.964,9.433,-0.033,0.005,0.015,-17.922,-2.525,763.637,54.306137,-5.583573,331115.75
755505.0,20.96,101572.77,109.38,0.464,-2.954,9.445,-0.033,0.006,0.015,-17.901,-2.535,763.842,54.306137,-5.583573,331115.75
755765.0,20.97,101572.5,109.4,0.441,-2.938,9.455,-0.033,0.005,0.014,-18.046,-2.514,764.053,54.306137,-5.583573,331115.75
756003.0,20.97,101572.59,109.4,0.457,-2.954,9.474,-0.033,0.005,0.014,-17.972,-2.53,764.251,54.306137,-5.583573,331115.75
756258.0,20.97,101572.83,109.38,0.467,-2.954,9.445,-0.034,0.006,0.014,-17.93,-2.555,764.461,54.306137,-5.583573,331115.75
756507.0,20.98,101572.64,109.39,0.462,-2.945,9.464,-0.033,0.006,0.014,-17.912,-2.55,764.665,54.306137,-5.583573,331115.75
756756.0,20.98,101572.41,109.41,0.45,-2.95,9.455,-0.034,0.005,0.014,-17.982,-2.549,764.868,54.306137,-5.583573,331115.75
757005.0,20.98,101571.97,109.45,0.436,-2.964,9.436,-0.033,0.006,0.015,-17.951,-2.543,765.073,54.306137,-5.583573,331115.75
757254.0,20.98,101571.72,109.47,0.441,-2.935,9.44,-0.033,0.005,0.014,-17.914,-2.533,765.276,54.306137,-5.583573,331115.75
757503.0,20.99,101572.84,109.38,0.462,-2.957,9.445,-0.033,0.006,0.014,-17.903,-2.535,765.48,54.306137,-5.583573,331115.75
757755.0,20.99,101572.92,109.37,0.438,-2.969,9.462,-0.034,0.005,0.014,-17.998,-2.527,765.686,54.306137,-5.583573,331115.75
758004.0,20.99,101573.17,109.35,0.464,-2.971,9.459,-0.033,0.005,0.015,-17.953,-2.542,765.891,54.306137,-5.583573,331115.75
758253.0,21.0,101573.64,109.31,0.462,-2.978,9.438,-0.033,0.005,0.014,-18.175,-2.624,766.097,54.306137,-5.583573,331115.75
758508.0,21.0,101573.89,109.29,0.462,-2.95,9.438,-0.033,0.005,0.014,-18.038,-2.587,766.303,54.306137,-5.583573,331115.75
758756.0,21.01,101574.68,109.22,0.46,-2.945,9.433,-0.034,0.005,0.014,-18.065,-2.554,766.505,54.306137,-5.583573,331115.75
759006.0,21.01,101574.44,109.24,0.45,-2.962,9.455,-0.033,0.005,0.014,-17.972,-2.563,766.71,54.306137,-5.583573,331115.75
759255.0,21.01,101574.52,109.24,0.441,-2.964,9.426,-0.033,0.005,0.014,-17.941,-2.551,766.915,54.306137,-5.583573,331115.75
759504.0,21.01,101574.73,109.22,0.464,-2.962,9.45,-0.033,0.005,0.014,-17.93,-2.553,767.12,54.306137,-5.583573,331115.75
759755.0,21.02,101574.66,109.23,0.45,-2.95,9.459,-0.033,0.005,0.015,-18.008,-2.528,767.325,54.306137,-5.583573,331115.75
760004.0,21.02,101574.09,109.27,0.445,-2.962,9.483,-0.033,0.006,0.014,-17.95,-2.528,767.535,54.306137,-5.583573,331115.75
760253.0,21.02,101573.84,109.29,0.457,-2.954,9.462,-0.033,0.005,0.014,-17.934,-2.545,767.736,54.306137,-5.583573,331115.75
760508.0,21.02,101574.39,109.25,0.457,-2.945,9.464,-0.033,0.005,0.015,-17.915,-2.531,767.945,54.306137,-5.583573,331115.75
760757.0,21.03,101574.31,109.25,0.46,-2.954,9.443,-0.032,0.006,0.014,-18.014,-2.52,768.15,54.306137,-5.583573,331115.75
761006.0,21.03,101574.07,109.27,0.453,-2.952,9.443,-0.033,0.005,0.014,-17.946,-2.522,768.356,54.306137,-5.583573,331115.75
761256.0,21.03,101574.53,109.24,0.464,-2.964,9.459,-0.033,0.005,0.014,-17.929,-2.536,768.56,54.306137,-5.583573,331115.75
761505.0,21.03,101574.05,109.28,0.436,-2.974,9.452,-0.033,0.005,0.015,-17.92,-2.531,768.765,54.306137,-5.583573,331115.75
761795.0,21.04,101574.51,109.24,0.479,-2.938,9.412,-0.033,0.006,0.014,-18.097,-2.503,769.003,54.306137,-5.583575,331115.69
762004.0,21.04,101575.09,109.19,0.443,-2.954,9.45,-0.034,0.006,0.014,-17.982,-2.524,769.176,54.306137,-5.583575,331115.69
762253.0,21.04,101575.5,109.16,0.462,-2.952,9.462,-0.033,0.005,0.014,-17.943,-2.529,769.38,54.306137,-5.583575,331115.69
762508.0,21.05,101575.22,109.18,0.443,-2.969,9.455,-0.033,0.005,0.015,-17.94,-2.521,769.588,54.306137,-5.583575,331115.69
762758.0,21.05,101575.31,109.17,0.484,-2.959,9.459,-0.034,0.004,0.014,-18.002,-2.518,769.793,54.306137,-5.583575,331115.69
763007.0,21.05,101575.39,109.16,0.443,-2.964,9.445,-0.034,0.005,0.015,-17.943,-2.505,770.0,54.306137,-5.583575,331115.69
763256.0,21.05,101574.98,109.2,0.438,-2.94,9.44,-0.033,0.005,0.014,-17.924,-2.511,770.206,54.306137,-5.583575,331115.69
763505.0,21.06,101574.22,109.26,0.433,-2.957,9.44,-0.034,0.005,0.014,-17.917,-2.507,770.41,54.306137,-5.583575,331115.69
763790.0,21.06,101573.66,109.31,0.45,-2.952,9.476,-0.032,0.006,0.015,-18.056,-2.497,770.646,54.306137,-5.583575,331115.69
764005.0,21.06,101573.41,109.33,0.46,-2.988,9.445,-0.033,0.006,0.014,-18.117,-2.571,770.826,54.306137,-5.583575,331115.69
764255.0,21.06,101573.14,109.35,0.45,-2.95,9.45,-0.033,0.005,0.014,-18.059,-2.578,771.03,54.306137,-5.583575,331115.69
764504.0,21.07,101573.71,109.3,0.433,-2.959,9.469,-0.033,0.005,0.015,-17.959,-2.551,771.236,54.306137,-5.583575,331115.69
764757.0,21.07,101573.96,109.28,0.453,-2.94,9.445,-0.034,0.006,0.015,-18.022,-2.516,771.443,54.306137,-5.583575,331115.69
765006.0,21.07,101573.69,109.31,0.474,-2.952,9.45,-0.033,0.005,0.014,-17.946,-2.527,771.651,54.306137,-5.583575,331115.69
765256.0,21.07,101573.69,109.31,0.462,-2.966,9.467,-0.034,0.006,0.015,-17.924,-2.533,771.859,54.306137,-5.583575,331115.69
765505.0,21.07,101573.61,109.31,0.472,-2.959,9.445,-0.034,0.006,0.014,-17.896,-2.538,772.063,54.306137,-5.583575,331115.69
765762.0,21.08,101573.61,109.31,0.443,-2.947,9.452,-0.033,0.005,0.015,-18.012,-2.527,772.276,54.306137,-5.583575,331115.69
766005.0,21.08,101573.17,109.35,0.453,-2.947,9.438,-0.033,0.006,0.014,-17.97,-2.539,772.476,54.306137,-5.583575,331115.69
766254.0,21.09,101573.67,109.31,0.433,-2.952,9.443,-0.034,0.005,0.014,-17.937,-2.533,772.684,54.306137,-5.583575,331115.69
766503.0,21.09,101573.02,109.36,0.464,-2.954,9.44,-0.034,0.005,0.015,-17.916,-2.538,772.89,54.306137,-5.583575,331115.69
766768.0,21.09,101572.91,109.37,0.457,-2.95,9.471,-0.033,0.006,0.015,-18.014,-2.516,773.107,54.306137,-5.583575,331115.69
767006.0,21.09,101572.66,109.39,0.453,-2.962,9.445,-0.033,0.006,0.014,-17.96,-2.532,773.308,54.306137,-5.583575,331115.69
767255.0,21.09,101572.59,109.4,0.457,-2.945,9.462,-0.033,0.005,0.015,-17.923,-2.55,773.512,54.306137,-5.583575,331115.69
767504.0,21.1,101573.05,109.36,0.464,-2.947,9.462,-0.033,0.006,0.014,-17.91,-2.549,773.717,54.306137,-5.583575,331115.69
767771.0,21.1,101573.3,109.34,0.469,-2.966,9.459,-0.033,0.006,0.015,-18.0,-2.541,773.937,54.306137,-5.583575,331115.69
768003.0,21.1,101573.03,109.37,0.448,-2.954,9.436,-0.033,0.005,0.014,-17.941,-2.525,774.127,54.306137,-5.583575,331115.69
768253.0,21.11,101573.36,109.33,0.46,-2.976,9.462,-0.033,0.005,0.014,-17.925,-2.538,774.334,54.306137,-5.583575,331115.69
768507.0,21.11,101573.03,109.36,0.457,-2.959,9.464,-0.032,0.005,0.015,-17.911,-2.555,774.543,54.306137,-5.583575,331115.69
768778.0,21.11,101573.11,109.35,0.462,-2.966,9.464,-0.034,0.005,0.014,-18.021,-2.531,774.765,54.306137,-5.583575,331115.69
769004.0,21.12,101573.58,109.32,0.46,-2.962,9.436,-0.034,0.006,0.014,-17.978,-2.538,774.953,54.306137,-5.583575,331115.69
769253.0,21.12,101573.5,109.32,0.469,-2.947,9.448,-0.033,0.005,0.015,-17.924,-2.532,775.16,54.306137,-5.583575,331115.69
769508.0,21.12,101573.02,109.36,0.45,-2.978,9.448,-0.033,0.005,0.014,-17.929,-2.533,775.368,54.306137,-5.583575,331115.69
769816.0,21.12,101573.8,109.3,0.486,-3.098,9.438,-0.034,0.004,0.014,-18.289,-2.556,775.618,54.306137,-5.583575,331115.69
770003.0,21.12,101573.47,109.32,0.448,-2.95,9.493,-0.034,0.005,0.015,-18.166,-2.572,775.771,54.306137,-5.583575,331115.69
770258.0,21.13,101573.94,109.29,0.472,-2.952,9.448,-0.034,0.005,0.014,-18.019,-2.551,775.984,54.306137,-5.583575,331115.69
770507.0,21.13,101573.12,109.35,0.455,-2.959,9.433,-0.033,0.005,0.015,-17.962,-2.539,776.189,54.306137,-5.583575,331115.69
770768.0,21.13,101572.88,109.37,0.448,-2.981,9.426,-0.033,0.005,0.014,-18.008,-2.53,776.401,54.306145,-5.583575,331116.38
771006.0,21.13,101572.64,109.39,0.445,-2.945,9.443,-0.032,0.005,0.015,-17.948,-2.534,776.601,54.306145,-5.583575,331116.38
771255.0,21.13,101572.2,109.43,0.455,-2.957,9.445,-0.033,0.006,0.015,-17.907,-2.539,776.809,54.306145,-5.583575,331116.38
771504.0,21.14,101572.12,109.44,0.457,-2.959,9.457,-0.033,0.006,0.015,-17.907,-2.546,777.013,54.306145,-5.583575,331116.38
771810.0,21.14,101572.18,109.43,0.453,-2.969,9.471,-0.033,0.005,0.015,-18.057,-2.511,777.266,54.306145,-5.583575,331116.38
772008.0,21.15,101571.94,109.45,0.443,-2.95,9.476,-0.034,0.005,0.015,-17.985,-2.524,777.432,54.306145,-5.583575,331116.38
772257.0,21.15,101571.12,109.52,0.453,-2.947,9.459,-0.034,0.005,0.015,-17.953,-2.544,777.639,54.306145,-5.583575,331116.38
772507.0,21.15,101571.42,109.49,0.464,-2.945,9.455,-0.033,0.005,0.014,-17.931,-2.538,777.847,54.306145,-5.583575,331116.38
772776.0,21.15,101571.83,109.46,0.455,-2.964,9.452,-0.032,0.005,0.015,-18.001,-2.535,778.069,54.306145,-5.583576,331116.31
773008.0,21.15,101571.67,109.47,0.462,-2.931,9.457,-0.033,0.005,0.014,-17.951,-2.54,778.261,54.306145,-5.583576,331116.31
773257.0,21.16,101572.08,109.44,0.457,-2.957,9.45,-0.033,0.006,0.014,-17.929,-2.548,778.467,54.306145,-5.583576,331116.31
773506.0,21.16,101572.62,109.39,0.421,-2.959,9.443,-0.033,0.005,0.014,-17.924,-2.526,778.673,54.306145,-5.583576,331116.31
773784.0,21.16,101572.7,109.39,0.469,-2.954,9.45,-0.033,0.006,0.014,-18.01,-2.538,778.901,54.306145,-5.583576,331116.31
774005.0,21.17,101572.88,109.37,0.455,-2.938,9.445,-0.034,0.005,0.014,-17.939,-2.541,779.086,54.306145,-5.583576,331116.31
774254.0,21.17,101572.77,109.38,0.464,-2.959,9.431,-0.033,0.005,0.015,-17.912,-2.543,779.292,54.306145,-5.583576,331116.31
774503.0,21.17,101572.2,109.43,0.46,-2.959,9.431,-0.033,0.005,0.014,-17.916,-2.559,779.497,54.306145,-5.583576,331116.31
774790.0,21.17,101571.95,109.45,0.453,-2.969,9.433,-0.033,0.004,0.015,-17.997,-2.546,779.735,54.306145,-5.583576,331116.31
775005.0,21.18,101572.66,109.39,0.455,-2.95,9.45,-0.034,0.005,0.014,-17.946,-2.544,779.915,54.306145,-5.583576,331116.31
775255.0,21.18,101573.41,109.33,0.443,-2.952,9.45,-0.034,0.006,0.014,-17.913,-2.546,780.122,54.306145,-5.583576,331116.31
775504.0,21.18,101573.98,109.28,0.503,-3.096,9.433,-0.034,0.005,0.015,-18.009,-2.579,780.328,54.306145,-5.583576,331116.31
775792.0,21.18,101573.38,109.33,0.464,-2.966,9.438,-0.033,0.005,0.014,-18.262,-2.613,780.566,54.306145,-5.583576,331116.31
776007.0,21.19,101573.13,109.37,0.462,-2.947,9.436,-0.033,0.005,0.014,-18.076,-2.566,780.744,54.306145,-5.583576,331116.31
776256.0,21.19,101573.05,109.36,0.453,-2.964,9.431,-0.034,0.006,0.014,-17.986,-2.564,780.948,54.306145,-5.583576,331116.31
776506.0,21.19,101572.89,109.37,0.45,-2.95,9.445,-0.033,0.005,0.014,-17.933,-2.527,781.155,54.306145,-5.583576,331116.31
776797.0,21.19,101573.52,109.32,0.462,-2.945,9.476,-0.034,0.005,0.014,-18.023,-2.53,781.392,54.306145,-5.583576,331116.31
777006.0,21.2,101573.44,109.33,0.436,-2.966,9.414,-0.033,0.006,0.014,-17.964,-2.525,781.565,54.306145,-5.583576,331116.31
777255.0,21.2,101572.87,109.37,0.433,-2.976,9.428,-0.034,0.005,0.015,-17.949,-2.544,781.77,54.306145,-5.583576,331116.31
777505.0,21.2,101572.1,109.44,0.46,-2.964,9.416,-0.032,0.005,0.015,-17.928,-2.535,781.975,54.306145,-5.583576,331116.31
777806.0,21.21,101572.93,109.37,0.45,-2.969,9.452,-0.033,0.005,0.014,-18.034,-2.541,782.22,54.306145,-5.583576,331116.31
778004.0,21.21,101572.59,109.4,0.467,-2.947,9.445,-0.032,0.006,0.014,-17.98,-2.542,782.387,54.306145,-5.583576,331116.31
778253.0,21.21,101572.16,109.43,0.464,-2.962,9.443,-0.034,0.005,0.014,-17.935,-2.557,782.595,54.306145,-5.583576,331116.31
778508.0,21.21,101572.41,109.41,0.462,-2.952,9.44,-0.033,0.006,0.015,-17.924,-2.545,782.805,54.306145,-5.583576,331116.31
778844.0,21.21,101572.49,109.41,0.472,-2.964,9.452,-0.032,0.005,0.015,-18.066,-2.527,783.084,54.306145,-5.583576,331116.31
779003.0,21.21,101572.66,109.39,0.45,-2.966,9.462,-0.033,0.005,0.014,-18.004,-2.538,783.216,54.306145,-5.583576,331116.31
779257.0,21.22,101572.96,109.37,0.464,-2.947,9.424,-0.033,0.005,0.014,-17.944,-2.554,783.426,54.306145,-5.583576,331116.31
779507.0,21.22,101572.3,109.42,0.448,-2.957,9.445,-0.033,0.005,0.015,-17.928,-2.544,783.633,54.306145,-5.583576,331116.31
779833.0,21.23,101573.19,109.35,0.448,-2.969,9.459,-0.033,0.005,0.015,-18.073,-2.509,783.903,54.306145,-5.583576,331116.31
780003.0,21.23,101572.85,109.38,0.455,-2.974,9.452,-0.033,0.006,0.014,-17.993,-2.526,784.046,54.306145,-5.583576,331116.31
780258.0,21.23,101573.19,109.35,0.448,-2.954,9.459,-0.033,0.005,0.014,-17.936,-2.535,784.259,54.306145,-5.583576,331116.31
780507.0,21.23,101572.86,109.37,0.438,-2.962,9.467,-0.034,0.006,0.015,-17.925,-2.542,784.465,54.306145,-5.583576,331116.31
780799.0,21.24,101573.0,109.36,0.474,-2.957,9.464,-0.033,0.005,0.015,-18.0,-2.539,784.707,54.306145,-5.583576,331116.31
781003.0,21.24,101573.08,109.36,0.45,-2.969,9.459,-0.032,0.006,0.013,-17.941,-2.546,784.875,54.306145,-5.583576,331116.31
781258.0,21.24,101573.14,109.35,0.474,-3.017,9.459,-0.034,0.005,0.014,-18.0,-2.573,785.088,54.306145,-5.583576,331116.31
781507.0,21.24,101572.89,109.37,0.457,-2.983,9.462,-0.032,0.005,0.014,-18.127,-2.637,785.291,54.306145,-5.583576,331116.31
781801.0,21.25,101572.66,109.39,0.45,-2.962,9.424,-0.033,0.005,0.015,-18.093,-2.579,785.534,54.306145,-5.583576,331116.31
782005.0,21.25,101572.7,109.39,0.464,-2.981,9.459,-0.034,0.006,0.014,-18.0,-2.568,785.705,54.306145,-5.583576,331116.31
782254.0,21.25,101572.46,109.41,0.46,-2.976,9.433,-0.033,0.006,0.015,-17.938,-2.562,785.913,54.306145,-5.583576,331116.31
782504.0,21.25,101572.88,109.37,0.455,-2.959,9.448,-0.033,0.007,0.014,-17.924,-2.566,786.122,54.306145,-5.583576,331116.31
782806.0,21.26,101572.47,109.41,0.429,-2.971,9.459,-0.033,0.005,0.014,-17.996,-2.555,786.368,54.306145,-5.583576,331116.31
783004.0,21.26,101572.47,109.41,0.464,-2.95,9.433,-0.032,0.006,0.015,-17.957,-2.565,786.534,54.306145,-5.583576,331116.31
783253.0,21.26,101572.69,109.39,0.462,-2.94,9.448,-0.033,0.005,0.014,-17.916,-2.576,786.74,54.306145,-5.583576,331116.31
783508.0,21.26,101572.6,109.4,0.45,-2.942,9.419,-0.033,0.006,0.015,-17.908,-2.544,786.95,54.306145,-5.583576,331116.31
783755.0,21.26,101572.85,109.38,0.45,-2.947,9.426,-0.033,0.005,0.014,-17.906,-2.551,787.151,54.306145,-5.583579,331116.22
784006.0,21.27,101572.91,109.37,0.457,-2.954,9.471,-0.033,0.005,0.014,-17.974,-2.548,787.364,54.306145,-5.583579,331116.22
784255.0,21.27,101572.66,109.39,0.457,-2.964,9.457,-0.033,0.006,0.014,-17.923,-2.548,787.57,54.306145,-5.583579,331116.22
784504.0,21.27,101572.42,109.41,0.457,-2.962,9.431,-0.032,0.006,0.014,-17.91,-2.549,787.776,54.306145,-5.583579,331116.22
784757.0,21.27,101572.14,109.43,0.46,-2.957,9.455,-0.033,0.005,0.014,-17.903,-2.554,787.984,54.306145,-5.583579,331116.22
785006.0,21.28,101572.48,109.41,0.464,-2.945,9.426,-0.033,0.006,0.014,-17.973,-2.54,788.189,54.306145,-5.583579,331116.22
785255.0,21.28,101572.53,109.4,0.453,-2.971,9.431,-0.032,0.005,0.015,-17.951,-2.561,788.396,54.306145,-5.583579,331116.22
785504.0,21.28,101571.71,109.47,0.467,-2.974,9.45,-0.034,0.006,0.015,-17.933,-2.557,788.602,54.306145,-5.583579,331116.22
785758.0,21.28,101571.3,109.5,0.46,-2.959,9.438,-0.033,0.005,0.015,-17.936,-2.557,788.812,54.306145,-5.583579,331116.22
786008.0,21.29,101571.06,109.52,0.484,-2.964,9.445,-0.033,0.005,0.015,-17.977,-2.545,789.023,54.306145,-5.583579,331116.22
786258.0,21.29,101571.53,109.48,0.448,-2.942,9.445,-0.033,0.005,0.015,-17.922,-2.54,789.231,54.306145,-5.583579,331116.22
786507.0,21.29,101571.94,109.45,0.448,-2.959,9.445,-0.033,0.005,0.014,-17.918,-2.546,789.437,54.306145,-5.583579,331116.22
786760.0,21.3,101572.68,109.39,0.457,-2.962,9.457,-0.032,0.006,0.014,-17.897,-2.56,789.647,54.306145,-5.583579,331116.22
787007.0,21.3,101572.73,109.38,0.443,-2.957,9.438,-0.033,0.006,0.014,-18.012,-2.545,789.852,54.306145,-5.583579,331116.22
787256.0,21.3,101572.66,109.39,0.46,-2.959,9.457,-0.033,0.005,0.014,-18.194,-2.634,790.058,54.306145,-5.583579,331116.22
787505.0,21.3,101572.48,109.41,0.462,-2.95,9.459,-0.032,0.005,0.014,-18.058,-2.593,790.264,54.306145,-5.583579,331116.22
787758.0,21.3,101572.57,109.4,0.436,-2.942,9.445,-0.032,0.005,0.014,-17.983,-2.573,790.474,54.306145,-5.583579,331116.22
788008.0,21.31,101573.53,109.32,0.457,-2.954,9.457,-0.033,0.006,0.015,-18.033,-2.546,790.685,54.306145,-5.583579,331116.22
788257.0,21.31,101573.61,109.31,0.464,-2.957,9.44,-0.033,0.006,0.014,-17.947,-2.551,790.894,54.306145,-5.583579,331116.22
788506.0,21.31,101573.7,109.31,0.453,-2.959,9.464,-0.032,0.006,0.015,-17.925,-2.553,791.102,54.306145,-5.583579,331116.22
788759.0,21.32,101573.75,109.3,0.455,-2.969,9.457,-0.033,0.005,0.013,-17.917,-2.56,791.31,54.306145,-5.583579,331116.22
789006.0,21.32,101573.67,109.31,0.443,-2.952,9.428,-0.032,0.006,0.014,-17.957,-2.557,791.516,54.306145,-5.583579,331116.22
789255.0,21.32,101573.75,109.3,0.462,-2.938,9.448,-0.034,0.006,0.015,-17.918,-2.552,791.722,54.306145,-5.583579,331116.22
789504.0,21.32,101572.98,109.36,0.457,-2.952,9.436,-0.033,0.005,0.014,-17.903,-2.545,791.929,54.306145,-5.583579,331116.22
789757.0,21.33,101572.91,109.37,0.462,-2.957,9.436,-0.031,0.005,0.014,-17.906,-2.527,792.137,54.306145,-5.583579,331116.22
790006.0,21.33,101572.99,109.36,0.457,-2.969,9.459,-0.032,0.006,0.015,-17.949,-2.534,792.344,54.306145,-5.583579,331116.22
790255.0,21.33,101573.05,109.36,0.467,-2.945,9.45,-0.033,0.006,0.014,-17.933,-2.548,792.552,54.306145,-5.583579,331116.22
790504.0,21.33,101572.16,109.43,0.46,-2.959,9.455,-0.033,0.006,0.015,-17.927,-2.552,792.758,54.306145,-5.583579,331116.22
790757.0,21.34,101572.56,109.4,0.472,-2.938,9.45,-0.032,0.005,0.014,-17.93,-2.577,792.968,54.306145,-5.583579,331116.22
791005.0,21.34,101572.78,109.38,0.46,-2.964,9.428,-0.033,0.006,0.014,-17.98,-2.556,793.177,54.306145,-5.583579,331116.22
791254.0,21.34,101572.45,109.41,0.443,-2.942,9.455,-0.033,0.005,0.014,-17.923,-2.547,793.383,54.306145,-5.583579,331116.22
791503.0,21.34,101572.7,109.39,0.46,-2.969,9.431,-0.033,0.005,0.014,-17.911,-2.544,793.588,54.306145,-5.583579,331116.22
791756.0,21.34,101573.28,109.34,0.441,-2.971,9.431,-0.033,0.005,0.015,-17.901,-2.544,793.8,54.306145,-5.583579,331116.22
792006.0,21.35,101573.91,109.29,0.467,-2.957,9.44,-0.032,0.005,0.014,-17.968,-2.54,794.008,54.306145,-5.583579,331116.22
792255.0,21.35,101573.66,109.31,0.467,-2.957,9.44,-0.033,0.006,0.014,-17.941,-2.541,794.215,54.306145,-5.583579,331116.22
792504.0,21.35,101573.91,109.29,0.441,-2.969,9.443,-0.033,0.006,0.015,-17.911,-2.536,794.421,54.306145,-5.583579,331116.22
792757.0,21.35,101573.74,109.3,0.441,-2.95,9.426,-0.033,0.005,0.015,-17.929,-2.528,794.634,54.306145,-5.583579,331116.22
793004.0,21.36,101573.96,109.28,0.455,-2.978,9.467,-0.033,0.005,0.015,-18.13,-2.579,794.84,54.306145,-5.583579,331116.22
793254.0,21.36,101574.45,109.24,0.474,-2.966,9.45,-0.033,0.005,0.014,-18.078,-2.59,795.044,54.306145,-5.583579,331116.22
793503.0,21.36,101574.51,109.24,0.448,-2.95,9.452,-0.034,0.006,0.014,-17.97,-2.56,795.249,54.306145,-5.583579,331116.22
793756.0,21.36,101573.69,109.31,0.455,-2.964,9.443,-0.033,0.005,0.015,-17.935,-2.562,795.46,54.306145,-5.583579,331116.22
794005.0,21.37,101574.68,109.22,0.467,-2.959,9.459,-0.031,0.005,0.014,-17.983,-2.561,795.667,54.306145,-5.583579,331116.22
794254.0,21.37,101574.52,109.24,0.462,-2.964,9.467,-0.033,0.005,0.014,-17.933,-2.57,795.872,54.306145,-5.583579,331116.22
794503.0,21.37,101574.41,109.25,0.448,-2.947,9.431,-0.032,0.006,0.015,-17.922,-2.536,796.078,54.306145,-5.583579,331116.22
794756.0,21.37,101574.66,109.23,0.453,-2.95,9.459,-0.034,0.006,0.015,-17.92,-2.548,796.288,54.306145,-5.58358,331116.16
795007.0,21.38,101574.41,109.25,0.438,-2.954,9.419,-0.031,0.005,0.014,-17.99,-2.531,796.497,54.306145,-5.58358,331116.16
795256.0,21.38,101574.33,109.27,0.448,-2.933,9.479,-0.032,0.005,0.015,-17.936,-2.523,796.702,54.306145,-5.58358,331116.16
795505.0,21.38,101573.89,109.29,0.46,-2.966,9.474,-0.033,0.006,0.015,-17.921,-2.523,796.909,54.306145,-5.58358,331116.16
795758.0,21.38,101573.66,109.31,0.45,-2.959,9.45,-0.033,0.005,0.014,-17.928,-2.525,797.12,54.306145,-5.58358,331116.16
796007.0,21.39,101573.73,109.3,0.457,-2.942,9.438,-0.033,0.005,0.015,-17.99,-2.517,797.326,54.306145,-5.58358,331116.16
796257.0,21.39,101573.95,109.28,0.443,-2.957,9.443,-0.032,0.005,0.015,-17.941,-2.54,797.536,54.306145,-5.58358,331116.16
796506.0,21.39,101573.3,109.34,0.443,-2.974,9.455,-0.033,0.005,0.014,-17.918,-2.542,797.742,54.306145,-5.58358,331116.16
796759.0,21.39,101573.62,109.31,0.431,-2.942,9.467,-0.033,0.005,0.014,-17.913,-2.545,797.951,54.306145,-5.58358,331116.16
797004.0,21.39,101573.8,109.3,0.476,-2.964,9.455,-0.033,0.005,0.014,-17.957,-2.551,798.158,54.306145,-5.58358,331116.16
797253.0,21.4,101574.34,109.25,0.453,-2.947,9.424,-0.034,0.005,0.014,-17.922,-2.543,798.364,54.306145,-5.58358,331116.16
797508.0,21.4,101573.94,109.29,0.457,-2.938,9.455,-0.033,0.005,0.014,-17.904,-2.548,798.574,54.306145,-5.58358,331116.16
797755.0,21.41,101573.98,109.28,0.457,-2.95,9.481,-0.033,0.006,0.014,-17.899,-2.557,798.778,54.306145,-5.58358,331116.16
798003.0,21.41,101574.23,109.26,0.436,-2.971,9.443,-0.033,0.005,0.014,-17.937,-2.535,798.981,54.306145,-5.58358,331116.16
798253.0,21.41,101574.48,109.24,0.46,-2.959,9.431,-0.033,0.005,0.014,-17.932,-2.551,799.186,54.306145,-5.58358,331116.16
798507.0,21.41,101574.54,109.24,0.455,-2.959,9.464,-0.033,0.006,0.015,-17.915,-2.54,799.398,54.306145,-5.58358,331116.16
798755.0,21.41,101574.38,109.25,0.493,-3.065,9.443,-0.033,0.005,0.015,-18.075,-2.612,799.601,54.306145,-5.58358,331116.16
799006.0,21.42,101574.45,109.24,0.467,-2.959,9.445,-0.033,0.005,0.014,-18.125,-2.598,799.815,54.306145,-5.58358,331116.16
799256.0,21.42,101575.03,109.19,0.457,-2.957,9.443,-0.033,0.005,0.015,-18.007,-2.581,800.024,54.306145,-5.58358,331116.16
799505.0,21.42,101574.92,109.2,0.479,-2.954,9.457,-0.031,0.006,0.015,-17.954,-2.571,800.232,54.306145,-5.58358,331116.16
799758.0,21.42,101574.52,109.24,0.445,-2.959,9.467,-0.033,0.005,0.014,-17.921,-2.558,800.441,54.306145,-5.58358,331116.16
800005.0,21.43,101574.27,109.26,0.433,-2.971,9.426,-0.033,0.005,0.015,-17.972,-2.54,800.647,54.306145,-5.58358,331116.16
800255.0,21.43,101573.83,109.29,0.453,-2.962,9.438,-0.033,0.006,0.015,-17.947,-2.554,800.854,54.306145,-5.58358,331116.16
800504.0,21.43,101574.08,109.27,0.457,-2.957,9.457,-0.033,0.006,0.015,-17.912,-2.554,801.064,54.306145,-5.58358,331116.16
800757.0,21.43,101574.33,109.25,0.464,-2.964,9.445,-0.033,0.005,0.015,-17.907,-2.562,801.271,54.306145,-5.58358,331116.16
801008.0,21.43,101574.25,109.26,0.443,-2.959,9.457,-0.033,0.006,0.014,-17.964,-2.526,801.479,54.306145,-5.58358,331116.16
801257.0,21.44,101574.3,109.26,0.448,-2.964,9.45,-0.033,0.005,0.015,-17.931,-2.532,801.689,54.306145,-5.58358,331116.16
801506.0,21.44,101574.8,109.21,0.479,-2.957,9.421,-0.033,0.005,0.013,-17.921,-2.538,801.896,54.306145,-5.58358,331116.16
801759.0,21.44,101575.18,109.18,0.443,-2.95,9.455,-0.032,0.005,0.014,-17.914,-2.541,802.104,54.306145,-5.58358,331116.16
802008.0,21.45,101575.02,109.2,0.462,-2.969,9.481,-0.033,0.005,0.015,-17.982,-2.544,802.31,54.306145,-5.58358,331116.16
802257.0,21.45,101575.65,109.14,0.455,-2.974,9.433,-0.033,0.005,0.014,-17.94,-2.553,802.518,54.306145,-5.58358,331116.16
802506.0,21.46,101575.73,109.14,0.45,-2.959,9.45,-0.032,0.005,0.015,-17.914,-2.554,802.727,54.306145,-5.58358,331116.16
802759.0,21.46,101575.98,109.12,0.45,-2.952,9.457,-0.033,0.006,0.014,-17.921,-2.544,802.936,54.306145,-5.58358,331116.16
803007.0,21.46,101576.45,109.08,0.445,-2.966,9.445,-0.033,0.005,0.015,-17.982,-2.54,803.143,54.306145,-5.58358,331116.16
803256.0,21.47,101576.53,109.07,0.453,-2.962,9.452,-0.032,0.005,0.014,-17.929,-2.547,803.35,54.306145,-5.58358,331116.16
803505.0,21.47,101576.42,109.08,0.457,-2.931,9.457,-0.033,0.005,0.015,-17.911,-2.556,803.554,54.306145,-5.58358,331116.16
803758.0,21.47,101576.17,109.1,0.45,-2.954,9.428,-0.033,0.006,0.015,-17.897,-2.548,803.763,54.306145,-5.583581,331116.12
804003.0,21.47,101576.26,109.09,0.441,-2.966,9.448,-0.033,0.005,0.014,-18.109,-2.518,803.967,54.306145,-5.583581,331116.12
804258.0,21.48,101575.49,109.16,0.445,-2.957,9.464,-0.033,0.005,0.015,-17.983,-2.531,804.178,54.306145,-5.583581,331116.12
804507.0,21.48,101575.42,109.16,0.493,-3.074,9.448,-0.033,0.005,0.015,-18.029,-2.591,804.387,54.306145,-5.583581,331116.12
804755.0,21.48,101575.17,109.18,0.45,-2.957,9.464,-0.033,0.005,0.014,-18.145,-2.605,804.594,54.306145,-5.583581,331116.12
805005.0,21.48,101575.39,109.16,0.457,-2.964,9.44,-0.034,0.006,0.015,-18.081,-2.572,804.801,54.306145,-5.583581,331116.12
805255.0,21.49,101575.31,109.17,0.443,-2.952,9.464,-0.033,0.005,0.014,-17.972,-2.548,805.008,54.306145,-5.583581,331116.12
805504.0,21.49,101575.56,109.15,0.457,-2.964,9.431,-0.033,0.006,0.015,-17.935,-2.545,805.215,54.306145,-5.583581,331116.12
805758.0,21.49,101575.31,109.17,0.455,-2.959,9.421,-0.033,0.005,0.014,-17.922,-2.546,805.42,54.306145,-5.583581,331116.12
806004.0,21.49,101575.37,109.17,0.455,-2.962,9.457,-0.033,0.006,0.014,-17.957,-2.534,805.628,54.306145,-5.583581,331116.12
806253.0,21.5,101575.61,109.15,0.464,-2.95,9.443,-0.033,0.005,0.014,-17.937,-2.526,805.836,54.306145,-5.583581,331116.12
806508.0,21.5,101575.7,109.14,0.455,-2.964,9.459,-0.033,0.005,0.014,-17.913,-2.537,806.045,54.306145,-5.583581,331116.12
806756.0,21.5,101575.53,109.15,0.457,-2.962,9.464,-0.033,0.005,0.015,-17.914,-2.534,806.249,54.306145,-5.583581,331116.12
807005.0,21.5,101575.7,109.14,0.448,-2.95,9.433,-0.034,0.006,0.015,-17.937,-2.528,806.461,54.306145,-5.583581,331116.12
807255.0,21.5,101575.38,109.17,0.443,-2.971,9.455,-0.032,0.005,0.014,-17.925,-2.528,806.67,54.306145,-5.583581,331116.12
807504.0,21.51,101575.79,109.13,0.453,-2.95,9.459,-0.033,0.006,0.015,-17.909,-2.53,806.879,54.306145,-5.583581,331116.12
807757.0,21.51,101576.33,109.09,0.438,-2.962,9.459,-0.033,0.005,0.014,-17.896,-2.547,807.088,54.306145,-5.583581,331116.12
808005.0,21.51,101576.5,109.07,0.455,-2.95,9.436,-0.032,0.005,0.015,-17.959,-2.546,807.294,54.306145,-5.583581,331116.12
808255.0,21.52,101576.55,109.07,0.46,-2.95,9.448,-0.032,0.005,0.014,-17.921,-2.554,807.502,54.306145,-5.583581,331116.12
808504.0,21.52,101576.31,109.09,0.46,-2.954,9.436,-0.033,0.007,0.015,-17.912,-2.553,807.711,54.306145,-5.583581,331116.12
808757.0,21.52,101575.91,109.12,0.453,-2.966,9.45,-0.034,0.005,0.014,-17.913,-2.562,807.918,54.306145,-5.583581,331116.12
809008.0,21.53,101576.53,109.07,0.467,-2.962,9.443,-0.033,0.005,0.014,-17.976,-2.553,808.122,54.306145,-5.583581,331116.12
809257.0,21.53,101576.61,109.06,0.443,-2.947,9.445,-0.033,0.005,0.015,-17.939,-2.542,808.327,54.306145,-5.583581,331116.12
809506.0,21.53,101576.38,109.08,0.457,-2.959,9.459,-0.033,0.006,0.014,-17.926,-2.531,808.534,54.306145,-5.583581,331116.12
809760.0,21.53,101575.94,109.12,0.45,-2.954,9.443,-0.031,0.004,0.015,-17.915,-2.54,808.742,54.306145,-5.583581,331116.12
810007.0,21.54,101575.53,109.15,0.445,-2.95,9.436,-0.033,0.006,0.015,-17.985,-2.524,808.949,54.306145,-5.583581,331116.12
810256.0,21.54,101575.66,109.14,0.498,-3.024,9.445,-0.032,0.005,0.014,-18.005,-2.582,809.154,54.306145,-5.583581,331116.12
810506.0,21.54,101575.59,109.15,0.448,-2.981,9.443,-0.034,0.005,0.015,-18.15,-2.64,809.361,54.306145,-5.583581,331116.12
810759.0,21.55,101575.83,109.13,0.457,-2.966,9.445,-0.033,0.005,0.014,-18.018,-2.579,809.568,54.306145,-5.583581,331116.12
811003.0,21.55,101575.42,109.16,0.445,-2.966,9.431,-0.032,0.005,0.014,-18.051,-2.557,809.771,54.306145,-5.583581,331116.12
811253.0,21.55,101575.41,109.16,0.441,-2.95,9.448,-0.033,0.005,0.014,-17.945,-2.55,809.977,54.306145,-5.583581,331116.12
811508.0,21.56,101574.99,109.2,0.476,-2.959,9.443,-0.032,0.006,0.015,-17.921,-2.557,810.191,54.306145,-5.583581,331116.12
811756.0,21.56,101574.39,109.25,0.472,-2.95,9.438,-0.033,0.005,0.015,-17.902,-2.554,810.395,54.306145,-5.583581,331116.12
812004.0,21.56,101573.98,109.28,0.45,-2.966,9.445,-0.033,0.004,0.014,-18.111,-2.516,810.608,54.306145,-5.583581,331116.12
812253.0,21.56,101574.23,109.26,0.448,-2.954,9.459,-0.031,0.006,0.015,-17.993,-2.54,810.817,54.306145,-5.583581,331116.12
812503.0,21.57,101574.12,109.27,0.472,-2.962,9.45,-0.033,0.005,0.015,-17.952,-2.548,811.027,54.306145,-5.583581,331116.12
812756.0,21.57,101573.88,109.29,0.46,-2.959,9.44,-0.033,0.005,0.014,-17.935,-2.546,811.236,54.306145,-5.583581,331116.12
813005.0,21.57,101574.29,109.26,0.462,-2.976,9.428,-0.033,0.005,0.015,-17.964,-2.532,811.446,54.306145,-5.583581,331116.12
813254.0,21.58,101574.09,109.27,0.445,-2.971,9.459,-0.032,0.006,0.015,-17.923,-2.549,811.653,54.306145,-5.583581,331116.12
813503.0,21.58,101573.45,109.31,0.462,-2.962,9.464,-0.033,0.006,0.015,-17.899,-2.559,811.86,54.306145,-5.583581,331116.12
813757.0,21.58,101573.36,109.33,0.472,-2.954,9.488,-0.033,0.005,0.014,-17.92,-2.555,812.069,54.306145,-5.583581,331116.12
814003.0,21.58,101573.45,109.33,0.472,-2.966,9.436,-0.034,0.005,0.014,-17.969,-2.531,812.275,54.306145,-5.583581,331116.12
814258.0,21.58,101572.8,109.38,0.438,-2.947,9.462,-0.033,0.005,0.014,-17.931,-2.549,812.49,54.306145,-5.583581,331116.12
814508.0,21.58,101572.69,109.39,0.464,-2.95,9.443,-0.033,0.005,0.014,-17.915,-2.553,812.696,54.306145,-5.583581,331116.12
814755.0,21.59,101572.93,109.37,0.474,-2.962,9.462,-0.033,0.005,0.015,-17.927,-2.561,812.899,54.306145,-5.583583,331116.03
815004.0,21.59,101572.69,109.39,0.455,-2.957,9.479,-0.034,0.006,0.015,-17.975,-2.554,813.105,54.306145,-5.583583,331116.03
815254.0,21.59,101572.98,109.38,0.467,-2.962,9.431,-0.033,0.004,0.015,-17.939,-2.56,813.315,54.306145,-5.583583,331116.03
815508.0,21.6,101572.58,109.4,0.453,-2.945,9.416,-0.032,0.005,0.014,-17.927,-2.57,813.525,54.306145,-5.583583,331116.03
815756.0,21.6,101572.23,109.43,0.448,-2.962,9.431,-0.032,0.005,0.014,-17.925,-2.55,813.73,54.306145,-5.583583,331116.03
816007.0,21.6,101571.98,109.45,0.448,-2.964,9.438,-0.033,0.005,0.015,-17.979,-2.527,813.939,54.306145,-5.583583,331116.03
816256.0,21.6,101571.98,109.45,0.431,-2.959,9.467,-0.033,0.005,0.014,-18.181,-2.632,814.144,54.306145,-5.583583,331116.03
816505.0,21.61,101572.28,109.42,0.45,-2.983,9.452,-0.034,0.006,0.015,-18.061,-2.592,814.35,54.306145,-5.583583,331116.03
816759.0,21.61,101572.12,109.44,0.448,-2.959,9.443,-0.033,0.005,0.015,-17.969,-2.557,814.562,54.306145,-5.583583,331116.03
817003.0,21.61,101572.05,109.44,0.453,-2.947,9.445,-0.033,0.006,0.014,-18.017,-2.552,814.767,54.306145,-5.583583,331116.03
817258.0,21.62,101571.36,109.5,0.445,-2.942,9.438,-0.033,0.005,0.014,-17.957,-2.541,814.979,54.306145,-5.583583,331116.03
817507.0,21.62,101571.44,109.49,0.457,-2.962,9.431,-0.034,0.005,0.014,-17.937,-2.525,815.186,54.306145,-5.583583,331116.03
817754.0,21.62,101571.03,109.53,0.462,-2.971,9.443,-0.033,0.005,0.015,-17.921,-2.537,815.392,54.306145,-5.583583,331116.03
818004.0,21.62,101570.77,109.55,0.491,-2.969,9.471,-0.033,0.004,0.014,-17.983,-2.541,815.6,54.306145,-5.583583,331116.03
818254.0,21.63,101570.19,109.6,0.457,-2.945,9.452,-0.033,0.006,0.015,-17.94,-2.553,815.806,54.306145,-5.583583,331116.03
818503.0,21.63,101570.28,109.59,0.457,-2.94,9.452,-0.033,0.005,0.014,-17.919,-2.535,816.011,54.306145,-5.583583,331116.03
818756.0,21.63,101570.66,109.56,0.455,-2.971,9.433,-0.033,0.006,0.015,-17.913,-2.527,816.22,54.306145,-5.583583,331116.03
819003.0,21.64,101571.31,109.5,0.448,-2.969,9.433,-0.033,0.007,0.014,-17.974,-2.518,816.426,54.306145,-5.583583,331116.03
819253.0,21.64,101571.56,109.48,0.45,-2.974,9.45,-0.033,0.005,0.015,-17.944,-2.551,816.634,54.306145,-5.583583,331116.03
819507.0,21.64,101571.29,109.5,0.45,-2.969,9.464,-0.033,0.005,0.015,-17.913,-2.55,816.846,54.306145,-5.583583,331116.03
819755.0,21.65,101571.62,109.48,0.467,-2.959,9.443,-0.033,0.006,0.014,-17.915,-2.547,817.05,54.306145,-5.583583,331116.03
820004.0,21.65,101571.52,109.49,0.453,-2.966,9.45,-0.033,0.005,0.014,-18.054,-2.521,817.255,54.306145,-5.583583,331116.03
820253.0,21.65,101571.84,109.46,0.443,-2.952,9.436,-0.033,0.006,0.015,-17.971,-2.527,817.466,54.306145,-5.583583,331116.03
820508.0,21.66,101571.73,109.47,0.455,-2.962,9.471,-0.033,0.006,0.014,-17.933,-2.525,817.676,54.306145,-5.583583,331116.03
820755.0,21.66,101572.14,109.43,0.45,-2.969,9.44,-0.033,0.006,0.014,-17.912,-2.542,817.879,54.306145,-5.583583,331116.03
821008.0,21.66,101572.06,109.44,0.46,-2.947,9.436,-0.033,0.006,0.015,-18.041,-2.533,818.089,54.306145,-5.583583,331116.03
821257.0,21.66,101571.41,109.5,0.472,-2.962,9.428,-0.033,0.005,0.015,-17.952,-2.547,818.299,54.306145,-5.583583,331116.03
821506.0,21.66,101572.28,109.42,0.453,-2.952,9.459,-0.034,0.005,0.015,-17.922,-2.559,818.508,54.306145,-5.583583,331116.03
821760.0,21.67,101572.61,109.4,0.445,-2.959,9.464,-0.033,0.005,0.014,-17.919,-2.555,818.718,54.306145,-5.583583,331116.03
822003.0,21.67,101572.36,109.42,0.457,-2.974,9.459,-0.033,0.005,0.014,-18.103,-2.588,818.925,54.306145,-5.583583,331116.03
822253.0,21.67,101572.58,109.4,0.462,-2.952,9.445,-0.033,0.005,0.014,-18.079,-2.586,819.133,54.306145,-5.583583,331116.03
822507.0,21.68,101572.67,109.39,0.445,-2.969,9.44,-0.034,0.005,0.014,-17.988,-2.551,819.346,54.306145,-5.583583,331116.03
822755.0,21.68,101572.27,109.42,0.467,-2.962,9.438,-0.033,0.006,0.015,-17.952,-2.553,819.55,54.306145,-5.583583,331116.03
823007.0,21.68,101572.31,109.42,0.462,-2.962,9.448,-0.033,0.005,0.014,-17.977,-2.544,819.763,54.306145,-5.583583,331116.03
823256.0,21.68,101572.56,109.4,0.443,-2.959,9.414,-0.033,0.005,0.015,-17.945,-2.547,819.969,54.306145,-5.583583,331116.03
823505.0,21.69,101572.97,109.37,0.457,-2.954,9.421,-0.032,0.006,0.014,-17.917,-2.554,820.175,54.306145,-5.583583,331116.03
823758.0,21.69,101573.35,109.33,0.457,-2.966,9.455,-0.033,0.005,0.014,-17.909,-2.545,820.385,54.306145,-5.583583,331116.03
824008.0,21.69,101573.59,109.31,0.46,-2.954,9.433,-0.032,0.006,0.014,-17.97,-2.538,820.589,54.306145,-5.583583,331116.03
824257.0,21.69,101573.84,109.29,0.453,-2.959,9.452,-0.032,0.005,0.015,-17.942,-2.568,820.797,54.306145,-5.583583,331116.03
824506.0,21.7,101573.11,109.35,0.455,-2.947,9.445,-0.031,0.005,0.015,-17.933,-2.546,821.002,54.306145,-5.583583,331116.03
824759.0,21.7,101573.82,109.3,0.479,-2.969,9.426,-0.033,0.006,0.014,-17.918,-2.541,821.209,54.306145,-5.583583,331116.03
825006.0,21.7,101573.41,109.33,0.457,-2.99,9.438,-0.032,0.005,0.014,-17.988,-2.539,821.418,54.306145,-5.583583,331116.03
825256.0,21.71,101572.89,109.37,0.469,-2.95,9.448,-0.032,0.006,0.014,-17.938,-2.551,821.628,54.306145,-5.583583,331116.03
825505.0,21.71,101572.08,109.44,0.457,-2.964,9.448,-0.032,0.006,0.015,-17.926,-2.543,821.836,54.306145,-5.583583,331116.03
825758.0,21.71,101572.0,109.45,0.464,-2.974,9.44,-0.033,0.005,0.015,-17.928,-2.55,822.046,54.306145,-5.583583,331116.03
826007.0,21.71,101572.24,109.43,0.469,-2.974,9.464,-0.032,0.005,0.014,-17.99,-2.535,822.253,54.306145,-5.583583,331116.03
826256.0,21.72,101573.03,109.36,0.448,-2.957,9.428,-0.032,0.005,0.015,-17.95,-2.556,822.462,54.306145,-5.583583,331116.03
826506.0,21.72,101572.8,109.38,0.455,-2.942,9.474,-0.033,0.005,0.014,-17.933,-2.558,822.671,54.306145,-5.583583,331116.03
826759.0,21.72,101573.02,109.36,0.476,-2.969,9.431,-0.033,0.005,0.015,-17.938,-2.553,822.879,54.306145,-5.583583,331116.03
827005.0,21.72,101572.6,109.4,0.464,-2.974,9.455,-0.034,0.005,0.014,-17.999,-2.55,823.085,54.306145,-5.583583,331116.03
827254.0,21.73,101572.2,109.43,0.448,-2.957,9.44,-0.032,0.006,0.015,-17.951,-2.538,823.292,54.306145,-5.583583,331116.03
827503.0,21.73,101572.33,109.42,0.45,-2.957,9.433,-0.033,0.006,0.014,-17.932,-2.546,823.499,54.306145,-5.583583,331116.03
827756.0,21.73,101571.77,109.47,0.52,-3.084,9.433,-0.033,0.005,0.015,-18.11,-2.642,823.708,54.306145,-5.583585,331116.0
828008.0,21.74,101571.68,109.47,0.453,-2.966,9.455,-0.033,0.006,0.014,-18.247,-2.619,823.918,54.306145,-5.583585,331116.0
828257.0,21.74,101571.68,109.47,0.462,-2.959,9.448,-0.032,0.005,0.014,-18.053,-2.594,824.126,54.306145,-5.583585,331116.0
828506.0,21.74,101571.9,109.45,0.464,-2.95,9.443,-0.031,0.005,0.015,-17.976,-2.562,824.332,54.306145,-5.583585,331116.0
828759.0,21.74,101571.16,109.52,0.443,-2.945,9.474,-0.032,0.005,0.014,-17.944,-2.552,824.544,54.306145,-5.583585,331116.0
829005.0,21.74,101570.92,109.54,0.448,-2.954,9.443,-0.033,0.005,0.015,-18.068,-2.525,824.754,54.306145,-5.583585,331116.0
829254.0,21.74,101570.31,109.59,0.45,-2.954,9.455,-0.033,0.005,0.015,-17.963,-2.534,824.964,54.306145,-5.583585,331116.0
829503.0,21.74,101570.31,109.59,0.45,-2.947,9.436,-0.033,0.006,0.014,-17.928,-2.539,825.172,54.306145,-5.583585,331116.0
829756.0,21.75,101570.23,109.59,0.464,-2.947,9.421,-0.032,0.005,0.014,-17.913,-2.555,825.381,54.306145,-5.583585,331116.0
830005.0,21.75,101570.0,109.61,0.448,-2.959,9.479,-0.032,0.005,0.014,-17.965,-2.543,825.591,54.306145,-5.583585,331116.0
830255.0,21.75,101569.88,109.62,0.455,-2.954,9.448,-0.031,0.005,0.015,-17.952,-2.563,825.802,54.306145,-5.583585,331116.0
830504.0,21.76,101570.38,109.58,0.436,-2.964,9.448,-0.033,0.006,0.014,-17.944,-2.559,826.009,54.306145,-5.583585,331116.0
830757.0,21.76,101570.62,109.56,0.445,-2.952,9.457,-0.032,0.005,0.014,-17.936,-2.557,826.221,54.306145,-5.583585,331116.0
831006.0,21.76,101571.25,109.51,0.429,-2.964,9.459,-0.034,0.005,0.015,-17.984,-2.55,826.429,54.306145,-5.583585,331116.0
831255.0,21.77,101571.34,109.5,0.455,-2.966,9.455,-0.033,0.006,0.015,-17.949,-2.534,826.637,54.306145,-5.583585,331116.0
831505.0,21.77,101571.5,109.49,0.455,-2.947,9.448,-0.033,0.004,0.014,-17.909,-2.546,826.844,54.306145,-5.583585,331116.0
831758.0,21.77,101572.12,109.44,0.457,-2.959,9.443,-0.033,0.005,0.015,-17.913,-2.557,827.054,54.306145,-5.583585,331116.0
832007.0,21.78,101571.94,109.45,0.455,-2.942,9.455,-0.033,0.005,0.014,-17.952,-2.555,827.266,54.306145,-5.583585,331116.0
832257.0,21.78,101571.94,109.45,0.448,-2.959,9.452,-0.032,0.005,0.014,-17.916,-2.554,827.475,54.306145,-5.583585,331116.0
832506.0,21.78,101572.52,109.4,0.46,-2.971,9.445,-0.032,0.006,0.014,-17.931,-2.56,827.683,54.306145,-5.583585,331116.0
832759.0,21.79,101573.06,109.36,0.469,-2.94,9.448,-0.033,0.006,0.015,-17.917,-2.564,827.892,54.306145,-5.583585,331116.0
833005.0,21.79,101573.8,109.3,0.457,-2.971,9.445,-0.032,0.006,0.015,-17.981,-2.563,828.1,54.306145,-5.583585,331116.0
833254.0,21.79,101574.05,109.28,0.464,-2.95,9.436,-0.033,0.005,0.015,-17.947,-2.549,828.31,54.306145,-5.583585,331116.0
833503.0,21.8,101575.0,109.2,0.52,-3.096,9.45,-0.033,0.006,0.014,-18.015,-2.59,828.513,54.306145,-5.583585,331116.0
833756.0,21.8,101574.34,109.25,0.46,-2.966,9.448,-0.033,0.005,0.014,-18.168,-2.643,828.723,54.306145,-5.583585,331116.0
834006.0,21.8,101575.09,109.19,0.457,-2.988,9.452,-0.033,0.005,0.014,-18.126,-2.589,828.933,54.306145,-5.583585,331116.0
834255.0,21.8,101575.14,109.19,0.445,-2.954,9.445,-0.033,0.005,0.015,-17.996,-2.565,829.138,54.306145,-5.583585,331116.0
834504.0,21.8,101574.48,109.24,0.443,-2.978,9.445,-0.033,0.006,0.014,-17.96,-2.545,829.345,54.306145,-5.583585,331116.0
834758.0,21.8,101574.73,109.22,0.445,-2.945,9.431,-0.034,0.005,0.015,-17.912,-2.548,829.555,54.306145,-5.583585,331116.0
835004.0,21.81,101574.81,109.21,0.441,-2.962,9.44,-0.033,0.005,0.014,-17.999,-2.543,829.764,54.306145,-5.583585,331116.0
835253.0,21.81,101574.7,109.22,0.443,-2.974,9.448,-0.031,0.006,0.015,-17.943,-2.54,829.974,54.306145,-5.583585,331116.0
835503.0,21.81,101574.3,109.26,0.457,-2.957,9.443,-0.033,0.005,0.015,-17.92,-2.543,830.184,54.306145,-5.583585,331116.0
835756.0,21.81,101573.48,109.32,0.448,-2.962,9.438,-0.033,0.006,0.015,-17.917,-2.55,830.395,54.306145,-5.583585,331116.0
836003.0,21.82,101572.83,109.38,0.45,-2.966,9.462,-0.033,0.006,0.014,-18.064,-2.522,830.602,54.306145,-5.583585,331116.0
836258.0,21.82,101572.39,109.41,0.464,-2.964,9.452,-0.033,0.005,0.015,-17.975,-2.539,830.817,54.306145,-5.583585,331116.0
836507.0,21.82,101572.56,109.4,0.462,-2.969,9.436,-0.033,0.005,0.015,-17.942,-2.552,831.028,54.306145,-5.583585,331116.0
836754.0,21.83,101572.69,109.39,0.464,-2.935,9.452,-0.031,0.005,0.016,-17.912,-2.56,831.236,54.306145,-5.583585,331116.0
837007.0,21.83,101572.61,109.4,0.453,-2.959,9.426,-0.033,0.005,0.014,-17.996,-2.541,831.448,54.306145,-5.583585,331116.0
837257.0,21.83,101573.16,109.35,0.462,-2.957,9.44,-0.031,0.005,0.014,-17.952,-2.557,831.657,54.306145,-5.583585,331116.0
837506.0,21.84,101573.33,109.34,0.445,-2.962,9.457,-0.034,0.005,0.014,-17.917,-2.55,831.866,54.306145,-5.583585,331116.0
837759.0,21.84,101573.33,109.34,0.448,-2.954,9.445,-0.033,0.005,0.015,-17.925,-2.544,832.076,54.306145,-5.583586,331115.94
838005.0,21.84,101573.79,109.3,0.462,-2.959,9.438,-0.033,0.005,0.014,-18.083,-2.524,832.284,54.306145,-5.583586,331115.94
838255.0,21.85,101573.05,109.36,0.476,-2.962,9.436,-0.033,0.005,0.014,-17.969,-2.549,832.493,54.306145,-5.583586,331115.94
838504.0,21.85,101572.81,109.38,0.453,-2.971,9.452,-0.033,0.005,0.015,-17.943,-2.555,832.702,54.306145,-5.583586,331115.94
838757.0,21.85,101572.62,109.39,0.476,-2.959,9.455,-0.033,0.005,0.014,-17.939,-2.563,832.912,54.306145,-5.583586,331115.94
839007.0,21.86,101572.38,109.41,0.464,-2.974,9.433,-0.033,0.005,0.014,-17.99,-2.543,833.123,54.306145,-5.583586,331115.94
839257.0,21.86,101572.27,109.42,0.481,-3.045,9.438,-0.032,0.006,0.015,-18.026,-2.586,833.335,54.306145,-5.583586,331115.94
839506.0,21.86,101572.02,109.44,0.46,-2.969,9.459,-0.033,0.005,0.015,-18.134,-2.657,833.545,54.306145,-5.583586,331115.94
839759.0,21.86,101572.1,109.44,0.448,-2.954,9.44,-0.033,0.005,0.013,-18.023,-2.597,833.755,54.306145,-5.583586,331115.94
840006.0,21.87,101572.32,109.42,0.455,-2.969,9.462,-0.033,0.005,0.015,-18.038,-2.548,833.966,54.306145,-5.583586,331115.94
840255.0,21.87,101572.41,109.41,0.457,-2.978,9.457,-0.033,0.006,0.014,-17.962,-2.565,834.176,54.306145,-5.583586,331115.94
840504.0,21.87,101572.08,109.44,0.472,-2.962,9.45,-0.032,0.006,0.014,-17.919,-2.555,834.384,54.306145,-5.583586,331115.94
840757.0,21.87,101572.58,109.4,0.455,-2.971,9.44,-0.032,0.006,0.014,-17.928,-2.564,834.596,54.306145,-5.583586,331115.94
841007.0,21.88,101572.14,109.43,0.46,-2.947,9.414,-0.031,0.005,0.015,-17.988,-2.55,834.805,54.306145,-5.583586,331115.94
841256.0,21.88,101572.8,109.38,0.486,-2.947,9.443,-0.032,0.005,0.015,-17.93,-2.563,835.017,54.306145,-5.583586,331115.94
841505.0,21.89,101573.09,109.36,0.45,-2.959,9.443,-0.033,0.005,0.015,-17.924,-2.554,835.225,54.306145,-5.583586,331115.94
841758.0,21.89,101572.91,109.37,0.443,-2.966,9.436,-0.033,0.005,0.015,-17.928,-2.544,835.438,54.306145,-5.583586,331115.94
842005.0,21.89,101572.98,109.36,0.453,-2.94,9.445,-0.033,0.005,0.015,-17.987,-2.533,835.645,54.306145,-5.583586,331115.94
842254.0,21.9,101573.78,109.3,0.45,-2.95,9.431,-0.033,0.005,0.015,-17.94,-2.546,835.853,54.306145,-5.583586,331115.94
842503.0,21.9,101574.19,109.27,0.453,-2.962,9.433,-0.033,0.006,0.015,-17.933,-2.544,836.061,54.306145,-5.583586,331115.94
842756.0,21.91,101574.69,109.22,0.438,-2.959,9.438,-0.032,0.006,0.015,-17.928,-2.543,836.274,54.306145,-5.583586,331115.94
843006.0,21.91,101574.58,109.23,0.445,-2.94,9.44,-0.032,0.005,0.015,-18.004,-2.532,836.486,54.306145,-5.583586,331115.94
843256.0,21.91,101574.49,109.24,0.46,-2.952,9.44,-0.033,0.005,0.015,-17.963,-2.563,836.694,54.306145,-5.583586,331115.94
843505.0,21.92,101574.8,109.21,0.462,-2.935,9.426,-0.033,0.005,0.015,-17.922,-2.576,836.904,54.306145,-5.583586,331115.94
843758.0,21.92,101574.71,109.22,0.457,-2.952,9.433,-0.032,0.006,0.015,-17.932,-2.578,837.116,54.306145,-5.583586,331115.94
844008.0,21.92,101574.69,109.22,0.472,-2.974,9.424,-0.033,0.005,0.014,-18.11,-2.552,837.329,54.306145,-5.583586,331115.94
844257.0,21.93,101574.28,109.26,0.455,-2.964,9.459,-0.033,0.005,0.015,-17.987,-2.555,837.536,54.306145,-5.583586,331115.94
844506.0,21.93,101575.1,109.19,0.479,-2.935,9.419,-0.033,0.005,0.015,-17.944,-2.557,837.747,54.306145,-5.583586,331115.94
844759.0,21.93,101574.66,109.23,0.45,-2.962,9.45,-0.032,0.005,0.015,-17.929,-2.548,837.957,54.306145,-5.583588,331115.84
845003.0,21.94,101574.75,109.22,0.45,-2.978,9.445,-0.033,0.005,0.014,-18.013,-2.543,838.161,54.306145,-5.583588,331115.84
845258.0,21.94,101574.99,109.2,0.462,-2.974,9.448,-0.033,0.005,0.015,-18.207,-2.643,838.374,54.306145,-5.583588,331115.84
845507.0,21.94,101574.99,109.2,0.462,-2.964,9.428,-0.033,0.005,0.015,-18.078,-2.59,838.582,54.306145,-5.583588,331115.84
845755.0,21.94,101575.21,109.18,0.457,-2.964,9.419,-0.033,0.005,0.014,-17.986,-2.556,838.79,54.306145,-5.583588,331115.84
846005.0,21.94,101574.8,109.21,0.472,-2.969,9.464,-0.032,0.005,0.014,-18.114,-2.516,839.0,54.306145,-5.583588,331115.84
846254.0,21.95,101574.4,109.25,0.462,-2.954,9.448,-0.033,0.004,0.014,-18.008,-2.54,839.207,54.306145,-5.583588,331115.84
846504.0,21.95,101574.06,109.28,0.433,-2.945,9.443,-0.033,0.005,0.014,-17.954,-2.536,839.413,54.306145,-5.583588,331115.84
846757.0,21.95,101573.95,109.28,0.481,-2.923,9.45,-0.032,0.006,0.015,-17.917,-2.564,839.626,54.306145,-5.583588,331115.84
847007.0,21.95,101573.71,109.3,0.453,-2.957,9.459,-0.033,0.005,0.014,-17.979,-2.555,839.837,54.306145,-5.583588,331115.84
847256.0,21.95,101573.22,109.35,0.467,-2.962,9.45,-0.033,0.005,0.015,-17.921,-2.549,840.045,54.306145,-5.583588,331115.84
847505.0,21.95,101573.3,109.34,0.462,-2.954,9.426,-0.033,0.005,0.014,-17.913,-2.535,840.256,54.306145,-5.583588,331115.84
847758.0,21.96,101573.52,109.32,0.445,-2.962,9.464,-0.032,0.005,0.015,-17.899,-2.545,840.469,54.306145,-5.583588,331115.84
848006.0,21.96,101573.85,109.29,0.448,-2.964,9.45,-0.033,0.004,0.015,-17.978,-2.531,840.677,54.306145,-5.583588,331115.84
848255.0,21.96,101574.27,109.26,0.46,-2.954,9.464,-0.033,0.005,0.015,-17.94,-2.538,840.885,54.306145,-5.583588,331115.84
848504.0,21.97,101574.31,109.25,0.457,-2.964,9.404,-0.033,0.006,0.014,-17.935,-2.554,841.093,54.306145,-5.583588,331115.84
848757.0,21.97,101574.48,109.24,0.464,-2.959,9.431,-0.031,0.005,0.015,-17.92,-2.569,841.306,54.306145,-5.583588,331115.84
849006.0,21.97,101574.54,109.24,0.448,-2.974,9.438,-0.033,0.005,0.015,-17.998,-2.545,841.52,54.306145,-5.583588,331115.84
849256.0,21.98,101574.95,109.2,0.462,-2.954,9.419,-0.032,0.005,0.015,-17.962,-2.555,841.731,54.306145,-5.583588,331115.84
849505.0,21.98,101574.7,109.22,0.448,-2.964,9.443,-0.033,0.005,0.015,-17.95,-2.548,841.94,54.306145,-5.583588,331115.84
849758.0,21.98,101573.94,109.29,0.433,-2.978,9.428,-0.032,0.005,0.015,-17.939,-2.558,842.154,54.306145,-5.583588,331115.84
850003.0,21.98,101573.53,109.32,0.438,-2.954,9.462,-0.032,0.005,0.015,-18.003,-2.541,842.364,54.306145,-5.583588,331115.84
850258.0,21.98,101572.88,109.37,0.462,-2.942,9.407,-0.032,0.006,0.016,-17.942,-2.55,842.581,54.306145,-5.583588,331115.84
850508.0,21.99,101572.63,109.39,0.45,-2.962,9.443,-0.033,0.005,0.015,-17.931,-2.548,842.788,54.306145,-5.583588,331115.84
850755.0,21.99,101572.8,109.38,0.445,-2.957,9.433,-0.033,0.005,0.014,-17.93,-2.533,842.994,54.306145,-5.583588,331115.84
851004.0,21.99,101573.27,109.34,0.476,-2.988,9.45,-0.032,0.005,0.015,-18.133,-2.578,843.206,54.306145,-5.583588,331115.84
851253.0,22.0,101574.57,109.23,0.45,-2.978,9.452,-0.033,0.005,0.014,-18.107,-2.593,843.415,54.306145,-5.583588,331115.84
851508.0,22.0,101574.79,109.22,0.462,-2.966,9.448,-0.032,0.005,0.015,-17.98,-2.556,843.628,54.306145,-5.583588,331115.84
851756.0,22.0,101574.38,109.25,0.455,-2.971,9.433,-0.031,0.006,0.015,-17.948,-2.535,843.834,54.306145,-5.583588,331115.84
852005.0,22.01,101574.19,109.27,0.445,-2.964,9.462,-0.032,0.005,0.015,-18.101,-2.506,844.047,54.306145,-5.583588,331115.84
852254.0,22.01,101573.95,109.28,0.467,-2.952,9.452,-0.033,0.006,0.015,-17.993,-2.543,844.255,54.306145,-5.583588,331115.84
852503.0,22.01,101573.62,109.31,0.453,-2.971,9.443,-0.032,0.005,0.014,-17.966,-2.534,844.463,54.306145,-5.583588,331115.84
852757.0,22.01,101573.86,109.29,0.445,-2.957,9.459,-0.033,0.005,0.015,-17.935,-2.546,844.674,54.306145,-5.583588,331115.84
853004.0,22.01,101574.24,109.26,0.453,-2.962,9.44,-0.033,0.006,0.014,-18.017,-2.546,844.883,54.306145,-5.583588,331115.84
853253.0,22.02,101574.82,109.21,0.457,-2.966,9.431,-0.033,0.006,0.015,-17.973,-2.552,845.091,54.306145,-5.583588,331115.84
853508.0,22.02,101575.23,109.18,0.457,-2.964,9.445,-0.033,0.005,0.015,-17.945,-2.564,845.301,54.306145,-5.583588,331115.84
853756.0,22.02,101574.91,109.21,0.455,-2.974,9.421,-0.033,0.005,0.015,-17.939,-2.56,845.506,54.306145,-5.583588,331115.84
854005.0,22.02,101574.98,109.2,0.469,-2.971,9.462,-0.033,0.005,0.015,-18.022,-2.537,845.72,54.306145,-5.583588,331115.84
854255.0,22.02,101574.88,109.21,0.448,-2.962,9.448,-0.033,0.005,0.014,-17.955,-2.545,845.933,54.306145,-5.583588,331115.84
854504.0,22.03,101574.8,109.21,0.467,-2.962,9.438,-0.031,0.006,0.014,-17.936,-2.565,846.144,54.306145,-5.583588,331115.84
854757.0,22.03,101574.14,109.27,0.453,-2.962,9.474,-0.033,0.005,0.014,-17.93,-2.55,846.355,54.306145,-5.583588,331115.84
855014.0,22.03,101574.55,109.23,0.457,-2.945,9.45,-0.033,0.006,0.013,-18.088,-2.518,846.564,54.306145,-5.583588,331115.84
855258.0,22.03,101574.55,109.23,0.45,-2.942,9.457,-0.033,0.006,0.015,-17.978,-2.541,846.767,54.306145,-5.583588,331115.84
855507.0,22.03,101574.88,109.21,0.464,-2.976,9.438,-0.032,0.005,0.015,-17.931,-2.553,846.975,54.306145,-5.583588,331115.84
855755.0,22.03,101574.94,109.2,0.462,-2.988,9.464,-0.032,0.005,0.014,-17.92,-2.566,847.183,54.306145,-5.583588,331115.84
856006.0,22.03,101574.44,109.24,0.46,-2.957,9.452,-0.033,0.005,0.014,-17.974,-2.546,847.399,54.306145,-5.583588,331115.84
856256.0,22.04,101574.94,109.2,0.469,-2.957,9.462,-0.032,0.005,0.015,-17.924,-2.56,847.61,54.306145,-5.583588,331115.84
856505.0,22.04,101574.58,109.23,0.45,-2.95,9.438,-0.033,0.006,0.014,-17.912,-2.56,847.819,54.306145,-5.583588,331115.84
856758.0,22.04,101574.22,109.26,0.505,-3.11,9.443,-0.032,0.006,0.014,-18.108,-2.621,848.029,54.306145,-5.583588,331115.84
857006.0,22.05,101574.31,109.25,0.45,-2.969,9.443,-0.032,0.005,0.015,-18.182,-2.609,848.237,54.306145,-5.583588,331115.84
857255.0,22.05,101574.23,109.26,0.46,-2.962,9.44,-0.033,0.005,0.014,-18.049,-2.576,848.446,54.306145,-5.583588,331115.84
857504.0,22.05,101574.31,109.25,0.467,-2.947,9.445,-0.032,0.005,0.015,-17.965,-2.566,848.655,54.306145,-5.583588,331115.84
857757.0,22.05,101574.2,109.26,0.443,-2.959,9.436,-0.033,0.005,0.014,-17.944,-2.549,848.868,54.306145,-5.583588,331115.84
858008.0,22.06,101573.62,109.31,0.441,-2.969,9.433,-0.033,0.005,0.015,-18.0,-2.538,849.078,54.306145,-5.583588,331115.84
858257.0,22.06,101573.88,109.29,0.457,-2.959,9.445,-0.033,0.005,0.015,-17.949,-2.563,849.288,54.306145,-5.583588,331115.84
858507.0,22.06,101574.2,109.25,0.464,-2.954,9.457,-0.032,0.005,0.014,-17.923,-2.571,849.498,54.306145,-5.583588,331115.84
858760.0,22.06,101574.53,109.24,0.457,-2.971,9.455,-0.033,0.005,0.015,-17.924,-2.561,849.712,54.306145,-5.583588,331115.84
859007.0,22.06,101574.7,109.22,0.464,-2.964,9.436,-0.032,0.006,0.015,-18.004,-2.562,849.922,54.306145,-5.583588,331115.84
859256.0,22.06,101574.91,109.2,0.45,-2.947,9.462,-0.032,0.005,0.015,-17.945,-2.555,850.131,54.306145,-5.583588,331115.84
859505.0,22.06,101574.25,109.26,0.445,-2.954,9.436,-0.033,0.006,0.015,-17.928,-2.551,850.341,54.306145,-5.583588,331115.84
859758.0,22.07,101574.59,109.23,0.457,-2.933,9.455,-0.034,0.005,0.015,-17.924,-2.57,850.553,54.306145,-5.58359,331115.78
860021.0,22.07,101574.64,109.23,0.45,-2.952,9.45,-0.033,0.005,0.015,-18.072,-2.54,850.775,54.306145,-5.58359,331115.78
860253.0,22.07,101574.4,109.25,0.469,-2.964,9.455,-0.032,0.006,0.014,-17.985,-2.546,850.972,54.306145,-5.58359,331115.78
860508.0,22.07,101574.65,109.23,0.455,-2.957,9.426,-0.033,0.004,0.014,-17.956,-2.553,851.187,54.306145,-5.58359,331115.78
860755.0,22.08,101575.06,109.19,0.455,-2.952,9.428,-0.032,0.005,0.014,-17.946,-2.561,851.395,54.306145,-5.58359,331115.78
861006.0,22.08,101575.52,109.16,0.457,-2.947,9.419,-0.033,0.005,0.014,-18.028,-2.547,851.604,54.306145,-5.58359,331115.78
861255.0,22.08,101575.11,109.19,0.441,-2.954,9.416,-0.032,0.005,0.014,-17.951,-2.552,851.815,54.306145,-5.58359,331115.78
861505.0,22.09,101574.84,109.21,0.448,-2.971,9.433,-0.033,0.005,0.014,-17.927,-2.551,852.026,54.306145,-5.58359,331115.78
861758.0,22.09,101574.02,109.28,0.45,-2.954,9.445,-0.033,0.004,0.014,-17.913,-2.559,852.237,54.306145,-5.58359,331115.78
862007.0,22.09,101574.52,109.24,0.457,-2.966,9.443,-0.032,0.005,0.015,-18.008,-2.534,852.447,54.306145,-5.58359,331115.78
862256.0,22.09,101573.86,109.29,0.469,-2.95,9.45,-0.032,0.005,0.015,-17.961,-2.551,852.658,54.306145,-5.58359,331115.78
862505.0,22.09,101573.91,109.29,0.503,-3.084,9.457,-0.032,0.005,0.014,-18.016,-2.592,852.867,54.306145,-5.58359,331115.78
862759.0,22.1,101574.32,109.25,0.453,-2.952,9.433,-0.032,0.005,0.015,-18.157,-2.646,853.08,54.306145,-5.58359,331115.78
863031.0,22.1,101574.23,109.26,0.457,-2.966,9.416,-0.033,0.005,0.015,-18.217,-2.576,853.313,54.306145,-5.58359,331115.78
863258.0,22.1,101574.78,109.22,0.46,-2.957,9.438,-0.033,0.004,0.015,-18.062,-2.563,853.502,54.306145,-5.58359,331115.78
863507.0,22.1,101575.03,109.19,0.443,-2.945,9.443,-0.033,0.005,0.015,-17.984,-2.559,853.713,54.306145,-5.58359,331115.78
863760.0,22.11,101575.11,109.19,0.474,-2.954,9.426,-0.032,0.005,0.014,-17.942,-2.566,853.925,54.306145,-5.58359,331115.78
864004.0,22.11,101575.25,109.18,0.476,-2.966,9.44,-0.032,0.006,0.015,-17.995,-2.553,854.132,54.306145,-5.58359,331115.78
864254.0,22.11,101575.0,109.2,0.464,-2.971,9.438,-0.032,0.005,0.014,-17.949,-2.569,854.343,54.306145,-5.58359,331115.78
864508.0,22.12,101574.77,109.22,0.448,-2.971,9.431,-0.033,0.005,0.015,-17.93,-2.569,854.554,54.306145,-5.58359,331115.78
864756.0,22.12,101574.27,109.26,0.443,-2.974,9.428,-0.033,0.005,0.014,-17.918,-2.566,854.761,54.306145,-5.58359,331115.78
865507.0,22.13,101574.22,109.26,0.462,-2.959,9.433,-0.033,0.006,0.015,-17.922,-2.57,855.388,54.306145,-5.58359,331115.78
865755.0,22.13,101573.81,109.3,0.457,-2.969,9.421,-0.033,0.006,0.015,-17.918,-2.566,855.597,54.306145,-5.58359,331115.78
866003.0,22.13,101573.73,109.3,0.448,-2.959,9.431,-0.033,0.005,0.016,-17.986,-2.541,855.806,54.306145,-5.58359,331115.78
866258.0,22.13,101574.14,109.27,0.448,-2.966,9.428,-0.033,0.006,0.015,-17.952,-2.539,856.021,54.306145,-5.58359,331115.78
866507.0,22.14,101574.19,109.27,0.474,-2.94,9.455,-0.033,0.004,0.015,-17.918,-2.546,856.23,54.306145,-5.58359,331115.78
866754.0,22.14,101574.93,109.2,0.455,-2.945,9.436,-0.031,0.005,0.014,-17.93,-2.553,856.436,54.306145,-5.58359,331115.78
867007.0,22.14,101575.18,109.18,0.479,-2.957,9.464,-0.033,0.005,0.015,-18.008,-2.556,856.65,54.306145,-5.58359,331115.78
867256.0,22.14,101574.52,109.24,0.457,-2.947,9.438,-0.033,0.005,0.015,-17.937,-2.559,856.858,54.306145,-5.58359,331115.78
867505.0,22.14,101574.91,109.21,0.457,-2.945,9.459,-0.033,0.005,0.014,-17.916,-2.557,857.067,54.306145,-5.58359,331115.78
867758.0,22.14,101574.91,109.21,0.45,-2.964,9.438,-0.033,0.006,0.014,-17.932,-2.557,857.278,54.306145,-5.58359,331115.78
868045.0,22.15,101575.16,109.18,0.455,-2.952,9.436,-0.033,0.006,0.015,-18.095,-2.517,857.522,54.306145,-5.58359,331115.78
868255.0,22.15,101575.73,109.14,0.484,-3.077,9.45,-0.033,0.005,0.014,-18.094,-2.581,857.698,54.306145,-5.58359,331115.78
868504.0,22.15,101575.45,109.16,0.464,-2.971,9.438,-0.032,0.005,0.015,-18.157,-2.659,857.907,54.306145,-5.58359,331115.78
868758.0,22.16,101575.3,109.17,0.457,-2.964,9.455,-0.033,0.005,0.015,-18.034,-2.594,858.117,54.306145,-5.58359,331115.78
869013.0,22.16,101575.3,109.17,0.46,-2.974,9.44,-0.031,0.006,0.015,-18.055,-2.548,858.335,54.306145,-5.58359,331115.78
869257.0,22.16,101575.5,109.16,0.46,-2.969,9.428,-0.033,0.005,0.015,-17.989,-2.574,858.538,54.306145,-5.58359,331115.78
869506.0,22.16,101575.26,109.18,0.46,-2.962,9.426,-0.032,0.005,0.015,-17.96,-2.569,858.746,54.306145,-5.58359,331115.78
869759.0,22.16,101574.85,109.21,0.46,-2.964,9.438,-0.033,0.005,0.015,-17.932,-2.569,858.96,54.306145,-5.58359,331115.78
870017.0,22.16,101574.69,109.22,0.453,-2.952,9.426,-0.032,0.005,0.015,-18.022,-2.547,859.181,54.306145,-5.58359,331115.78
870255.0,22.17,101574.5,109.24,0.476,-2.974,9.455,-0.032,0.005,0.015,-17.967,-2.536,859.38,54.306145,-5.58359,331115.78
870504.0,22.17,101574.09,109.27,0.445,-2.947,9.44,-0.032,0.005,0.015,-17.945,-2.525,859.588,54.306145,-5.58359,331115.78
870757.0,22.17,101574.01,109.28,0.457,-2.976,9.424,-0.033,0.006,0.014,-17.942,-2.552,859.799,54.306145,-5.58359,331115.78
871024.0,22.18,101573.73,109.3,0.46,-2.945,9.45,-0.033,0.005,0.015,-18.039,-2.541,860.028,54.306145,-5.58359,331115.78
871256.0,22.18,101574.23,109.26,0.455,-2.969,9.452,-0.032,0.005,0.014,-17.966,-2.554,860.224,54.306145,-5.58359,331115.78
871506.0,22.18,101573.25,109.34,0.453,-2.969,9.455,-0.033,0.005,0.014,-17.935,-2.554,860.434,54.306145,-5.58359,331115.78
871759.0,22.18,101573.46,109.32,0.45,-2.971,9.433,-0.033,0.006,0.015,-17.919,-2.544,860.645,54.306145,-5.58359,331115.78
872062.0,22.18,101572.97,109.37,0.448,-2.971,9.455,-0.032,0.006,0.014,-18.095,-2.522,860.902,54.306145,-5.58359,331115.78
872255.0,22.19,101572.89,109.37,0.455,-2.974,9.438,-0.032,0.006,0.014,-18.012,-2.541,861.066,54.306145,-5.58359,331115.78
872504.0,22.19,101571.75,109.47,0.469,-2.964,9.44,-0.033,0.005,0.015,-17.962,-2.533,861.276,54.306145,-5.58359,331115.78
872757.0,22.19,101571.34,109.5,0.445,-2.966,9.455,-0.033,0.004,0.015,-17.941,-2.558,861.49,54.306145,-5.58359,331115.78
873013.0,22.19,101571.39,109.5,0.441,-2.954,9.44,-0.032,0.005,0.015,-17.984,-2.554,861.707,54.306145,-5.58359,331115.78
873257.0,22.19,101570.98,109.53,0.462,-2.947,9.462,-0.032,0.004,0.015,-17.94,-2.565,861.915,54.306145,-5.58359,331115.78
873506.0,22.2,101570.73,109.55,0.46,-2.976,9.457,-0.031,0.006,0.014,-17.923,-2.577,862.125,54.306145,-5.58359,331115.78
873759.0,22.2,101570.98,109.53,0.45,-2.969,9.431,-0.031,0.005,0.015,-17.929,-2.571,862.337,54.306145,-5.58359,331115.78
874018.0,22.2,101571.03,109.53,0.464,-2.983,9.44,-0.031,0.005,0.014,-18.009,-2.549,862.557,54.306145,-5.58359,331115.78
874256.0,22.2,101570.8,109.55,0.462,-2.966,9.436,-0.032,0.004,0.014,-18.272,-2.651,862.757,54.306145,-5.58359,331115.78
874505.0,22.21,101570.05,109.61,0.455,-2.957,9.431,-0.033,0.005,0.015,-18.095,-2.617,862.97,54.306145,-5.58359,331115.78
874758.0,22.21,101569.78,109.63,0.457,-2.952,9.448,-0.032,0.006,0.015,-17.991,-2.588,863.184,54.306145,-5.58359,331115.78
875025.0,22.21,101569.78,109.63,0.438,-2.938,9.426,-0.032,0.006,0.014,-18.026,-2.55,863.408,54.306145,-5.58359,331115.78
875257.0,22.22,101570.0,109.61,0.467,-2.981,9.44,-0.033,0.005,0.015,-17.971,-2.567,863.604,54.306145,-5.58359,331115.78
875506.0,22.22,101569.83,109.63,0.462,-2.957,9.443,-0.032,0.006,0.015,-17.946,-2.544,863.815,54.306145,-5.58359,331115.78
875760.0,22.22,101569.76,109.63,0.445,-2.954,9.431,-0.033,0.005,0.014,-17.931,-2.553,864.028,54.306145,-5.583591,331115.72
876067.0,22.22,101569.77,109.63,0.453,-2.962,9.424,-0.032,0.005,0.015,-18.075,-2.534,864.292,54.306145,-5.583591,331115.72
876254.0,22.23,101569.48,109.65,0.462,-2.964,9.433,-0.032,0.005,0.014,-18.002,-2.546,864.449,54.306145,-5.583591,331115.72
876503.0,22.23,101568.66,109.72,0.455,-2.983,9.421,-0.032,0.005,0.015,-17.95,-2.527,864.659,54.306145,-5.583591,331115.72
876756.0,22.23,101568.01,109.78,0.467,-2.952,9.428,-0.032,0.006,0.014,-17.942,-2.549,864.871,54.306145,-5.58359,331115.78
877034.0,22.23,101569.32,109.67,0.46,-2.94,9.455,-0.032,0.006,0.014,-18.0,-2.521,865.105,54.306145,-5.58359,331115.78
877255.0,22.23,101570.36,109.58,0.443,-2.962,9.459,-0.032,0.005,0.015,-17.957,-2.547,865.291,54.306145,-5.58359,331115.78
877505.0,22.23,101569.54,109.65,0.45,-2.957,9.436,-0.032,0.005,0.015,-17.937,-2.547,865.502,54.306145,-5.58359,331115.78
877758.0,22.24,101569.45,109.66,0.467,-2.952,9.44,-0.032,0.004,0.014,-17.935,-2.559,865.713,54.306145,-5.583591,331115.72
878037.0,22.24,101569.05,109.69,0.455,-2.978,9.431,-0.032,0.005,0.014,-18.014,-2.555,865.949,54.306145,-5.583591,331115.72
878258.0,22.24,101569.02,109.69,0.469,-2.976,9.433,-0.032,0.005,0.015,-17.959,-2.554,866.135,54.306145,-5.583591,331115.72
878507.0,22.24,101568.37,109.75,0.453,-2.962,9.431,-0.033,0.005,0.015,-17.943,-2.547,866.344,54.306145,-5.583591,331115.72
878754.0,22.25,101568.5,109.74,0.443,-2.976,9.426,-0.032,0.005,0.014,-17.942,-2.553,866.554,54.306145,-5.583591,331115.72
879042.0,22.25,101568.42,109.74,0.448,-2.938,9.436,-0.033,0.006,0.015,-18.023,-2.526,866.797,54.306145,-5.583591,331115.72
879258.0,22.26,101568.59,109.73,0.448,-2.95,9.443,-0.033,0.006,0.015,-17.959,-2.547,866.979,54.306145,-5.583591,331115.72
879507.0,22.26,101569.0,109.69,0.45,-2.957,9.45,-0.033,0.005,0.014,-17.957,-2.549,867.189,54.306145,-5.583591,331115.72
879754.0,22.26,101569.25,109.67,0.46,-2.952,9.419,-0.032,0.005,0.014,-17.934,-2.553,867.398,54.306145,-5.583591,331115.72
880080.0,22.26,101569.5,109.65,0.498,-3.062,9.443,-0.032,0.006,0.014,-18.236,-2.586,867.672,54.306145,-5.583591,331115.72
880256.0,22.27,101569.88,109.62,0.464,-2.935,9.431,-0.033,0.004,0.015,-18.092,-2.594,867.818,54.306145,-5.583591,331115.72
880506.0,22.27,101569.47,109.66,0.453,-2.952,9.443,-0.032,0.004,0.015,-17.971,-2.56,868.03,54.306145,-5.583591,331115.72
880759.0,22.27,101569.55,109.65,0.474,-2.974,9.443,-0.032,0.005,0.015,-17.937,-2.573,868.242,54.306145,-5.583591,331115.72
881032.0,22.27,101569.61,109.64,0.467,-2.978,9.455,-0.032,0.005,0.015,-17.984,-2.546,868.474,54.306145,-5.583591,331115.72
881253.0,22.28,101569.84,109.62,0.457,-2.95,9.452,-0.033,0.005,0.015,-17.948,-2.548,868.661,54.306145,-5.583591,331115.72
881508.0,22.28,101570.09,109.6,0.448,-2.952,9.443,-0.033,0.005,0.015,-17.91,-2.556,868.877,54.306145,-5.583591,331115.72
881755.0,22.28,101570.31,109.59,0.457,-2.964,9.419,-0.033,0.005,0.015,-17.918,-2.554,869.086,54.306145,-5.583591,331115.72
882037.0,22.28,101570.4,109.58,0.457,-2.947,9.45,-0.033,0.005,0.015,-18.0,-2.538,869.328,54.306145,-5.583591,331115.72
882258.0,22.28,101570.23,109.59,0.46,-2.962,9.438,-0.033,0.005,0.015,-17.963,-2.544,869.513,54.306145,-5.583591,331115.72
882507.0,22.28,101570.4,109.58,0.445,-2.964,9.443,-0.033,0.005,0.015,-17.947,-2.545,869.724,54.306145,-5.583591,331115.72
882755.0,22.29,101570.89,109.54,0.457,-2.959,9.452,-0.032,0.004,0.015,-17.933,-2.551,869.933,54.306145,-5.583591,331115.72
883039.0,22.29,101570.94,109.53,0.457,-2.971,9.426,-0.032,0.005,0.015,-18.024,-2.535,870.175,54.306145,-5.583591,331115.72
883255.0,22.29,101571.03,109.53,0.457,-2.954,9.421,-0.033,0.005,0.015,-17.971,-2.552,870.354,54.306145,-5.583591,331115.72
883504.0,22.3,101570.78,109.55,0.464,-2.962,9.433,-0.033,0.004,0.014,-17.939,-2.566,870.564,54.306145,-5.583591,331115.72
883757.0,22.3,101570.62,109.56,0.455,-2.962,9.452,-0.032,0.005,0.016,-17.922,-2.554,870.777,54.306145,-5.583591,331115.72
884080.0,22.3,101570.18,109.58,0.453,-2.959,9.412,-0.032,0.006,0.014,-18.077,-2.532,871.051,54.306145,-5.583591,331115.72
884256.0,22.3,101570.59,109.56,0.455,-2.947,9.445,-0.032,0.005,0.014,-17.999,-2.538,871.202,54.306145,-5.583591,331115.72
884505.0,22.3,101571.08,109.52,0.469,-2.962,9.459,-0.032,0.006,0.014,-17.944,-2.549,871.412,54.306145,-5.583591,331115.72
884758.0,22.3,101570.75,109.55,0.448,-2.954,9.445,-0.033,0.006,0.015,-17.958,-2.561,871.628,54.306145,-5.583591,331115.72
885046.0,22.3,101570.67,109.56,0.467,-2.957,9.436,-0.033,0.005,0.015,-18.031,-2.545,871.872,54.306145,-5.583591,331115.72
885255.0,22.31,101570.23,109.59,0.443,-2.966,9.431,-0.032,0.005,0.015,-17.97,-2.55,872.048,54.306145,-5.583591,331115.72
885505.0,22.31,101570.4,109.58,0.462,-2.952,9.421,-0.033,0.005,0.015,-17.944,-2.541,872.26,54.306145,-5.583591,331115.72
885758.0,22.31,101570.64,109.56,0.52,-3.122,9.443,-0.031,0.006,0.014,-18.117,-2.626,872.472,54.306145,-5.583591,331115.72
886048.0,22.31,101571.3,109.5,0.457,-2.966,9.452,-0.033,0.005,0.014,-18.214,-2.63,872.715,54.306145,-5.583591,331115.72
886258.0,22.31,101571.14,109.52,0.45,-2.969,9.448,-0.032,0.004,0.015,-18.057,-2.592,872.891,54.306145,-5.583591,331115.72
886507.0,22.32,101570.53,109.57,0.438,-2.966,9.436,-0.031,0.005,0.014,-17.975,-2.57,873.098,54.306145,-5.583591,331115.72
886755.0,22.32,101570.38,109.58,0.464,-2.954,9.416,-0.033,0.006,0.015,-17.965,-2.566,873.304,54.306145,-5.583593,331115.66
887053.0,22.32,101570.3,109.59,0.462,-2.978,9.455,-0.031,0.005,0.015,-18.043,-2.546,873.557,54.306145,-5.583593,331115.66
887258.0,22.32,101570.7,109.55,0.45,-2.959,9.421,-0.032,0.006,0.015,-17.998,-2.551,873.732,54.306145,-5.583593,331115.66
887507.0,22.32,101570.76,109.55,0.457,-2.952,9.445,-0.032,0.005,0.014,-17.962,-2.542,873.942,54.306145,-5.583593,331115.66
887760.0,22.33,101570.77,109.55,0.46,-2.954,9.433,-0.033,0.005,0.014,-17.958,-2.558,874.155,54.306145,-5.583593,331115.66
888061.0,22.33,101570.48,109.57,0.455,-2.954,9.445,-0.033,0.006,0.014,-18.036,-2.538,874.411,54.306145,-5.583593,331115.66
888254.0,22.33,101570.08,109.6,0.464,-2.95,9.416,-0.031,0.005,0.014,-17.976,-2.559,874.575,54.306145,-5.583593,331115.66
888503.0,22.33,101570.24,109.59,0.472,-2.978,9.436,-0.032,0.006,0.015,-17.942,-2.567,874.786,54.306145,-5.583593,331115.66
888756.0,22.34,101570.81,109.54,0.467,-2.954,9.419,-0.032,0.006,0.014,-17.937,-2.557,875.001,54.306145,-5.583593,331115.66
889100.0,22.34,101570.7,109.55,0.448,-2.959,9.404,-0.032,0.006,0.015,-18.083,-2.517,875.294,54.306145,-5.583593,331115.66
889253.0,22.34,101570.95,109.53,0.45,-2.976,9.459,-0.032,0.005,0.015,-18.017,-2.544,875.425,54.306145,-5.583593,331115.66
889508.0,22.34,101571.03,109.53,0.479,-2.954,9.462,-0.032,0.006,0.015,-17.969,-2.549,875.641,54.306145,-5.583593,331115.66
889756.0,22.34,101570.88,109.54,0.436,-2.969,9.416,-0.032,0.005,0.015,-17.932,-2.557,875.851,54.306145,-5.583593,331115.66
890005.0,22.35,101570.95,109.53,0.46,-2.983,9.428,-0.032,0.005,0.015,-17.926,-2.544,876.067,54.306145,-5.583593,331115.66
890257.0,22.35,101570.79,109.55,0.476,-2.95,9.431,-0.032,0.005,0.014,-17.958,-2.547,876.279,54.306145,-5.583593,331115.66
890506.0,22.35,101570.79,109.55,0.45,-2.954,9.457,-0.031,0.005,0.015,-17.936,-2.552,876.492,54.306145,-5.583593,331115.66
890759.0,22.35,101570.34,109.58,0.481,-2.94,9.443,-0.032,0.004,0.015,-17.926,-2.561,876.704,54.306145,-5.583593,331115.66
891008.0,22.35,101570.77,109.55,0.464,-2.971,9.445,-0.032,0.006,0.014,-17.917,-2.561,876.916,54.306145,-5.583593,331115.66
891257.0,22.35,101571.17,109.51,0.438,-2.95,9.443,-0.032,0.005,0.016,-17.948,-2.563,877.126,54.306145,-5.583593,331115.66
891507.0,22.36,101571.39,109.5,0.505,-3.105,9.457,-0.033,0.005,0.014,-18.037,-2.595,877.337,54.306145,-5.583593,331115.66
891754.0,22.36,101571.47,109.49,0.448,-2.957,9.438,-0.033,0.005,0.014,-18.177,-2.643,877.546,54.306145,-5.583593,331115.66
892003.0,22.36,101571.22,109.51,0.46,-2.959,9.481,-0.033,0.006,0.015,-18.028,-2.599,877.759,54.306145,-5.583593,331115.66
892258.0,22.37,101571.36,109.5,0.46,-2.964,9.431,-0.032,0.006,0.015,-18.071,-2.554,877.981,54.306145,-5.583593,331115.66
892507.0,22.37,101571.12,109.52,0.46,-2.942,9.428,-0.032,0.006,0.015,-17.977,-2.545,878.188,54.306145,-5.583593,331115.66
892755.0,22.37,101571.2,109.51,0.445,-2.964,9.436,-0.032,0.006,0.015,-17.941,-2.552,878.394,54.306145,-5.583593,331115.66
893004.0,22.37,101571.25,109.51,0.46,-2.969,9.448,-0.031,0.006,0.015,-17.932,-2.555,878.606,54.306145,-5.583593,331115.66
893254.0,22.38,101572.16,109.43,0.467,-2.964,9.438,-0.032,0.005,0.015,-17.979,-2.558,878.815,54.306145,-5.583593,331115.66
893503.0,22.38,101572.56,109.4,0.464,-2.969,9.44,-0.033,0.005,0.014,-17.964,-2.567,879.026,54.306145,-5.583593,331115.66
893756.0,22.38,101572.56,109.4,0.455,-2.952,9.419,-0.033,0.006,0.015,-17.929,-2.548,879.236,54.306145,-5.583593,331115.66
894005.0,22.38,101572.45,109.41,0.438,-2.954,9.431,-0.033,0.006,0.016,-17.939,-2.547,879.448,54.306145,-5.583593,331115.66
894255.0,22.38,101572.05,109.44,0.45,-2.954,9.428,-0.032,0.006,0.015,-17.98,-2.54,879.656,54.306145,-5.583593,331115.66
894505.0,22.38,101570.91,109.54,0.467,-2.947,9.45,-0.032,0.005,0.015,-17.933,-2.546,879.866,54.306145,-5.583593,331115.66
894758.0,22.38,101569.75,109.63,0.462,-2.954,9.445,-0.033,0.005,0.015,-17.922,-2.553,880.078,54.306145,-5.583593,331115.66
895007.0,22.38,101568.94,109.7,0.453,-2.966,9.431,-0.032,0.005,0.014,-17.923,-2.557,880.29,54.306145,-5.583593,331115.66
895255.0,22.38,101568.69,109.72,0.457,-2.974,9.462,-0.032,0.005,0.014,-17.978,-2.555,880.499,54.306145,-5.583593,331115.66
895504.0,22.38,101568.69,109.72,0.455,-2.969,9.436,-0.032,0.006,0.015,-17.942,-2.556,880.71,54.306145,-5.583593,331115.66
895757.0,22.39,101568.41,109.74,0.479,-2.945,9.445,-0.032,0.005,0.015,-17.937,-2.572,880.925,54.306145,-5.583593,331115.66
896006.0,22.39,101567.67,109.8,0.453,-2.952,9.428,-0.031,0.004,0.014,-17.924,-2.558,881.135,54.306145,-5.583593,331115.66
896256.0,22.39,101567.59,109.81,0.448,-2.959,9.45,-0.032,0.005,0.015,-17.979,-2.552,881.347,54.306145,-5.583593,331115.66
896505.0,22.39,101566.94,109.87,0.469,-2.962,9.428,-0.032,0.006,0.015,-17.948,-2.56,881.558,54.306145,-5.583593,331115.66
896758.0,22.39,101566.5,109.9,0.448,-2.974,9.457,-0.032,0.005,0.015,-17.926,-2.546,881.773,54.306145,-5.583593,331115.66
897007.0,22.4,101566.59,109.89,0.45,-2.966,9.438,-0.031,0.005,0.015,-17.934,-2.545,881.983,54.306145,-5.583593,331115.66
897254.0,22.4,101567.73,109.8,0.493,-3.096,9.44,-0.032,0.005,0.015,-18.127,-2.544,882.196,54.306145,-5.583593,331115.66
897503.0,22.4,101567.95,109.77,0.462,-2.966,9.452,-0.032,0.005,0.015,-18.179,-2.641,882.408,54.306145,-5.583593,331115.66
897757.0,22.41,101569.1,109.69,0.457,-2.945,9.438,-0.033,0.005,0.015,-18.014,-2.598,882.624,54.306145,-5.583593,331115.66
898006.0,22.41,101569.64,109.64,0.455,-2.974,9.448,-0.032,0.005,0.015,-17.959,-2.57,882.836,54.306145,-5.583593,331115.66
898257.0,22.41,101570.71,109.55,0.45,-2.95,9.438,-0.033,0.005,0.015,-17.977,-2.574,883.046,54.306145,-5.583593,331115.66
898506.0,22.42,101571.12,109.52,0.46,-2.962,9.419,-0.032,0.006,0.016,-17.945,-2.553,883.26,54.306145,-5.583593,331115.66
898759.0,22.42,101571.17,109.51,0.481,-2.964,9.464,-0.032,0.006,0.015,-17.949,-2.569,883.474,54.306145,-5.583593,331115.66
899003.0,22.42,101571.09,109.52,0.455,-2.957,9.471,-0.032,0.004,0.014,-17.928,-2.568,883.679,54.306145,-5.583593,331115.66
899256.0,22.42,101571.02,109.53,0.455,-2.962,9.45,-0.032,0.005,0.015,-17.947,-2.56,883.893,54.306145,-5.583593,331115.66
899505.0,22.43,101571.15,109.52,0.448,-2.942,9.426,-0.032,0.005,0.014,-17.94,-2.566,884.104,54.306145,-5.583593,331115.66
899758.0,22.43,101570.33,109.58,0.453,-2.947,9.431,-0.032,0.005,0.015,-17.94,-2.569,884.315,54.306145,-5.583593,331115.66
900008.0,22.43,101569.84,109.62,0.46,-2.954,9.438,-0.032,0.005,0.015,-17.92,-2.56,884.528,54.306145,-5.583593,331115.66
900257.0,22.44,101570.71,109.55,0.455,-2.959,9.452,-0.032,0.006,0.015,-17.983,-2.534,884.738,54.306145,-5.583593,331115.66
900506.0,22.44,101570.55,109.57,0.464,-2.947,9.426,-0.032,0.005,0.015,-17.941,-2.537,884.948,54.306145,-5.583593,331115.66
900760.0,22.44,101569.97,109.61,0.46,-2.964,9.452,-0.031,0.006,0.015,-17.939,-2.555,885.162,54.306145,-5.583593,331115.66
901003.0,22.44,101570.22,109.59,0.45,-2.971,9.404,-0.032,0.005,0.014,-17.94,-2.57,885.366,54.306145,-5.583593,331115.66
901255.0,22.44,101570.27,109.59,0.481,-2.969,9.436,-0.032,0.005,0.015,-17.97,-2.567,885.579,54.306145,-5.583593,331115.66
901504.0,22.45,101570.03,109.61,0.45,-2.952,9.464,-0.031,0.005,0.015,-17.932,-2.561,885.789,54.306145,-5.583593,331115.66
901758.0,22.45,101570.33,109.58,0.46,-2.952,9.421,-0.031,0.005,0.015,-17.939,-2.566,886.002,54.306145,-5.583593,331115.66
902006.0,22.45,101570.41,109.58,0.457,-2.964,9.438,-0.032,0.005,0.015,-17.922,-2.549,886.214,54.306145,-5.583593,331115.66
902256.0,22.46,101570.66,109.56,0.462,-2.952,9.443,-0.032,0.005,0.015,-17.971,-2.553,886.427,54.306145,-5.583593,331115.66
902505.0,22.46,101571.07,109.52,0.45,-2.957,9.45,-0.033,0.005,0.015,-17.927,-2.557,886.639,54.306145,-5.583593,331115.66
902758.0,22.46,101571.07,109.52,0.45,-2.974,9.44,-0.034,0.005,0.014,-17.931,-2.532,886.857,54.306145,-5.583593,331115.66
903007.0,22.46,101571.12,109.52,0.45,-2.95,9.469,-0.032,0.006,0.014,-17.914,-2.554,887.068,54.306145,-5.583593,331115.66
903255.0,22.46,101571.12,109.52,0.453,-2.966,9.452,-0.032,0.005,0.015,-18.238,-2.611,887.278,54.306145,-5.583593,331115.66
903504.0,22.46,101571.38,109.5,0.441,-2.959,9.44,-0.031,0.006,0.015,-18.091,-2.592,887.488,54.306145,-5.583593,331115.66
903758.0,22.46,101570.14,109.6,0.467,-2.966,9.445,-0.031,0.005,0.015,-17.98,-2.564,887.702,54.306145,-5.583593,331115.66
904007.0,22.46,101570.06,109.61,0.443,-2.959,9.419,-0.031,0.006,0.015,-17.958,-2.554,887.916,54.306145,-5.583593,331115.66
904257.0,22.47,101570.64,109.56,0.453,-2.971,9.433,-0.032,0.005,0.015,-18.001,-2.541,888.129,54.306145,-5.583593,331115.66
904506.0,22.47,101570.47,109.57,0.445,-2.976,9.433,-0.032,0.006,0.015,-17.977,-2.543,888.339,54.306145,-5.583593,331115.66
904759.0,22.47,101570.19,109.6,0.457,-2.969,9.424,-0.032,0.005,0.015,-17.942,-2.542,888.555,54.306145,-5.583593,331115.66
905003.0,22.47,101569.78,109.63,0.46,-2.959,9.448,-0.033,0.005,0.015,-17.932,-2.55,888.762,54.306145,-5.583593,331115.66
905255.0,22.47,101570.03,109.61,0.436,-2.993,9.459,-0.031,0.006,0.015,-17.988,-2.539,888.981,54.306145,-5.583593,331115.66
905504.0,22.47,101570.36,109.58,0.467,-2.969,9.428,-0.031,0.005,0.014,-17.944,-2.543,889.193,54.306145,-5.583593,331115.66
905757.0,22.47,101570.2,109.6,0.45,-2.962,9.464,-0.032,0.006,0.015,-17.938,-2.558,889.405,54.306145,-5.583595,331115.59
906006.0,22.48,101570.25,109.59,0.448,-2.954,9.438,-0.033,0.006,0.014,-17.93,-2.563,889.616,54.306145,-5.583595,331115.59
906255.0,22.48,101570.5,109.57,0.462,-2.966,9.445,-0.032,0.005,0.015,-18.047,-2.545,889.828,54.306145,-5.583595,331115.59
906505.0,22.48,101570.75,109.55,0.46,-2.959,9.436,-0.032,0.005,0.015,-17.974,-2.546,890.04,54.306145,-5.583595,331115.59
906758.0,22.48,101570.8,109.55,0.438,-2.969,9.426,-0.033,0.005,0.015,-17.952,-2.548,890.256,54.306145,-5.583595,331115.59
907007.0,22.48,101569.97,109.61,0.445,-2.95,9.459,-0.032,0.006,0.015,-17.947,-2.561,890.468,54.306145,-5.583595,331115.59
907254.0,22.49,101569.89,109.62,0.464,-2.978,9.433,-0.032,0.006,0.015,-17.986,-2.539,890.679,54.306145,-5.583595,331115.59
907503.0,22.49,101569.66,109.64,0.464,-2.959,9.433,-0.032,0.006,0.015,-17.941,-2.558,890.892,54.306145,-5.583595,331115.59
907756.0,22.49,101570.06,109.61,0.464,-2.959,9.424,-0.031,0.006,0.015,-17.935,-2.557,891.107,54.306145,-5.583595,331115.59
908005.0,22.49,101570.28,109.59,0.448,-2.962,9.428,-0.031,0.004,0.014,-17.927,-2.557,891.321,54.306145,-5.583595,331115.59
908258.0,22.5,101571.02,109.53,0.467,-2.954,9.431,-0.033,0.006,0.015,-18.04,-2.546,891.531,54.306145,-5.583595,331115.59
908507.0,22.5,101571.59,109.48,0.453,-2.959,9.457,-0.032,0.005,0.015,-17.972,-2.545,891.746,54.306145,-5.583595,331115.59
908755.0,22.5,101571.81,109.46,0.445,-2.957,9.455,-0.032,0.006,0.015,-17.949,-2.547,891.954,54.306145,-5.583595,331115.59
909004.0,22.5,101571.48,109.49,0.476,-2.981,9.416,-0.032,0.006,0.015,-18.062,-2.631,892.169,54.306145,-5.583595,331115.59
909256.0,22.5,101571.73,109.47,0.455,-2.947,9.452,-0.033,0.005,0.015,-18.071,-2.611,892.387,54.306145,-5.583595,331115.59
909505.0,22.5,101570.58,109.56,0.467,-2.966,9.436,-0.032,0.005,0.014,-17.98,-2.581,892.598,54.306145,-5.583595,331115.59
909758.0,22.51,101570.5,109.57,0.469,-2.99,9.414,-0.031,0.005,0.015,-17.978,-2.587,892.81,54.306145,-5.583595,331115.59
910007.0,22.51,101570.55,109.57,0.448,-2.942,9.421,-0.032,0.005,0.015,-17.956,-2.575,893.023,54.306145,-5.583595,331115.59
910257.0,22.51,101570.47,109.57,0.45,-2.95,9.459,-0.031,0.005,0.014,-17.989,-2.559,893.236,54.306145,-5.583595,331115.59
910506.0,22.51,101570.72,109.55,0.464,-2.978,9.459,-0.032,0.005,0.016,-17.96,-2.564,893.447,54.306145,-5.583595,331115.59
910759.0,22.51,101570.22,109.59,0.45,-2.95,9.419,-0.033,0.006,0.015,-17.951,-2.54,893.661,54.306145,-5.583595,331115.59
911003.0,22.52,101570.14,109.59,0.441,-2.954,9.45,-0.032,0.005,0.015,-17.94,-2.555,893.872,54.306145,-5.583595,331115.59
911254.0,22.52,101570.52,109.57,0.467,-2.976,9.455,-0.03,0.005,0.015,-17.991,-2.538,894.085,54.306145,-5.583595,331115.59
911503.0,22.52,101570.28,109.59,0.474,-2.962,9.419,-0.032,0.005,0.014,-17.956,-2.549,894.296,54.306145,-5.583595,331115.59
911757.0,22.52,101570.53,109.57,0.46,-2.962,9.424,-0.033,0.005,0.015,-17.947,-2.548,894.51,54.306145,-5.583595,331115.59
912006.0,22.52,101570.03,109.61,0.45,-2.957,9.419,-0.032,0.005,0.016,-17.931,-2.551,894.725,54.306145,-5.583595,331115.59
912254.0,22.53,101570.58,109.56,0.45,-2.95,9.436,-0.033,0.005,0.014,-17.991,-2.543,894.939,54.306145,-5.583595,331115.59
912503.0,22.53,101570.83,109.54,0.46,-2.954,9.44,-0.033,0.006,0.015,-17.94,-2.554,895.153,54.306145,-5.583595,331115.59
912757.0,22.53,101570.5,109.57,0.457,-2.954,9.438,-0.032,0.005,0.014,-17.944,-2.574,895.368,54.306145,-5.583595,331115.59
913006.0,22.53,101570.09,109.6,0.467,-2.954,9.443,-0.031,0.006,0.014,-17.926,-2.567,895.583,54.306145,-5.583595,331115.59
913257.0,22.53,101570.3,109.59,0.453,-2.966,9.438,-0.032,0.005,0.014,-17.984,-2.547,895.797,54.306145,-5.583595,331115.59
913506.0,22.54,101570.06,109.61,0.453,-2.964,9.407,-0.032,0.006,0.015,-17.942,-2.545,896.007,54.306145,-5.583595,331115.59
913759.0,22.54,101570.31,109.59,0.464,-2.959,9.452,-0.031,0.005,0.014,-17.936,-2.558,896.219,54.306145,-5.583595,331115.59
914008.0,22.54,101570.52,109.57,0.46,-2.954,9.448,-0.032,0.004,0.015,-17.907,-2.557,896.432,54.306145,-5.583595,331115.59
914255.0,22.54,101570.94,109.53,0.453,-2.947,9.44,-0.032,0.005,0.015,-18.02,-2.544,896.641,54.306145,-5.583595,331115.59
914504.0,22.55,101571.18,109.51,0.453,-2.947,9.438,-0.033,0.006,0.015,-17.977,-2.544,896.853,54.306145,-5.583595,331115.59
914757.0,22.55,101570.69,109.56,0.505,-3.156,9.44,-0.031,0.005,0.015,-18.152,-2.622,897.066,54.306145,-5.583595,331115.59
915006.0,22.55,101570.36,109.58,0.455,-2.957,9.443,-0.032,0.004,0.015,-18.138,-2.609,897.278,54.306145,-5.583595,331115.59
915257.0,22.55,101570.77,109.55,0.474,-2.966,9.428,-0.032,0.005,0.015,-18.058,-2.589,897.491,54.306145,-5.583595,331115.59
915507.0,22.55,101569.79,109.63,0.443,-2.959,9.407,-0.031,0.006,0.014,-17.971,-2.551,897.702,54.306145,-5.583595,331115.59
915760.0,22.55,101569.35,109.67,0.464,-2.966,9.436,-0.032,0.005,0.014,-17.954,-2.548,897.916,54.306145,-5.583595,331115.59
916003.0,22.56,101569.36,109.66,0.455,-2.988,9.436,-0.032,0.005,0.015,-17.943,-2.548,898.123,54.306145,-5.583595,331115.59
916255.0,22.56,101568.58,109.73,0.457,-2.964,9.431,-0.031,0.005,0.015,-18.039,-2.538,898.337,54.306145,-5.583595,331115.59
916504.0,22.56,101568.75,109.72,0.462,-2.959,9.424,-0.032,0.005,0.014,-17.989,-2.547,898.549,54.306145,-5.583595,331115.59
916757.0,22.57,101568.64,109.72,0.457,-2.954,9.428,-0.031,0.006,0.016,-17.958,-2.552,898.761,54.306145,-5.583595,331115.59
917006.0,22.57,101568.15,109.77,0.474,-2.957,9.438,-0.032,0.005,0.015,-17.938,-2.564,898.976,54.306145,-5.583595,331115.59
917257.0,22.57,101568.39,109.75,0.462,-2.964,9.433,-0.032,0.006,0.015,-17.981,-2.565,899.185,54.306145,-5.583595,331115.59
917506.0,22.57,101568.97,109.7,0.462,-2.962,9.457,-0.031,0.005,0.015,-17.941,-2.587,899.395,54.306145,-5.583595,331115.59
917759.0,22.57,101569.02,109.69,0.462,-2.978,9.424,-0.032,0.006,0.015,-17.949,-2.58,899.607,54.306145,-5.583595,331115.59
918008.0,22.57,101569.02,109.69,0.45,-2.966,9.448,-0.033,0.006,0.014,-17.928,-2.564,899.819,54.306145,-5.583595,331115.59
918256.0,22.58,101569.11,109.69,0.467,-2.95,9.428,-0.031,0.005,0.014,-17.98,-2.549,900.03,54.306145,-5.583595,331115.59
918505.0,22.58,101569.52,109.65,0.467,-2.942,9.438,-0.032,0.005,0.015,-17.937,-2.561,900.242,54.306145,-5.583595,331115.59
918758.0,22.58,101570.25,109.59,0.445,-2.952,9.452,-0.031,0.005,0.015,-17.938,-2.568,900.457,54.306145,-5.583595,331115.59
919007.0,22.58,101570.14,109.6,0.438,-2.957,9.426,-0.033,0.006,0.015,-17.934,-2.536,900.668,54.306145,-5.583595,331115.59
919254.0,22.58,101569.98,109.61,0.457,-2.954,9.445,-0.033,0.005,0.015,-17.981,-2.531,900.878,54.306145,-5.583595,331115.59
919503.0,22.58,101569.48,109.65,0.448,-2.966,9.419,-0.032,0.005,0.015,-17.938,-2.55,901.089,54.306145,-5.583595,331115.59
919756.0,22.59,101569.24,109.67,0.464,-2.964,9.428,-0.033,0.005,0.014,-17.938,-2.567,901.303,54.306145,-5.583596,331115.53
920005.0,22.59,101569.16,109.68,0.457,-2.95,9.426,-0.033,0.005,0.015,-17.92,-2.56,901.517,54.306145,-5.583596,331115.53
920258.0,22.59,101569.38,109.66,0.474,-2.969,9.433,-0.032,0.005,0.014,-17.991,-2.55,901.73,54.306145,-5.583596,331115.53
920507.0,22.59,101569.45,109.66,0.517,-3.079,9.412,-0.032,0.005,0.014,-18.052,-2.6,901.943,54.306145,-5.583596,331115.53
920755.0,22.6,101569.22,109.68,0.469,-2.957,9.428,-0.033,0.005,0.015,-18.211,-2.661,902.153,54.306145,-5.583596,331115.53
921004.0,22.6,101569.59,109.65,0.46,-2.959,9.433,-0.032,0.006,0.015,-18.033,-2.61,902.367,54.306145,-5.583596,331115.53
921253.0,22.6,101569.77,109.63,0.448,-2.957,9.428,-0.033,0.005,0.015,-18.04,-2.575,902.581,54.306145,-5.583596,331115.53
921508.0,22.6,101570.17,109.6,0.455,-2.971,9.431,-0.032,0.004,0.015,-17.953,-2.558,902.799,54.306145,-5.583596,331115.53
921756.0,22.6,101569.92,109.62,0.443,-2.969,9.45,-0.032,0.005,0.014,-17.935,-2.552,903.007,54.306145,-5.583596,331115.53
922005.0,22.6,101569.44,109.66,0.448,-2.959,9.448,-0.032,0.005,0.014,-17.913,-2.542,903.217,54.306145,-5.583596,331115.53
922257.0,22.61,101570.66,109.56,0.486,-2.983,9.452,-0.031,0.005,0.015,-18.058,-2.532,903.438,54.306145,-5.583596,331115.53
922506.0,22.61,101571.0,109.53,0.467,-2.952,9.44,-0.033,0.005,0.015,-17.977,-2.551,903.65,54.306145,-5.583596,331115.53
922759.0,22.61,101570.66,109.56,0.469,-2.947,9.445,-0.032,0.006,0.015,-17.945,-2.558,903.866,54.306145,-5.583596,331115.53
923008.0,22.61,101571.2,109.51,0.457,-2.957,9.436,-0.031,0.005,0.015,-17.933,-2.567,904.082,54.306145,-5.583596,331115.53
923258.0,22.61,101570.96,109.53,0.455,-2.971,9.436,-0.032,0.006,0.015,-17.972,-2.568,904.291,54.306145,-5.583596,331115.53
923507.0,22.61,101570.39,109.58,0.441,-2.966,9.431,-0.032,0.006,0.015,-17.946,-2.542,904.503,54.306145,-5.583596,331115.53
923755.0,22.61,101569.9,109.62,0.457,-2.971,9.426,-0.032,0.005,0.015,-17.939,-2.549,904.711,54.306145,-5.583596,331115.53
924004.0,22.61,101569.41,109.66,0.467,-2.964,9.426,-0.032,0.005,0.016,-17.916,-2.557,904.927,54.306145,-5.583596,331115.53
924253.0,22.62,101569.3,109.67,0.462,-2.974,9.431,-0.032,0.006,0.014,-18.018,-2.548,905.141,54.306145,-5.583596,331115.53
924508.0,22.62,101569.7,109.64,0.457,-2.983,9.438,-0.032,0.005,0.015,-17.955,-2.561,905.357,54.306145,-5.583596,331115.53
924756.0,22.62,101570.28,109.59,0.433,-2.959,9.433,-0.031,0.005,0.015,-17.925,-2.554,905.565,54.306145,-5.583596,331115.53
925005.0,22.63,101570.75,109.55,0.469,-2.966,9.443,-0.031,0.004,0.015,-17.915,-2.569,905.778,54.306145,-5.583596,331115.53
925253.0,22.63,101570.66,109.56,0.46,-2.974,9.424,-0.031,0.005,0.014,-17.978,-2.572,905.988,54.306145,-5.583596,331115.53
925508.0,22.63,101571.45,109.49,0.472,-2.974,9.421,-0.032,0.005,0.015,-17.95,-2.559,906.205,54.306145,-5.583596,331115.53
925756.0,22.64,101571.38,109.5,0.45,-2.966,9.448,-0.033,0.005,0.015,-17.935,-2.555,906.415,54.306145,-5.583596,331115.53
926005.0,22.64,101571.12,109.52,0.476,-2.942,9.409,-0.033,0.004,0.015,-17.916,-2.56,906.631,54.306145,-5.583596,331115.53
926255.0,22.64,101571.02,109.53,0.481,-3.129,9.452,-0.032,0.005,0.014,-18.097,-2.572,906.842,54.306145,-5.583596,331115.53
926504.0,22.64,101571.09,109.52,0.464,-2.978,9.431,-0.031,0.005,0.014,-18.183,-2.64,907.053,54.306145,-5.583596,331115.53
926757.0,22.65,101570.85,109.54,0.472,-2.974,9.424,-0.033,0.005,0.015,-18.044,-2.596,907.269,54.306145,-5.583596,331115.53
927006.0,22.65,101570.75,109.55,0.467,-2.959,9.428,-0.032,0.005,0.016,-17.976,-2.58,907.483,54.306145,-5.583596,331115.53
927254.0,22.65,101570.83,109.54,0.453,-2.964,9.443,-0.032,0.005,0.015,-18.014,-2.569,907.69,54.306145,-5.583596,331115.53
927504.0,22.65,101570.5,109.57,0.457,-2.952,9.443,-0.032,0.004,0.016,-17.977,-2.561,907.904,54.306145,-5.583596,331115.53
927757.0,22.65,101570.01,109.61,0.448,-2.962,9.443,-0.032,0.005,0.015,-17.948,-2.556,908.122,54.306145,-5.583596,331115.53
928006.0,22.65,101569.67,109.64,0.448,-2.959,9.452,-0.032,0.005,0.015,-17.942,-2.565,908.337,54.306145,-5.583596,331115.53
928253.0,22.65,101569.92,109.62,0.438,-2.954,9.433,-0.031,0.005,0.015,-17.996,-2.563,908.552,54.306145,-5.583596,331115.53
928508.0,22.66,101569.81,109.63,0.441,-2.974,9.438,-0.033,0.005,0.016,-17.954,-2.546,908.771,54.306145,-5.583596,331115.53
928756.0,22.66,101570.22,109.59,0.455,-2.971,9.414,-0.031,0.005,0.015,-17.942,-2.554,908.98,54.306145,-5.583596,331115.53
929005.0,22.66,101569.73,109.63,0.469,-2.957,9.431,-0.032,0.005,0.015,-17.927,-2.55,909.196,54.306145,-5.583596,331115.53
929253.0,22.66,101569.81,109.63,0.474,-2.95,9.452,-0.032,0.007,0.015,-17.99,-2.556,909.406,54.306145,-5.583596,331115.53
929508.0,22.66,101569.7,109.64,0.457,-2.978,9.431,-0.031,0.005,0.015,-17.946,-2.563,909.624,54.306145,-5.583596,331115.53
929755.0,22.67,101569.95,109.62,0.46,-2.952,9.416,-0.032,0.006,0.015,-17.931,-2.577,909.832,54.306145,-5.583596,331115.53
930004.0,22.67,101569.54,109.65,0.455,-2.969,9.45,-0.033,0.006,0.014,-17.932,-2.574,910.045,54.306145,-5.583596,331115.53
930257.0,22.67,101569.45,109.66,0.481,-2.959,9.414,-0.032,0.005,0.015,-18.006,-2.572,910.257,54.306145,-5.583596,331115.53
930506.0,22.67,101569.52,109.65,0.469,-2.954,9.438,-0.032,0.005,0.015,-17.958,-2.572,910.469,54.306145,-5.583596,331115.53
930759.0,22.68,101569.59,109.65,0.455,-2.942,9.445,-0.033,0.004,0.015,-17.919,-2.572,910.688,54.306145,-5.583596,331115.53
931003.0,22.68,101569.11,109.69,0.453,-2.945,9.428,-0.032,0.005,0.015,-17.92,-2.564,910.899,54.306145,-5.583596,331115.53
931257.0,22.68,101568.69,109.72,0.45,-2.95,9.428,-0.031,0.005,0.015,-18.065,-2.524,911.11,54.306145,-5.583596,331115.53
931506.0,22.68,101568.58,109.73,0.441,-2.959,9.438,-0.032,0.005,0.015,-17.977,-2.53,911.323,54.306145,-5.583596,331115.53
931760.0,22.68,101568.66,109.72,0.462,-2.974,9.44,-0.032,0.006,0.015,-17.959,-2.548,911.536,54.306145,-5.583596,331115.53
932003.0,22.68,101568.5,109.75,0.457,-2.952,9.433,-0.031,0.005,0.014,-17.949,-2.563,911.745,54.306145,-5.583596,331115.53
932253.0,22.69,101568.8,109.71,0.457,-2.976,9.407,-0.031,0.005,0.015,-18.252,-2.604,911.957,54.306145,-5.583596,331115.53
932508.0,22.69,101568.55,109.73,0.462,-2.954,9.426,-0.032,0.005,0.015,-18.101,-2.594,912.176,54.306145,-5.583596,331115.53
932755.0,22.69,101568.06,109.77,0.462,-2.952,9.433,-0.032,0.005,0.014,-17.989,-2.586,912.388,54.306145,-5.583596,331115.53
933005.0,22.69,101568.15,109.77,0.453,-2.95,9.431,-0.031,0.005,0.015,-17.951,-2.572,912.601,54.306145,-5.583596,331115.53
933258.0,22.69,101567.49,109.82,0.438,-2.969,9.431,-0.032,0.006,0.015,-18.01,-2.547,912.816,54.306145,-5.583596,331115.53
933507.0,22.69,101567.41,109.83,0.464,-2.957,9.426,-0.031,0.006,0.015,-17.952,-2.538,913.029,54.306145,-5.583596,331115.53
933755.0,22.69,101566.75,109.88,0.457,-2.966,9.438,-0.032,0.004,0.015,-17.93,-2.567,913.24,54.306145,-5.583596,331115.53
934004.0,22.7,101566.8,109.88,0.453,-2.976,9.448,-0.032,0.005,0.015,-17.928,-2.553,913.457,54.306145,-5.583596,331115.53
934254.0,22.7,101566.89,109.87,0.45,-2.95,9.443,-0.031,0.005,0.015,-17.984,-2.537,913.666,54.306145,-5.583596,331115.53
934503.0,22.7,101567.47,109.82,0.472,-2.969,9.464,-0.032,0.006,0.014,-17.953,-2.578,913.88,54.306145,-5.583596,331115.53
934756.0,22.7,101566.8,109.88,0.453,-2.978,9.45,-0.032,0.005,0.015,-17.942,-2.565,914.093,54.306145,-5.583596,331115.53
935005.0,22.71,101567.11,109.85,0.448,-2.94,9.474,-0.033,0.005,0.015,-17.932,-2.543,914.309,54.306145,-5.583596,331115.53
935258.0,22.71,101566.45,109.91,0.453,-2.962,9.436,-0.032,0.005,0.015,-17.988,-2.557,914.527,54.306145,-5.583596,331115.53
935507.0,22.71,101566.2,109.93,0.46,-2.962,9.462,-0.032,0.005,0.015,-17.95,-2.562,914.739,54.306145,-5.583596,331115.53
935755.0,22.71,101566.09,109.94,0.453,-2.971,9.443,-0.032,0.005,0.015,-17.941,-2.564,914.949,54.306145,-5.583596,331115.53
936004.0,22.72,101566.91,109.87,0.481,-2.94,9.416,-0.032,0.005,0.015,-17.926,-2.558,915.163,54.306145,-5.583596,331115.53
936256.0,22.72,101566.8,109.84,0.453,-2.964,9.431,-0.032,0.005,0.014,-17.976,-2.552,915.376,54.306145,-5.583596,331115.53
936506.0,22.72,101567.7,109.8,0.46,-2.962,9.426,-0.033,0.005,0.015,-17.958,-2.546,915.588,54.306145,-5.583596,331115.53
936759.0,22.73,101568.58,109.73,0.46,-2.969,9.44,-0.031,0.006,0.015,-17.959,-2.577,915.802,54.306145,-5.583599,331115.44
937008.0,22.73,101568.01,109.78,0.462,-2.947,9.452,-0.032,0.005,0.015,-17.931,-2.571,916.016,54.306145,-5.583599,331115.44
937257.0,22.74,101568.63,109.72,0.462,-2.978,9.443,-0.032,0.005,0.015,-18.006,-2.566,916.225,54.306145,-5.583599,331115.44
937506.0,22.74,101568.39,109.75,0.462,-2.95,9.431,-0.033,0.005,0.015,-17.949,-2.568,916.438,54.306145,-5.583599,331115.44
937759.0,22.74,101568.31,109.75,0.445,-2.957,9.467,-0.032,0.006,0.015,-17.934,-2.555,916.653,54.306145,-5.583599,331115.44
938008.0,22.74,101568.14,109.77,0.479,-3.019,9.457,-0.032,0.006,0.016,-18.08,-2.636,916.87,54.306145,-5.583599,331115.44
938258.0,22.74,101568.03,109.78,0.457,-2.954,9.433,-0.032,0.005,0.015,-18.182,-2.623,917.085,54.306145,-5.583599,331115.44
938507.0,22.75,101567.95,109.78,0.46,-2.978,9.438,-0.031,0.005,0.014,-18.029,-2.587,917.295,54.306145,-5.583599,331115.44
938755.0,22.75,101568.03,109.78,0.457,-2.966,9.421,-0.031,0.005,0.015,-17.975,-2.595,917.508,54.306145,-5.583599,331115.44
939004.0,22.75,101567.7,109.8,0.445,-2.969,9.44,-0.031,0.005,0.015,-17.954,-2.583,917.723,54.306145,-5.583599,331115.44
939256.0,22.75,101567.47,109.82,0.457,-2.952,9.445,-0.032,0.006,0.014,-18.076,-2.548,917.937,54.306145,-5.583599,331115.44
939505.0,22.75,101566.97,109.86,0.46,-2.95,9.416,-0.032,0.005,0.015,-17.984,-2.553,918.152,54.306145,-5.583599,331115.44
939758.0,22.75,101566.86,109.87,0.479,-2.938,9.416,-0.032,0.004,0.016,-17.953,-2.579,918.369,54.306145,-5.583599,331115.44
940007.0,22.75,101566.53,109.9,0.457,-2.981,9.428,-0.032,0.006,0.015,-17.934,-2.559,918.583,54.306145,-5.583599,331115.44
940255.0,22.76,101566.28,109.92,0.45,-2.966,9.448,-0.032,0.005,0.015,-18.039,-2.522,918.798,54.306145,-5.583599,331115.44
940504.0,22.76,101566.37,109.91,0.462,-2.969,9.426,-0.033,0.005,0.015,-17.958,-2.553,919.012,54.306145,-5.583599,331115.44
940758.0,22.76,101565.92,109.95,0.474,-2.959,9.438,-0.031,0.005,0.014,-17.947,-2.564,919.226,54.306145,-5.583599,331115.44
941007.0,22.77,101565.92,109.95,0.462,-2.954,9.433,-0.033,0.006,0.015,-17.93,-2.554,919.442,54.306145,-5.583599,331115.44
941254.0,22.77,101566.39,109.91,0.464,-2.954,9.431,-0.032,0.005,0.015,-17.987,-2.532,919.652,54.306145,-5.583599,331115.44
941503.0,22.77,101566.97,109.86,0.45,-2.969,9.438,-0.033,0.006,0.015,-17.952,-2.539,919.865,54.306145,-5.583599,331115.44
941756.0,22.78,101567.18,109.85,0.448,-2.95,9.404,-0.031,0.005,0.015,-17.946,-2.546,920.079,54.306145,-5.583599,331115.44
942005.0,22.78,101567.27,109.84,0.469,-2.947,9.421,-0.032,0.005,0.015,-17.926,-2.567,920.297,54.306145,-5.583599,331115.44
942254.0,22.78,101566.86,109.87,0.457,-2.945,9.431,-0.032,0.005,0.014,-17.989,-2.561,920.51,54.306145,-5.583599,331115.44
942504.0,22.78,101566.45,109.91,0.455,-2.959,9.431,-0.032,0.006,0.015,-17.962,-2.547,920.724,54.306145,-5.583599,331115.44
942757.0,22.78,101566.45,109.91,0.472,-2.947,9.452,-0.031,0.004,0.015,-17.937,-2.564,920.941,54.306145,-5.583599,331115.44
943006.0,22.79,101566.99,109.86,0.445,-2.959,9.431,-0.031,0.005,0.014,-17.938,-2.552,921.156,54.306145,-5.583599,331115.44
943257.0,22.79,101567.89,109.79,0.46,-2.966,9.438,-0.033,0.005,0.015,-18.0,-2.548,921.372,54.306145,-5.583599,331115.44
943507.0,22.79,101567.48,109.82,0.436,-2.976,9.44,-0.032,0.004,0.015,-17.958,-2.543,921.587,54.306145,-5.583599,331115.44
943754.0,22.79,101567.53,109.82,0.508,-3.122,9.431,-0.032,0.006,0.015,-18.137,-2.616,921.797,54.306145,-5.583599,331115.44
944003.0,22.8,101567.12,109.85,0.453,-2.962,9.452,-0.032,0.005,0.015,-18.113,-2.622,922.01,54.306145,-5.583599,331115.44
944257.0,22.8,101567.27,109.84,0.443,-2.945,9.421,-0.031,0.005,0.014,-18.073,-2.584,922.23,54.306145,-5.583599,331115.44
944507.0,22.8,101567.34,109.83,0.441,-2.966,9.419,-0.033,0.006,0.015,-17.998,-2.567,922.444,54.306145,-5.583599,331115.44
944760.0,22.81,101567.92,109.78,0.462,-2.957,9.433,-0.031,0.005,0.015,-17.97,-2.552,922.658,54.306145,-5.583599,331115.44
945003.0,22.81,101567.97,109.78,0.467,-2.954,9.419,-0.033,0.005,0.014,-17.949,-2.556,922.87,54.306145,-5.583599,331115.44
945255.0,22.81,101567.73,109.8,0.462,-2.957,9.45,-0.032,0.005,0.015,-18.011,-2.55,923.087,54.306145,-5.583599,331115.44
945504.0,22.81,101568.3,109.75,0.455,-2.969,9.448,-0.032,0.005,0.015,-17.958,-2.563,923.301,54.306145,-5.583599,331115.44
945757.0,22.82,101568.71,109.72,0.448,-2.964,9.419,-0.032,0.005,0.015,-17.937,-2.561,923.517,54.306145,-5.583599,331115.44
946006.0,22.82,101568.6,109.73,0.469,-2.974,9.414,-0.032,0.005,0.015,-17.932,-2.569,923.735,54.306145,-5.583599,331115.44
946255.0,22.82,101568.69,109.72,0.45,-2.957,9.419,-0.031,0.005,0.016,-18.017,-2.548,923.95,54.306145,-5.583599,331115.44
946504.0,22.82,101568.93,109.7,0.464,-2.952,9.45,-0.032,0.005,0.015,-17.97,-2.542,924.163,54.306145,-5.583599,331115.44
946757.0,22.83,101568.33,109.75,0.448,-2.95,9.44,-0.032,0.005,0.014,-17.959,-2.554,924.379,54.306145,-5.583599,331115.44
947006.0,22.83,101567.42,109.83,0.455,-2.95,9.443,-0.031,0.005,0.015,-17.94,-2.579,924.594,54.306145,-5.583599,331115.44
947258.0,22.83,101566.93,109.87,0.445,-2.954,9.45,-0.031,0.005,0.014,-17.998,-2.57,924.816,54.306145,-5.583599,331115.44
947507.0,22.83,101566.77,109.88,0.438,-2.954,9.44,-0.032,0.005,0.015,-17.949,-2.566,925.028,54.306145,-5.583599,331115.44
947755.0,22.83,101566.03,109.94,0.472,-2.95,9.445,-0.031,0.006,0.015,-17.937,-2.562,925.238,54.306145,-5.583599,331115.44
948004.0,22.83,101565.92,109.95,0.469,-2.947,9.44,-0.032,0.005,0.015,-17.923,-2.568,925.455,54.306145,-5.583599,331115.44
948272.0,22.84,101566.0,109.94,0.45,-2.954,9.426,-0.032,0.006,0.015,-18.151,-2.523,925.683,54.306145,-5.583599,331115.44
948504.0,22.84,101565.59,109.98,0.45,-2.966,9.424,-0.032,0.006,0.015,-18.027,-2.53,925.883,54.306145,-5.583599,331115.44
948757.0,22.84,101565.19,110.01,0.457,-2.988,9.457,-0.032,0.006,0.015,-17.972,-2.553,926.1,54.306145,-5.583599,331115.44
949006.0,22.84,101565.23,110.01,0.443,-2.962,9.438,-0.032,0.006,0.015,-17.954,-2.56,926.315,54.306145,-5.583599,331115.44
949257.0,22.85,101565.81,109.96,0.46,-2.988,9.452,-0.032,0.005,0.015,-18.011,-2.557,926.532,54.306145,-5.583599,331115.44
949506.0,22.85,101566.55,109.9,0.51,-3.086,9.436,-0.032,0.005,0.015,-18.05,-2.587,926.748,54.306145,-5.583599,331115.44
949759.0,22.85,101566.55,109.9,0.479,-2.959,9.421,-0.031,0.005,0.015,-18.224,-2.622,926.964,54.306145,-5.583599,331115.44
950008.0,22.85,101567.09,109.85,0.453,-2.935,9.44,-0.032,0.005,0.014,-18.043,-2.597,927.178,54.306145,-5.583599,331115.44
950256.0,22.85,101567.17,109.85,0.455,-2.952,9.457,-0.032,0.005,0.015,-18.048,-2.561,927.39,54.306145,-5.583599,331115.44
950505.0,22.86,101567.09,109.85,0.469,-2.962,9.462,-0.032,0.005,0.015,-17.969,-2.569,927.602,54.306145,-5.583599,331115.44
950759.0,22.86,101567.8,109.79,0.453,-2.957,9.433,-0.031,0.005,0.015,-17.95,-2.579,927.816,54.306145,-5.583599,331115.44
951008.0,22.86,101567.48,109.82,0.474,-2.969,9.462,-0.032,0.005,0.015,-17.941,-2.573,928.03,54.306145,-5.583599,331115.44
951254.0,22.86,101567.31,109.83,0.457,-2.959,9.438,-0.031,0.006,0.014,-18.004,-2.566,928.242,54.306145,-5.583599,331115.44
951504.0,22.86,101567.23,109.84,0.455,-2.95,9.412,-0.032,0.005,0.015,-17.95,-2.57,928.458,54.306145,-5.583599,331115.44
951757.0,22.86,101567.48,109.82,0.433,-2.971,9.459,-0.031,0.005,0.015,-17.938,-2.556,928.67,54.306145,-5.583599,331115.44
952006.0,22.87,101567.2,109.84,0.467,-2.954,9.436,-0.032,0.005,0.015,-17.93,-2.567,928.883,54.306145,-5.583599,331115.44
952253.0,22.87,101567.03,109.86,0.455,-2.964,9.452,-0.031,0.006,0.014,-18.004,-2.551,929.092,54.306145,-5.583599,331115.44
952508.0,22.87,101566.95,109.86,0.462,-2.962,9.462,-0.033,0.005,0.015,-17.957,-2.547,929.309,54.306145,-5.583599,331115.44
952755.0,22.87,101566.71,109.88,0.457,-2.957,9.455,-0.031,0.004,0.015,-17.933,-2.562,929.521,54.306145,-5.583599,331115.44
953004.0,22.87,101566.62,109.89,0.467,-2.95,9.428,-0.032,0.005,0.015,-17.928,-2.567,929.731,54.306145,-5.583599,331115.44
953255.0,22.88,101566.6,109.89,0.467,-2.971,9.407,-0.031,0.005,0.014,-18.023,-2.556,929.946,54.306145,-5.583599,331115.44
953504.0,22.88,101566.19,109.93,0.472,-2.959,9.455,-0.031,0.005,0.015,-17.972,-2.567,930.16,54.306145,-5.583599,331115.44
953758.0,22.88,101566.24,109.92,0.45,-2.966,9.443,-0.032,0.005,0.015,-17.939,-2.567,930.377,54.306145,-5.5836,331115.38
954007.0,22.89,101566.9,109.87,0.453,-2.966,9.438,-0.032,0.005,0.015,-17.92,-2.568,930.593,54.306145,-5.5836,331115.38
954254.0,22.89,101566.95,109.86,0.46,-2.964,9.416,-0.032,0.005,0.015,-18.002,-2.546,930.807,54.306145,-5.5836,331115.38
954503.0,22.89,101567.69,109.8,0.457,-2.966,9.421,-0.031,0.006,0.015,-17.972,-2.554,931.02,54.306145,-5.5836,331115.38
954757.0,22.9,101568.43,109.74,0.481,-2.964,9.448,-0.033,0.005,0.015,-17.957,-2.56,931.236,54.306145,-5.5836,331115.38
955006.0,22.9,101569.0,109.69,0.45,-2.959,9.438,-0.032,0.005,0.015,-17.952,-2.564,931.451,54.306145,-5.5836,331115.38
955257.0,22.9,101569.05,109.69,0.479,-3.038,9.436,-0.031,0.005,0.015,-18.133,-2.578,931.667,54.306145,-5.5836,331115.38
955507.0,22.9,101569.3,109.67,0.479,-2.976,9.455,-0.031,0.005,0.015,-18.178,-2.646,931.884,54.306145,-5.5836,331115.38
955755.0,22.91,101569.55,109.65,0.46,-2.954,9.462,-0.032,0.006,0.016,-18.044,-2.589,932.097,54.306145,-5.583599,331115.44
956004.0,22.91,101569.44,109.66,0.448,-2.962,9.471,-0.031,0.005,0.015,-17.979,-2.584,932.313,54.306145,-5.583599,331115.44
956296.0,22.91,101569.36,109.66,0.46,-2.962,9.433,-0.031,0.004,0.016,-18.178,-2.551,932.57,54.306145,-5.583599,331115.44
956506.0,22.91,101568.86,109.71,0.453,-2.986,9.443,-0.033,0.005,0.015,-18.045,-2.557,932.75,54.306145,-5.583599,331115.44
956759.0,22.92,101568.83,109.71,0.464,-2.957,9.424,-0.032,0.005,0.015,-17.993,-2.584,932.967,54.306145,-5.583599,331115.44
957003.0,22.92,101568.67,109.72,0.476,-2.954,9.428,-0.032,0.006,0.014,-17.961,-2.575,933.177,54.306145,-5.583599,331115.44
957258.0,22.92,101568.23,109.76,0.453,-2.983,9.438,-0.032,0.005,0.015,-18.005,-2.566,933.395,54.306145,-5.583599,331115.44
957507.0,22.93,101568.73,109.72,0.457,-2.945,9.459,-0.031,0.005,0.014,-17.97,-2.57,933.61,54.306145,-5.583599,331115.44
957755.0,22.93,101568.7,109.72,0.455,-2.964,9.426,-0.031,0.005,0.015,-17.97,-2.58,933.822,54.306145,-5.5836,331115.38
958004.0,22.94,101568.45,109.74,0.45,-2.957,9.445,-0.032,0.005,0.015,-17.946,-2.567,934.037,54.306145,-5.5836,331115.38
958257.0,22.94,101569.08,109.69,0.467,-2.945,9.445,-0.031,0.005,0.015,-17.999,-2.567,934.256,54.306145,-5.5836,331115.38
958506.0,22.94,101569.16,109.68,0.455,-2.971,9.455,-0.031,0.004,0.014,-17.968,-2.564,934.471,54.306145,-5.5836,331115.38
958760.0,22.94,101569.0,109.69,0.464,-2.966,9.445,-0.032,0.006,0.015,-17.946,-2.567,934.689,54.306145,-5.583599,331115.44
959003.0,22.95,101569.08,109.69,0.445,-2.964,9.443,-0.031,0.005,0.015,-17.942,-2.56,934.9,54.306145,-5.583599,331115.44
959257.0,22.95,101569.08,109.69,0.455,-2.976,9.421,-0.032,0.004,0.015,-18.017,-2.554,935.119,54.306145,-5.583599,331115.44
959507.0,22.95,101569.3,109.67,0.421,-2.954,9.459,-0.031,0.005,0.014,-17.952,-2.546,935.33,54.306145,-5.583599,331115.44
959760.0,22.95,101569.45,109.63,0.464,-2.957,9.431,-0.031,0.005,0.014,-17.943,-2.569,935.545,54.306145,-5.583599,331115.44
960003.0,22.95,101570.12,109.6,0.462,-2.95,9.452,-0.032,0.005,0.015,-17.933,-2.564,935.756,54.306145,-5.583599,331115.44
960255.0,22.95,101570.69,109.56,0.443,-2.954,9.443,-0.032,0.005,0.015,-18.01,-2.555,935.973,54.306145,-5.583599,331115.44
960504.0,22.95,101571.52,109.49,0.46,-2.969,9.44,-0.03,0.004,0.016,-17.959,-2.559,936.189,54.306145,-5.583599,331115.44
960757.0,22.95,101572.41,109.41,0.448,-2.966,9.431,-0.031,0.005,0.015,-17.955,-2.539,936.405,54.306145,-5.5836,331115.38
961007.0,22.95,101572.73,109.38,0.443,-2.971,9.45,-0.031,0.005,0.014,-17.949,-2.539,936.618,54.306145,-5.5836,331115.38
961255.0,22.96,101572.95,109.37,0.453,-2.969,9.426,-0.031,0.005,0.015,-18.289,-2.636,936.829,54.306145,-5.5836,331115.38
961505.0,22.96,101572.46,109.41,0.457,-2.969,9.419,-0.032,0.005,0.015,-18.095,-2.605,937.042,54.306145,-5.5836,331115.38
961758.0,22.96,101572.88,109.37,0.457,-2.957,9.45,-0.031,0.005,0.015,-18.006,-2.589,937.258,54.306145,-5.583599,331115.44
962007.0,22.96,101572.38,109.41,0.467,-2.964,9.455,-0.032,0.006,0.015,-17.972,-2.593,937.475,54.306145,-5.583599,331115.44
962254.0,22.96,101571.31,109.5,0.46,-2.971,9.445,-0.032,0.006,0.014,-18.023,-2.572,937.682,54.306145,-5.583599,331115.44
962503.0,22.96,101570.74,109.55,0.464,-2.978,9.459,-0.031,0.005,0.015,-17.973,-2.579,937.896,54.306145,-5.583599,331115.44
962756.0,22.96,101570.09,109.6,0.462,-2.974,9.395,-0.031,0.005,0.015,-17.95,-2.554,938.112,54.306145,-5.5836,331115.38
963005.0,22.96,101569.92,109.62,0.45,-2.959,9.436,-0.032,0.005,0.014,-17.943,-2.56,938.325,54.306145,-5.5836,331115.38
963255.0,22.96,101569.67,109.64,0.457,-2.959,9.45,-0.032,0.005,0.015,-18.034,-2.559,938.54,54.306145,-5.5836,331115.38
963504.0,22.96,101569.27,109.67,0.462,-2.971,9.455,-0.032,0.005,0.015,-17.972,-2.557,938.753,54.306145,-5.5836,331115.38
963758.0,22.97,101569.31,109.67,0.445,-2.95,9.428,-0.032,0.005,0.015,-17.959,-2.549,938.971,54.306145,-5.5836,331115.38
964007.0,22.97,101569.56,109.65,0.45,-2.969,9.436,-0.033,0.005,0.015,-17.936,-2.556,939.187,54.306145,-5.5836,331115.38
964278.0,22.97,101569.16,109.68,0.453,-2.974,9.428,-0.031,0.006,0.015,-18.102,-2.518,939.422,54.306145,-5.5836,331115.38
964505.0,22.97,101569.2,109.68,0.455,-2.976,9.421,-0.031,0.005,0.015,-18.018,-2.544,939.617,54.306145,-5.5836,331115.38
964759.0,22.97,101569.05,109.69,0.455,-2.966,9.421,-0.031,0.005,0.015,-17.97,-2.559,939.835,54.306145,-5.5836,331115.38
965008.0,22.98,101569.29,109.67,0.464,-2.94,9.443,-0.032,0.005,0.015,-17.945,-2.556,940.052,54.306145,-5.5836,331115.38
965278.0,22.98,101568.64,109.72,0.462,-2.94,9.428,-0.031,0.005,0.015,-18.103,-2.528,940.284,54.306145,-5.5836,331115.38
965505.0,22.98,101568.55,109.73,0.46,-2.974,9.45,-0.031,0.005,0.015,-18.006,-2.558,940.48,54.306145,-5.5836,331115.38
965758.0,22.98,101568.44,109.74,0.455,-2.966,9.414,-0.032,0.005,0.015,-17.965,-2.569,940.697,54.306145,-5.5836,331115.38
966007.0,22.98,101569.18,109.68,0.464,-2.978,9.452,-0.032,0.005,0.016,-17.938,-2.568,940.91,54.306145,-5.5836,331115.38
966254.0,22.98,101568.86,109.71,0.448,-2.957,9.433,-0.031,0.005,0.015,-18.003,-2.563,941.122,54.306145,-5.5836,331115.38
966504.0,22.98,101568.86,109.71,0.455,-2.969,9.445,-0.031,0.005,0.015,-17.95,-2.567,941.337,54.306145,-5.5836,331115.38
966757.0,22.98,101568.94,109.7,0.469,-2.947,9.464,-0.031,0.005,0.015,-17.96,-2.592,941.554,54.306145,-5.5836,331115.38
967007.0,22.98,101568.28,109.75,0.479,-2.998,9.44,-0.031,0.006,0.016,-18.086,-2.642,941.768,54.306145,-5.5836,331115.38
967254.0,22.99,101568.06,109.77,0.455,-2.978,9.416,-0.032,0.006,0.015,-18.205,-2.635,941.979,54.306145,-5.5836,331115.38
967504.0,22.99,101567.95,109.78,0.45,-2.974,9.438,-0.031,0.005,0.015,-18.061,-2.595,942.193,54.306145,-5.5836,331115.38
967757.0,22.99,101567.13,109.85,0.455,-2.966,9.431,-0.032,0.005,0.015,-17.987,-2.566,942.409,54.306145,-5.5836,331115.38
968006.0,22.99,101566.64,109.89,0.46,-2.971,9.45,-0.032,0.005,0.015,-17.961,-2.577,942.624,54.306145,-5.5836,331115.38
968258.0,22.99,101566.89,109.87,0.464,-2.945,9.438,-0.031,0.006,0.016,-18.014,-2.557,942.84,54.306145,-5.5836,331115.38
968507.0,23.0,101567.79,109.79,0.472,-2.959,9.431,-0.032,0.005,0.015,-17.969,-2.559,943.053,54.306145,-5.5836,331115.38
968755.0,23.0,101568.33,109.75,0.476,-2.964,9.459,-0.032,0.005,0.016,-17.948,-2.565,943.265,54.306145,-5.5836,331115.38
969004.0,23.0,101568.41,109.74,0.488,-2.974,9.448,-0.031,0.005,0.014,-17.938,-2.586,943.478,54.306145,-5.5836,331115.38
969258.0,23.0,101568.17,109.76,0.448,-2.974,9.436,-0.03,0.005,0.015,-18.005,-2.555,943.697,54.306145,-5.5836,331115.38
969507.0,23.0,101568.06,109.77,0.455,-2.969,9.462,-0.033,0.005,0.015,-17.96,-2.543,943.909,54.306145,-5.5836,331115.38
969755.0,23.01,101568.23,109.76,0.457,-2.988,9.438,-0.032,0.006,0.015,-17.947,-2.566,944.119,54.306145,-5.5836,331115.38
970004.0,23.01,101567.78,109.8,0.445,-2.957,9.436,-0.031,0.006,0.015,-17.936,-2.567,944.335,54.306145,-5.5836,331115.38
970255.0,23.01,101566.55,109.9,0.474,-2.964,9.45,-0.03,0.005,0.015,-18.009,-2.566,944.549,54.306145,-5.5836,331115.38
970504.0,23.02,101566.47,109.9,0.455,-2.966,9.459,-0.03,0.006,0.014,-17.944,-2.567,944.761,54.306145,-5.5836,331115.38
970758.0,23.02,101566.39,109.91,0.467,-2.971,9.428,-0.032,0.006,0.015,-17.937,-2.569,944.976,54.306145,-5.5836,331115.38
971007.0,23.02,101567.27,109.84,0.455,-2.971,9.445,-0.032,0.006,0.015,-17.935,-2.551,945.193,54.306145,-5.5836,331115.38
971255.0,23.02,101567.34,109.83,0.448,-2.935,9.445,-0.032,0.005,0.015,-18.01,-2.547,945.406,54.306145,-5.5836,331115.38
971504.0,23.03,101567.42,109.83,0.46,-2.966,9.438,-0.032,0.005,0.016,-17.966,-2.548,945.621,54.306145,-5.5836,331115.38
971758.0,23.03,101567.27,109.84,0.453,-2.978,9.426,-0.031,0.005,0.015,-17.962,-2.567,945.838,54.306145,-5.5836,331115.38
972007.0,23.03,101567.16,109.85,0.438,-2.974,9.448,-0.031,0.006,0.015,-17.926,-2.548,946.053,54.306145,-5.5836,331115.38
972288.0,23.03,101566.91,109.87,0.457,-2.95,9.443,-0.032,0.005,0.015,-18.071,-2.551,946.295,54.306145,-5.5836,331115.38
972504.0,23.04,101566.22,109.93,0.45,-2.962,9.421,-0.031,0.005,0.014,-18.0,-2.55,946.482,54.306145,-5.5836,331115.38
972757.0,23.04,101565.81,109.96,0.505,-3.148,9.436,-0.031,0.005,0.015,-18.168,-2.622,946.698,54.306145,-5.5836,331115.38
973006.0,23.04,101566.14,109.93,0.462,-2.945,9.412,-0.032,0.004,0.015,-18.113,-2.622,946.914,54.306145,-5.5836,331115.38
973291.0,23.05,101566.77,109.88,0.472,-2.942,9.457,-0.031,0.005,0.015,-18.174,-2.559,947.157,54.306145,-5.5836,331115.38
973506.0,23.05,101566.27,109.92,0.46,-2.962,9.428,-0.031,0.005,0.014,-18.03,-2.578,947.34,54.306145,-5.5836,331115.38
973760.0,23.05,101566.41,109.91,0.448,-2.962,9.438,-0.032,0.005,0.015,-17.967,-2.578,947.557,54.306145,-5.5836,331115.38
974003.0,23.06,101566.33,109.92,0.464,-2.971,9.424,-0.031,0.006,0.015,-17.96,-2.577,947.768,54.306145,-5.5836,331115.38
974254.0,23.06,101566.13,109.93,0.46,-2.971,9.438,-0.031,0.005,0.015,-18.02,-2.559,947.984,54.306145,-5.5836,331115.38
974503.0,23.07,101566.62,109.89,0.457,-2.969,9.443,-0.032,0.005,0.015,-17.979,-2.569,948.198,54.306145,-5.5836,331115.38
974757.0,23.07,101567.25,109.84,0.467,-2.964,9.431,-0.033,0.006,0.014,-17.965,-2.571,948.41,54.306145,-5.5836,331115.38
975006.0,23.07,101567.5,109.82,0.448,-2.966,9.436,-0.031,0.005,0.015,-17.947,-2.56,948.627,54.306145,-5.5836,331115.38
975253.0,23.07,101566.84,109.87,0.448,-2.957,9.457,-0.033,0.005,0.014,-18.017,-2.553,948.838,54.306145,-5.5836,331115.38
975508.0,23.08,101567.42,109.83,0.464,-2.95,9.452,-0.031,0.005,0.014,-17.964,-2.562,949.058,54.306145,-5.5836,331115.38
975756.0,23.08,101567.91,109.79,0.46,-2.957,9.436,-0.031,0.006,0.016,-17.958,-2.568,949.27,54.306145,-5.5836,331115.38
976005.0,23.08,101568.45,109.74,0.462,-2.947,9.443,-0.032,0.005,0.015,-17.923,-2.569,949.485,54.306145,-5.5836,331115.38
976254.0,23.08,101568.12,109.73,0.433,-2.952,9.436,-0.032,0.006,0.015,-18.014,-2.549,949.697,54.306145,-5.5836,331115.38
976504.0,23.08,101568.53,109.73,0.455,-2.957,9.448,-0.033,0.005,0.014,-17.953,-2.551,949.911,54.306145,-5.5836,331115.38
976757.0,23.08,101568.05,109.77,0.445,-2.974,9.436,-0.032,0.005,0.015,-17.945,-2.567,950.126,54.306145,-5.5836,331115.38
977007.0,23.08,101568.05,109.77,0.453,-2.959,9.424,-0.031,0.005,0.015,-17.922,-2.566,950.344,54.306145,-5.5836,331115.38
977258.0,23.08,101568.3,109.75,0.457,-2.954,9.45,-0.032,0.006,0.015,-18.017,-2.561,950.561,54.306145,-5.5836,331115.38
977508.0,23.08,101568.45,109.74,0.441,-2.957,9.431,-0.031,0.005,0.015,-17.973,-2.557,950.778,54.306145,-5.5836,331115.38
977756.0,23.08,101567.64,109.81,0.467,-2.952,9.428,-0.031,0.005,0.015,-17.953,-2.559,950.988,54.306145,-5.5836,331115.38
978005.0,23.09,101567.69,109.8,0.457,-2.976,9.448,-0.031,0.005,0.015,-17.944,-2.552,951.201,54.306145,-5.5836,331115.38
978265.0,23.09,101568.18,109.76,0.479,-2.954,9.467,-0.031,0.006,0.015,-18.029,-2.548,951.422,54.306145,-5.5836,331115.38
978504.0,23.09,101568.59,109.73,0.503,-3.081,9.44,-0.031,0.005,0.015,-18.055,-2.601,951.63,54.306145,-5.5836,331115.38
978757.0,23.09,101568.67,109.72,0.467,-2.964,9.431,-0.031,0.004,0.015,-18.206,-2.654,951.847,54.306145,-5.5836,331115.38
979006.0,23.1,101568.64,109.72,0.462,-2.952,9.445,-0.031,0.005,0.015,-18.026,-2.589,952.062,54.306145,-5.5836,331115.38
979269.0,23.1,101568.45,109.74,0.467,-2.962,9.433,-0.031,0.006,0.015,-18.06,-2.562,952.289,54.306145,-5.5836,331115.38
979507.0,23.1,101568.2,109.76,0.462,-2.981,9.448,-0.032,0.005,0.015,-17.975,-2.557,952.494,54.306145,-5.5836,331115.38
979755.0,23.1,101567.88,109.79,0.457,-2.966,9.431,-0.032,0.005,0.015,-17.937,-2.573,952.709,54.306145,-5.5836,331115.38
980004.0,23.11,101567.8,109.79,0.45,-2.957,9.457,-0.033,0.006,0.015,-17.919,-2.563,952.926,54.306145,-5.5836,331115.38
980313.0,23.11,101567.55,109.81,0.462,-2.971,9.445,-0.031,0.005,0.015,-18.112,-2.538,953.189,54.306145,-5.5836,331115.38
980506.0,23.11,101567.6,109.81,0.443,-2.952,9.438,-0.032,0.006,0.015,-18.021,-2.557,953.355,54.306145,-5.5836,331115.38
980759.0,23.11,101567.11,109.85,0.45,-2.954,9.44,-0.032,0.006,0.015,-17.957,-2.579,953.575,54.306145,-5.5836,331115.38
981003.0,23.11,101567.52,109.82,0.445,-2.964,9.44,-0.032,0.005,0.015,-17.932,-2.567,953.787,54.306145,-5.5836,331115.38
981282.0,23.12,101567.27,109.84,0.474,-2.959,9.45,-0.03,0.006,0.015,-18.011,-2.559,954.028,54.306145,-5.5836,331115.38
981504.0,23.12,101566.67,109.89,0.443,-2.959,9.445,-0.031,0.005,0.014,-17.969,-2.564,954.219,54.306145,-5.5836,331115.38
981757.0,23.12,101566.34,109.91,0.453,-2.947,9.438,-0.032,0.006,0.015,-17.931,-2.551,954.433,54.306145,-5.583601,331115.34
982006.0,23.12,101566.42,109.91,0.457,-2.964,9.431,-0.031,0.005,0.015,-17.93,-2.566,954.647,54.306145,-5.583601,331115.34
982321.0,23.12,101567.16,109.85,0.457,-2.974,9.457,-0.032,0.006,0.015,-18.104,-2.521,954.919,54.306145,-5.583601,331115.34
982508.0,23.12,101567.16,109.85,0.457,-2.986,9.424,-0.033,0.005,0.015,-18.031,-2.54,955.081,54.306145,-5.583601,331115.34
982756.0,23.13,101567.54,109.82,0.455,-2.954,9.433,-0.031,0.006,0.015,-17.966,-2.561,955.293,54.306145,-5.583601,331115.34
983005.0,23.13,101568.2,109.76,0.464,-2.971,9.428,-0.031,0.005,0.015,-17.957,-2.555,955.51,54.306145,-5.583601,331115.34
983274.0,23.13,101568.28,109.75,0.453,-2.95,9.44,-0.032,0.005,0.016,-18.023,-2.553,955.744,54.306145,-5.583601,331115.34
983507.0,23.13,101567.62,109.81,0.445,-2.945,9.445,-0.032,0.005,0.014,-17.978,-2.553,955.946,54.306145,-5.583601,331115.34
983754.0,23.14,101567.52,109.82,0.464,-2.966,9.44,-0.032,0.005,0.015,-17.971,-2.562,956.158,54.306145,-5.583601,331115.34
984003.0,23.14,101566.69,109.89,0.467,-2.954,9.443,-0.032,0.005,0.015,-17.942,-2.585,956.373,54.306145,-5.583601,331115.34
984279.0,23.14,101567.19,109.84,0.436,-2.976,9.436,-0.031,0.005,0.015,-18.02,-2.577,956.612,54.306145,-5.583601,331115.34
984506.0,23.14,101567.56,109.81,0.476,-2.978,9.431,-0.031,0.005,0.015,-18.139,-2.638,956.806,54.306145,-5.583601,331115.34
984759.0,23.14,101567.73,109.8,0.453,-2.964,9.455,-0.032,0.006,0.015,-18.011,-2.606,957.022,54.306145,-5.583601,331115.34
985008.0,23.14,101567.89,109.79,0.431,-2.957,9.421,-0.031,0.004,0.015,-17.976,-2.579,957.238,54.306145,-5.583601,331115.34
985288.0,23.15,101567.98,109.78,0.469,-2.964,9.424,-0.031,0.005,0.014,-18.04,-2.555,957.476,54.306145,-5.583601,331115.34
985503.0,23.15,101568.22,109.76,0.448,-2.959,9.45,-0.031,0.005,0.015,-17.978,-2.56,957.662,54.306145,-5.583601,331115.34
985757.0,23.15,101567.89,109.79,0.455,-2.966,9.424,-0.032,0.006,0.015,-17.967,-2.557,957.878,54.306145,-5.583601,331115.34
986005.0,23.15,101567.78,109.8,0.443,-2.959,9.445,-0.031,0.005,0.015,-17.944,-2.551,958.094,54.306145,-5.583601,331115.34
986293.0,23.15,101567.12,109.84,0.464,-2.962,9.431,-0.031,0.005,0.014,-18.006,-2.544,958.34,54.306145,-5.583601,331115.34
986503.0,23.15,101566.96,109.86,0.453,-2.969,9.421,-0.031,0.005,0.015,-17.955,-2.544,958.52,54.306145,-5.583601,331115.34
986756.0,23.15,101566.96,109.86,0.464,-2.978,9.428,-0.031,0.005,0.015,-17.94,-2.543,958.737,54.306145,-5.583601,331115.34
987005.0,23.15,101566.8,109.88,0.464,-2.966,9.443,-0.031,0.005,0.015,-17.952,-2.564,958.955,54.306145,-5.583601,331115.34
987301.0,23.15,101567.29,109.84,0.445,-2.954,9.419,-0.032,0.006,0.016,-18.025,-2.554,959.211,54.306145,-5.583601,331115.34
987505.0,23.15,101567.53,109.82,0.441,-2.966,9.421,-0.031,0.005,0.015,-17.986,-2.56,959.388,54.306145,-5.583601,331115.34
987758.0,23.15,101567.2,109.84,0.455,-2.964,9.45,-0.031,0.005,0.015,-17.953,-2.554,959.608,54.306145,-5.583601,331115.34
988007.0,23.16,101566.8,109.88,0.453,-2.947,9.409,-0.031,0.005,0.015,-17.927,-2.563,959.823,54.306145,-5.583601,331115.34
988341.0,23.16,101565.7,109.97,0.46,-2.978,9.421,-0.031,0.006,0.015,-18.096,-2.534,960.114,54.306145,-5.583601,331115.34
988506.0,23.16,101565.78,109.96,0.431,-2.952,9.445,-0.03,0.006,0.015,-18.004,-2.53,960.254,54.306145,-5.583601,331115.34
988759.0,23.16,101565.62,109.97,0.443,-2.959,9.421,-0.032,0.005,0.015,-17.968,-2.557,960.471,54.306145,-5.583601,331115.34
989003.0,23.16,101566.03,109.94,0.455,-2.978,9.431,-0.031,0.005,0.015,-17.954,-2.559,960.684,54.306145,-5.583601,331115.34
989309.0,23.17,101566.44,109.91,0.453,-2.947,9.445,-0.032,0.005,0.015,-18.045,-2.539,960.95,54.306145,-5.583601,331115.34
989507.0,23.17,101566.33,109.92,0.46,-2.962,9.409,-0.032,0.006,0.015,-17.972,-2.555,961.123,54.306145,-5.583601,331115.34
989755.0,23.17,101565.92,109.95,0.45,-2.969,9.438,-0.031,0.005,0.015,-17.957,-2.547,961.334,54.306145,-5.583601,331115.34
990004.0,23.17,101566.16,109.93,0.46,-2.95,9.443,-0.033,0.005,0.016,-17.928,-2.563,961.552,54.306145,-5.583601,331115.34
990346.0,23.18,101566.3,109.92,0.464,-2.962,9.421,-0.032,0.005,0.015,-18.394,-2.619,961.85,54.306145,-5.583601,331115.34
990506.0,23.18,101566.55,109.9,0.467,-2.974,9.443,-0.031,0.005,0.015,-18.198,-2.581,961.989,54.306145,-5.583601,331115.34
990759.0,23.18,101566.05,109.94,0.46,-2.974,9.448,-0.031,0.006,0.015,-18.055,-2.57,962.206,54.306145,-5.5836,331115.38
991008.0,23.18,101565.78,109.96,0.45,-2.969,9.448,-0.033,0.006,0.015,-17.986,-2.564,962.424,54.306145,-5.5836,331115.38
991298.0,23.19,101566.19,109.93,0.448,-2.964,9.443,-0.032,0.005,0.015,-18.037,-2.555,962.676,54.306145,-5.5836,331115.38
991508.0,23.19,101566.59,109.89,0.455,-2.935,9.421,-0.031,0.005,0.015,-17.961,-2.561,962.857,54.306145,-5.5836,331115.38
991755.0,23.19,101566.98,109.86,0.464,-2.974,9.438,-0.032,0.005,0.015,-17.947,-2.559,963.071,54.306145,-5.5836,331115.38
992005.0,23.19,101566.73,109.88,0.448,-2.976,9.416,-0.032,0.005,0.015,-17.917,-2.549,963.287,54.306145,-5.5836,331115.38
992254.0,23.2,101566.98,109.86,0.448,-2.962,9.436,-0.032,0.005,0.016,-17.929,-2.552,963.503,54.306145,-5.5836,331115.38
992505.0,23.2,101566.48,109.9,0.46,-2.969,9.452,-0.032,0.005,0.015,-17.966,-2.558,963.718,54.306145,-5.5836,331115.38
992759.0,23.2,101567.23,109.84,0.467,-2.957,9.452,-0.032,0.005,0.014,-17.951,-2.564,963.936,54.306145,-5.583601,331115.34
993008.0,23.2,101567.28,109.84,0.464,-2.962,9.428,-0.032,0.005,0.016,-17.937,-2.552,964.155,54.306145,-5.583601,331115.34
993257.0,23.21,101567.94,109.78,0.46,-2.974,9.452,-0.031,0.006,0.015,-17.94,-2.57,964.372,54.306145,-5.583601,331115.34
993507.0,23.21,101568.31,109.75,0.467,-2.962,9.436,-0.031,0.005,0.015,-17.976,-2.562,964.587,54.306145,-5.583601,331115.34
993755.0,23.21,101568.56,109.73,0.445,-2.971,9.438,-0.032,0.005,0.014,-17.948,-2.572,964.798,54.306145,-5.583601,331115.34
994004.0,23.21,101568.23,109.76,0.462,-2.957,9.45,-0.032,0.005,0.016,-17.934,-2.552,965.013,54.306145,-5.583601,331115.34
994253.0,23.21,101568.64,109.72,0.476,-2.957,9.412,-0.032,0.005,0.015,-17.944,-2.582,965.228,54.306145,-5.583601,331115.34
994507.0,23.21,101567.82,109.79,0.469,-2.966,9.431,-0.033,0.005,0.015,-17.963,-2.573,965.449,54.306145,-5.583601,331115.34
994754.0,23.22,101568.2,109.76,0.455,-2.959,9.424,-0.031,0.006,0.014,-17.945,-2.56,965.663,54.306145,-5.583601,331115.34
995003.0,23.22,101567.88,109.79,0.455,-2.95,9.476,-0.03,0.005,0.015,-17.941,-2.557,965.882,54.306145,-5.583601,331115.34
995253.0,23.22,101567.95,109.78,0.462,-2.957,9.44,-0.032,0.004,0.016,-17.93,-2.571,966.101,54.306145,-5.583601,331115.34
995505.0,23.22,101568.53,109.73,0.457,-2.969,9.426,-0.03,0.005,0.014,-17.979,-2.569,966.319,54.306145,-5.583601,331115.34
995758.0,23.22,101568.04,109.77,0.455,-2.962,9.426,-0.031,0.005,0.015,-17.96,-2.573,966.535,54.306145,-5.583601,331115.34
996007.0,23.22,101567.95,109.78,0.469,-3.007,9.433,-0.031,0.004,0.015,-18.082,-2.619,966.753,54.306145,-5.583601,331115.34
996256.0,23.23,101568.34,109.75,0.433,-2.959,9.424,-0.031,0.005,0.015,-18.097,-2.604,966.967,54.306145,-5.583601,331115.34
996507.0,23.23,101569.0,109.69,0.445,-2.957,9.428,-0.032,0.006,0.015,-18.124,-2.576,967.187,54.306145,-5.583601,331115.34
996755.0,23.23,101568.34,109.75,0.462,-2.962,9.44,-0.031,0.006,0.015,-18.029,-2.558,967.402,54.306145,-5.583601,331115.34
997004.0,23.23,101567.73,109.8,0.441,-2.957,9.443,-0.032,0.006,0.014,-17.97,-2.553,967.615,54.306145,-5.583601,331115.34
997253.0,23.24,101567.32,109.83,0.464,-2.962,9.421,-0.031,0.005,0.014,-17.949,-2.545,967.83,54.306145,-5.583601,331115.34
997504.0,23.24,101567.08,109.85,0.45,-2.947,9.445,-0.031,0.006,0.015,-17.996,-2.548,968.049,54.306145,-5.583601,331115.34
997757.0,23.24,101567.22,109.84,0.457,-2.971,9.462,-0.031,0.005,0.014,-17.954,-2.567,968.265,54.306145,-5.583601,331115.34
998006.0,23.24,101566.88,109.87,0.46,-2.954,9.431,-0.033,0.005,0.015,-17.949,-2.587,968.478,54.306145,-5.583601,331115.34
998256.0,23.25,101566.64,109.89,0.457,-2.966,9.438,-0.032,0.005,0.015,-17.942,-2.57,968.694,54.306145,-5.583601,331115.34
998507.0,23.25,101566.86,109.87,0.479,-2.964,9.433,-0.032,0.005,0.015,-18.034,-2.559,968.908,54.306145,-5.583601,331115.34
998755.0,23.25,101566.77,109.88,0.45,-2.947,9.438,-0.031,0.005,0.015,-17.96,-2.557,969.121,54.306145,-5.583601,331115.34
999004.0,23.25,101566.44,109.91,0.472,-2.952,9.419,-0.031,0.005,0.015,-17.947,-2.561,969.341,54.306145,-5.583601,331115.34
999253.0,23.25,101565.62,109.97,0.464,-2.952,9.44,-0.031,0.005,0.016,-17.921,-2.575,969.558,54.306145,-5.583601,331115.34
999503.0,23.25,101565.3,110.0,0.464,-2.959,9.433,-0.03,0.005,0.015,-17.956,-2.568,969.771,54.306145,-5.583601,331115.34
999757.0,23.25,101565.3,110.0,0.457,-2.974,9.436,-0.032,0.005,0.015,-17.941,-2.566,969.99,54.306145,-5.583601,331115.34
1000006.0,23.25,101565.88,109.95,0.457,-2.962,9.44,-0.03,0.005,0.015,-17.939,-2.572,970.206,54.306145,-5.583601,331115.34
1000255.0,23.26,101565.95,109.95,0.455,-2.964,9.44,-0.029,0.006,0.016,-17.934,-2.573,970.42,54.306145,-5.583601,331115.34
1000503.0,23.26,101565.67,109.97,0.436,-2.969,9.457,-0.03,0.006,0.014,-17.972,-2.558,970.633,54.306145,-5.583601,331115.34
1000757.0,23.26,101565.76,109.96,0.46,-2.966,9.428,-0.032,0.005,0.015,-17.954,-2.581,970.851,54.306145,-5.583601,331115.34
1001006.0,23.26,101565.84,109.96,0.464,-2.962,9.428,-0.031,0.005,0.015,-17.942,-2.552,971.069,54.306145,-5.583601,331115.34
1001255.0,23.27,101566.22,109.93,0.457,-2.954,9.452,-0.031,0.005,0.016,-17.943,-2.54,971.287,54.306145,-5.583601,331115.34
1001504.0,23.27,101566.62,109.89,0.445,-2.976,9.428,-0.031,0.005,0.015,-17.992,-2.541,971.501,54.306145,-5.583601,331115.34
1001758.0,23.27,101566.05,109.94,0.508,-3.105,9.44,-0.03,0.006,0.015,-18.133,-2.605,971.723,54.306145,-5.583601,331115.34
1002007.0,23.27,101565.45,109.99,0.46,-2.959,9.414,-0.032,0.005,0.015,-18.113,-2.602,971.939,54.306145,-5.583601,331115.34
1002256.0,23.27,101564.62,110.06,0.453,-2.971,9.467,-0.031,0.006,0.016,-17.996,-2.564,972.153,54.306145,-5.583601,331115.34
1002508.0,23.28,101564.55,110.06,0.445,-2.976,9.426,-0.031,0.005,0.015,-18.013,-2.553,972.369,54.306145,-5.583601,331115.34
1002755.0,23.28,101564.96,110.02,0.462,-2.966,9.424,-0.031,0.005,0.016,-17.992,-2.568,972.581,54.306145,-5.583601,331115.34
1003004.0,23.28,101564.96,110.03,0.462,-2.959,9.407,-0.031,0.005,0.015,-17.963,-2.572,972.798,54.306145,-5.583601,331115.34
1003253.0,23.28,101565.7,109.97,0.45,-2.964,9.431,-0.031,0.005,0.014,-17.947,-2.567,973.013,54.306145,-5.583601,331115.34
1003503.0,23.28,101565.75,109.96,0.453,-2.974,9.419,-0.032,0.005,0.015,-17.999,-2.558,973.227,54.306145,-5.583601,331115.34
1003756.0,23.29,101565.34,110.0,0.457,-2.962,9.433,-0.031,0.005,0.015,-17.97,-2.572,973.446,54.306145,-5.583601,331115.34
1004005.0,23.29,101565.47,109.99,0.448,-2.959,9.436,-0.031,0.005,0.015,-17.951,-2.569,973.662,54.306145,-5.583601,331115.34
1004254.0,23.3,101565.31,110.0,0.464,-2.974,9.421,-0.031,0.005,0.015,-17.941,-2.572,973.877,54.306145,-5.583601,331115.34
1004503.0,23.3,101565.77,109.96,0.46,-2.964,9.433,-0.031,0.005,0.016,-18.038,-2.55,974.094,54.306145,-5.583601,331115.34
1004757.0,23.3,101565.44,109.99,0.443,-2.95,9.457,-0.031,0.005,0.015,-17.979,-2.564,974.313,54.306145,-5.583601,331115.34
1005006.0,23.3,101564.88,110.04,0.462,-2.976,9.44,-0.031,0.005,0.014,-17.951,-2.56,974.529,54.306145,-5.583601,331115.34
1005255.0,23.3,101564.38,110.09,0.441,-2.942,9.45,-0.031,0.005,0.015,-17.944,-2.549,974.744,54.306145,-5.583601,331115.34
1005508.0,23.3,101563.94,110.11,0.457,-2.978,9.428,-0.031,0.005,0.015,-17.994,-2.544,974.959,54.306145,-5.583601,331115.34
1005756.0,23.31,101563.86,110.12,0.474,-2.964,9.428,-0.032,0.005,0.015,-17.984,-2.555,975.172,54.306145,-5.583601,331115.34
1006005.0,23.31,101564.52,110.07,0.438,-2.969,9.433,-0.032,0.005,0.015,-17.951,-2.564,975.389,54.306145,-5.583601,331115.34
1006254.0,23.31,101564.73,110.05,0.457,-2.954,9.416,-0.032,0.005,0.015,-17.934,-2.578,975.604,54.306145,-5.583601,331115.34
1006504.0,23.32,101564.98,110.03,0.462,-2.962,9.428,-0.032,0.005,0.015,-18.001,-2.568,975.818,54.306145,-5.583601,331115.34
1006757.0,23.32,101565.14,110.01,0.441,-2.957,9.445,-0.032,0.005,0.016,-17.947,-2.561,976.037,54.306145,-5.583601,331115.34
1007006.0,23.32,101566.04,109.94,0.455,-2.957,9.45,-0.031,0.006,0.015,-17.948,-2.558,976.254,54.306145,-5.583601,331115.34
1007256.0,23.32,101566.53,109.9,0.443,-2.954,9.436,-0.03,0.005,0.015,-17.929,-2.561,976.47,54.306145,-5.583601,331115.34
1007505.0,23.32,101566.26,109.92,0.508,-3.062,9.448,-0.031,0.005,0.015,-18.116,-2.581,976.682,54.306145,-5.583601,331115.34
1007759.0,23.32,101565.19,110.01,0.46,-2.974,9.436,-0.031,0.005,0.015,-18.233,-2.641,976.9,54.306145,-5.583601,331115.34
1008008.0,23.32,101564.2,110.09,0.462,-2.947,9.419,-0.031,0.006,0.015,-18.053,-2.599,977.121,54.306145,-5.583601,331115.34
1008257.0,23.33,101564.28,110.09,0.453,-2.962,9.45,-0.032,0.005,0.015,-17.984,-2.588,977.336,54.306145,-5.583601,331115.34
1008503.0,23.33,101565.0,110.03,0.448,-2.942,9.438,-0.031,0.005,0.015,-18.008,-2.576,977.551,54.306145,-5.583601,331115.34
1008757.0,23.33,101564.59,110.06,0.453,-2.947,9.448,-0.032,0.006,0.015,-17.961,-2.575,977.769,54.306145,-5.583601,331115.34
1009006.0,23.33,101564.17,110.09,0.457,-2.966,9.45,-0.031,0.005,0.015,-17.944,-2.559,977.988,54.306145,-5.583601,331115.34
1009255.0,23.34,101564.88,110.04,0.476,-2.954,9.433,-0.031,0.004,0.016,-17.93,-2.575,978.205,54.306145,-5.583601,331115.34
1009505.0,23.34,101565.46,109.99,0.467,-2.952,9.438,-0.032,0.005,0.015,-17.981,-2.573,978.42,54.306145,-5.583601,331115.34
1009758.0,23.34,101565.05,110.02,0.457,-2.981,9.464,-0.032,0.006,0.015,-17.946,-2.56,978.639,54.306145,-5.583601,331115.34
1010007.0,23.34,101564.23,110.09,0.462,-2.954,9.426,-0.031,0.005,0.015,-17.95,-2.563,978.853,54.306145,-5.583601,331115.34
1010257.0,23.34,101563.58,110.16,0.457,-2.964,9.443,-0.03,0.005,0.014,-17.929,-2.565,979.07,54.306145,-5.583601,331115.34
1010508.0,23.34,101563.33,110.16,0.453,-2.964,9.438,-0.031,0.005,0.015,-17.972,-2.562,979.284,54.306145,-5.583601,331115.34
1010756.0,23.34,101562.09,110.27,0.46,-2.969,9.462,-0.032,0.005,0.015,-17.955,-2.563,979.498,54.306145,-5.583601,331115.34
1011005.0,23.35,101562.56,110.23,0.443,-2.964,9.443,-0.031,0.004,0.015,-17.94,-2.547,979.714,54.306145,-5.583601,331115.34
1011254.0,23.35,101563.3,110.17,0.45,-2.947,9.414,-0.031,0.005,0.015,-17.933,-2.55,979.93,54.306145,-5.583601,331115.34
1011507.0,23.35,101563.54,110.15,0.476,-2.952,9.431,-0.032,0.005,0.015,-17.978,-2.551,980.146,54.306145,-5.583601,331115.34
1011755.0,23.35,101564.25,110.09,0.472,-2.952,9.433,-0.031,0.005,0.015,-17.948,-2.575,980.363,54.306145,-5.583601,331115.34
1012004.0,23.35,101564.09,110.1,0.469,-2.966,9.431,-0.03,0.006,0.015,-17.949,-2.576,980.581,54.306145,-5.583601,331115.34
1012253.0,23.36,101565.28,110.0,0.467,-2.983,9.419,-0.031,0.005,0.015,-17.949,-2.581,980.797,54.306145,-5.583601,331115.34
1012508.0,23.37,101565.94,109.95,0.443,-2.969,9.44,-0.031,0.005,0.015,-18.07,-2.545,981.02,54.306145,-5.583601,331115.34
1012756.0,23.37,101566.56,109.9,0.433,-2.962,9.433,-0.031,0.005,0.014,-18.0,-2.557,981.234,54.306145,-5.583601,331115.34
1013005.0,23.37,101566.81,109.88,0.453,-2.966,9.407,-0.03,0.005,0.015,-17.954,-2.553,981.452,54.306145,-5.583601,331115.34
1013254.0,23.38,101566.08,109.94,0.486,-3.093,9.436,-0.032,0.005,0.016,-18.026,-2.607,981.669,54.306145,-5.583601,331115.34
1013507.0,23.38,101565.64,109.97,0.481,-2.986,9.426,-0.032,0.006,0.015,-18.172,-2.659,981.89,54.306145,-5.583601,331115.34
1013754.0,23.38,101565.47,109.99,0.445,-2.971,9.421,-0.031,0.005,0.015,-18.039,-2.608,982.104,54.306145,-5.583601,331115.34
1014003.0,23.38,101565.8,109.96,0.469,-2.976,9.436,-0.031,0.004,0.014,-17.973,-2.582,982.32,54.306145,-5.583601,331115.34
1014258.0,23.38,101565.64,109.97,0.455,-2.962,9.443,-0.031,0.005,0.015,-17.937,-2.581,982.54,54.306145,-5.583601,331115.34
1014508.0,23.38,101565.39,109.99,0.462,-2.957,9.45,-0.031,0.005,0.015,-17.997,-2.559,982.753,54.306145,-5.583601,331115.34
1014755.0,23.38,101565.8,109.96,0.472,-2.938,9.419,-0.031,0.005,0.015,-17.956,-2.583,982.969,54.306145,-5.583601,331115.34
1015004.0,23.39,101566.34,109.91,0.46,-2.969,9.445,-0.03,0.005,0.015,-17.937,-2.574,983.187,54.306145,-5.583601,331115.34
1015253.0,23.39,101566.75,109.88,0.46,-2.947,9.424,-0.031,0.005,0.015,-17.942,-2.583,983.4,54.306145,-5.583601,331115.34
1015506.0,23.39,101567.16,109.85,0.445,-2.966,9.45,-0.032,0.005,0.015,-18.041,-2.544,983.617,54.306145,-5.583601,331115.34
1015759.0,23.39,101566.89,109.87,0.469,-2.954,9.438,-0.03,0.006,0.015,-17.988,-2.57,983.835,54.306145,-5.583601,331115.34
1016003.0,23.4,101566.97,109.86,0.462,-2.978,9.419,-0.032,0.004,0.015,-17.956,-2.576,984.05,54.306145,-5.583601,331115.34
1016258.0,23.4,101567.47,109.82,0.462,-2.964,9.416,-0.031,0.005,0.015,-17.947,-2.584,984.27,54.306145,-5.583601,331115.34
1016503.0,23.4,101568.01,109.78,0.467,-2.964,9.431,-0.031,0.005,0.015,-17.996,-2.587,984.483,54.306145,-5.583601,331115.34
1016757.0,23.4,101567.68,109.8,0.457,-2.954,9.414,-0.031,0.005,0.015,-17.964,-2.582,984.699,54.306145,-5.583601,331115.34
1017006.0,23.4,101568.01,109.78,0.46,-2.981,9.419,-0.031,0.004,0.015,-17.949,-2.558,984.916,54.306145,-5.583601,331115.34
1017255.0,23.4,101567.52,109.82,0.455,-2.966,9.436,-0.033,0.004,0.014,-17.932,-2.575,985.129,54.306145,-5.583601,331115.34
1017503.0,23.41,101567.27,109.84,0.445,-2.959,9.462,-0.032,0.006,0.015,-17.963,-2.568,985.342,54.306145,-5.583601,331115.34
1017756.0,23.41,101566.86,109.87,0.46,-2.974,9.433,-0.031,0.004,0.015,-17.946,-2.566,985.558,54.306145,-5.583601,331115.34
1018005.0,23.41,101566.75,109.88,0.453,-2.964,9.459,-0.031,0.005,0.016,-17.933,-2.564,985.772,54.306145,-5.583601,331115.34
1018254.0,23.41,101567.32,109.83,0.479,-2.959,9.426,-0.031,0.004,0.015,-17.921,-2.565,985.989,54.306145,-5.583601,331115.34
1018505.0,23.41,101567.48,109.82,0.464,-2.954,9.44,-0.031,0.004,0.016,-17.967,-2.549,986.205,54.306145,-5.583601,331115.34
1018758.0,23.42,101567.95,109.78,0.448,-2.978,9.445,-0.032,0.005,0.015,-17.946,-2.561,986.424,54.306145,-5.583601,331115.34
1019007.0,23.42,101567.87,109.79,0.455,-2.962,9.419,-0.031,0.005,0.015,-17.948,-2.576,986.642,54.306145,-5.583601,331115.34
1019256.0,23.42,101568.11,109.77,0.436,-2.99,9.44,-0.032,0.004,0.015,-18.207,-2.648,986.856,54.306145,-5.583601,331115.34
1019505.0,23.43,101568.52,109.73,0.472,-2.969,9.424,-0.031,0.006,0.015,-18.159,-2.609,987.07,54.306145,-5.583601,331115.34
1019758.0,23.43,101568.25,109.76,0.436,-2.966,9.414,-0.031,0.005,0.015,-18.013,-2.578,987.287,54.306145,-5.583601,331115.34
1020007.0,23.43,101568.33,109.75,0.445,-2.962,9.428,-0.031,0.005,0.016,-17.963,-2.553,987.504,54.306145,-5.583601,331115.34
1020256.0,23.43,101567.92,109.78,0.455,-2.964,9.436,-0.031,0.004,0.014,-17.947,-2.574,987.718,54.306145,-5.583601,331115.34
1020503.0,23.44,101567.8,109.79,0.46,-2.976,9.416,-0.031,0.005,0.015,-18.061,-2.551,987.931,54.306145,-5.583601,331115.34
1020757.0,23.44,101568.55,109.73,0.46,-2.957,9.44,-0.032,0.005,0.016,-17.982,-2.556,988.15,54.306145,-5.583601,331115.34
1021005.0,23.44,101569.45,109.66,0.438,-2.947,9.428,-0.031,0.005,0.015,-17.945,-2.556,988.368,54.306145,-5.583601,331115.34
1021255.0,23.44,101569.94,109.62,0.462,-2.957,9.438,-0.031,0.005,0.015,-17.938,-2.566,988.585,54.306145,-5.583601,331115.34
1021506.0,23.44,101570.65,109.56,0.46,-2.954,9.431,-0.031,0.004,0.015,-18.003,-2.573,988.81,54.306145,-5.583601,331115.34
1021760.0,23.45,101570.89,109.54,0.448,-2.971,9.45,-0.031,0.005,0.015,-17.957,-2.582,989.024,54.306145,-5.583601,331115.34
1022003.0,23.45,101570.07,109.61,0.453,-2.94,9.433,-0.031,0.005,0.015,-17.945,-2.563,989.237,54.306145,-5.583601,331115.34
1022258.0,23.45,101569.66,109.64,0.476,-2.971,9.431,-0.032,0.005,0.015,-17.947,-2.586,989.459,54.306145,-5.583601,331115.34
1022508.0,23.45,101569.71,109.64,0.448,-2.969,9.409,-0.031,0.005,0.015,-18.0,-2.578,989.675,54.306145,-5.583601,331115.34
1022755.0,23.45,101569.71,109.64,0.453,-2.964,9.428,-0.031,0.005,0.015,-17.961,-2.578,989.886,54.306145,-5.583601,331115.34
1023004.0,23.45,101569.05,109.69,0.448,-2.954,9.431,-0.033,0.005,0.016,-17.951,-2.577,990.104,54.306145,-5.583601,331115.34
1023254.0,23.45,101569.22,109.68,0.448,-2.969,9.428,-0.031,0.005,0.015,-17.958,-2.584,990.32,54.306145,-5.583601,331115.34
1023506.0,23.45,101569.14,109.68,0.443,-2.966,9.431,-0.031,0.005,0.015,-18.022,-2.551,990.539,54.306145,-5.583601,331115.34
1023759.0,23.45,101568.81,109.71,0.464,-2.983,9.421,-0.032,0.006,0.015,-17.95,-2.577,990.759,54.306145,-5.583601,331115.34
1024003.0,23.45,101568.65,109.72,0.455,-2.959,9.44,-0.031,0.005,0.015,-17.932,-2.572,990.97,54.306145,-5.583601,331115.34
1024257.0,23.46,101568.56,109.73,0.462,-2.94,9.431,-0.031,0.006,0.015,-17.93,-2.593,991.192,54.306145,-5.583601,331115.34
1024507.0,23.46,101568.31,109.75,0.479,-2.959,9.409,-0.031,0.005,0.015,-18.071,-2.567,991.41,54.306145,-5.583601,331115.34
1024755.0,23.46,101568.7,109.72,0.46,-2.974,9.431,-0.031,0.005,0.016,-17.974,-2.575,991.626,54.306145,-5.583601,331115.34
1025004.0,23.46,101568.53,109.73,0.457,-2.974,9.428,-0.032,0.005,0.014,-18.047,-2.613,991.843,54.306145,-5.583601,331115.34
1025253.0,23.46,101567.95,109.78,0.445,-2.947,9.414,-0.031,0.005,0.016,-18.069,-2.608,992.059,54.306145,-5.583601,331115.34
1025506.0,23.47,101567.39,109.83,0.472,-2.964,9.445,-0.032,0.006,0.014,-18.055,-2.586,992.282,54.306145,-5.583601,331115.34
1025759.0,23.47,101566.78,109.88,0.464,-2.983,9.428,-0.031,0.006,0.015,-18.014,-2.566,992.501,54.306145,-5.583601,331115.34
1026008.0,23.47,101566.38,109.91,0.474,-2.959,9.414,-0.032,0.005,0.015,-17.96,-2.579,992.72,54.306145,-5.583601,331115.34
1026258.0,23.47,101565.8,109.96,0.441,-2.969,9.424,-0.031,0.005,0.015,-17.933,-2.562,992.937,54.306145,-5.583601,331115.34
1026507.0,23.48,101566.26,109.92,0.438,-2.969,9.436,-0.032,0.005,0.015,-17.971,-2.549,993.154,54.306145,-5.583601,331115.34
1026755.0,23.48,101566.5,109.9,0.462,-2.969,9.431,-0.032,0.005,0.015,-17.947,-2.554,993.367,54.306145,-5.583601,331115.34
1027004.0,23.48,101566.88,109.87,0.455,-2.945,9.464,-0.031,0.005,0.015,-17.932,-2.555,993.586,54.306145,-5.583601,331115.34
1027253.0,23.49,101567.78,109.8,0.455,-2.959,9.44,-0.032,0.005,0.016,-17.938,-2.557,993.801,54.306145,-5.583601,331115.34
1027505.0,23.49,101568.03,109.78,0.464,-2.966,9.433,-0.03,0.005,0.015,-17.985,-2.567,994.022,54.306145,-5.583601,331115.34
1027759.0,23.49,101568.61,109.73,0.481,-2.976,9.457,-0.032,0.005,0.016,-17.968,-2.561,994.239,54.306145,-5.583601,331115.34
1028008.0,23.49,101568.66,109.72,0.469,-2.964,9.426,-0.031,0.006,0.015,-17.956,-2.555,994.459,54.306145,-5.583601,331115.34
1028257.0,23.5,101568.74,109.72,0.46,-2.959,9.414,-0.031,0.005,0.015,-17.959,-2.582,994.674,54.306145,-5.583601,331115.34
1028508.0,23.5,101568.98,109.7,0.455,-2.964,9.431,-0.032,0.005,0.015,-18.07,-2.566,994.89,54.306145,-5.583601,331115.34
1028756.0,23.5,101568.7,109.72,0.464,-2.974,9.428,-0.031,0.005,0.016,-18.001,-2.577,995.103,54.306145,-5.583603,331115.25
1029005.0,23.51,101569.04,109.69,0.45,-2.938,9.44,-0.031,0.006,0.015,-17.962,-2.581,995.32,54.306145,-5.583603,331115.25
1029254.0,23.51,101569.53,109.65,0.457,-2.969,9.433,-0.031,0.004,0.015,-17.949,-2.574,995.536,54.306145,-5.583603,331115.25
1029505.0,23.51,101569.09,109.69,0.453,-2.94,9.426,-0.031,0.006,0.015,-18.002,-2.561,995.75,54.306145,-5.583603,331115.25
1029759.0,23.51,101569.01,109.69,0.457,-2.95,9.419,-0.031,0.006,0.015,-17.968,-2.543,995.965,54.306145,-5.583603,331115.25
1030008.0,23.51,101569.42,109.66,0.467,-2.959,9.448,-0.031,0.005,0.015,-17.961,-2.564,996.182,54.306145,-5.583603,331115.25
1030257.0,23.52,101569.17,109.68,0.46,-2.962,9.424,-0.032,0.004,0.015,-17.946,-2.571,996.401,54.306145,-5.583603,331115.25
1030505.0,23.52,101569.06,109.69,0.455,-2.99,9.462,-0.031,0.004,0.015,-18.016,-2.556,996.614,54.306145,-5.583603,331115.25
1030758.0,23.52,101568.73,109.72,0.493,-3.105,9.448,-0.031,0.004,0.016,-18.159,-2.619,996.835,54.306145,-5.583603,331115.25
1031007.0,23.52,101568.81,109.71,0.457,-2.962,9.421,-0.032,0.005,0.015,-18.128,-2.624,997.051,54.306145,-5.583603,331115.25
1031256.0,23.52,101568.73,109.72,0.46,-2.966,9.44,-0.031,0.005,0.016,-18.026,-2.587,997.267,54.306145,-5.583603,331115.25
1031506.0,23.53,101568.78,109.71,0.462,-2.964,9.462,-0.032,0.005,0.014,-18.061,-2.563,997.48,54.306145,-5.583603,331115.25
1031759.0,23.53,101568.7,109.72,0.45,-2.969,9.395,-0.032,0.005,0.015,-17.987,-2.579,997.7,54.306145,-5.583603,331115.25
1032003.0,23.53,101568.12,109.77,0.464,-2.962,9.438,-0.031,0.005,0.016,-17.93,-2.565,997.911,54.306145,-5.583603,331115.25
1032258.0,23.54,101568.27,109.76,0.484,-2.952,9.438,-0.031,0.005,0.014,-17.932,-2.573,998.131,54.306145,-5.583603,331115.25
1032503.0,23.54,101568.39,109.75,0.448,-2.969,9.443,-0.031,0.005,0.015,-18.064,-2.544,998.344,54.306145,-5.583603,331115.25
1032757.0,23.55,101568.39,109.75,0.462,-2.974,9.431,-0.03,0.006,0.015,-18.006,-2.557,998.564,54.306145,-5.583603,331115.25
1033006.0,23.55,101567.49,109.82,0.455,-2.971,9.448,-0.031,0.005,0.015,-17.98,-2.556,998.782,54.306145,-5.583603,331115.25
1033255.0,23.55,101566.55,109.9,0.46,-2.978,9.428,-0.03,0.005,0.015,-17.965,-2.567,999.001,54.306145,-5.583603,331115.25
1033505.0,23.55,101565.33,110.0,0.453,-2.959,9.433,-0.031,0.005,0.015,-18.007,-2.57,999.219,54.306145,-5.583603,331115.25
1033759.0,23.56,101565.08,110.02,0.457,-2.954,9.421,-0.032,0.005,0.015,-17.968,-2.562,999.438,54.306145,-5.583603,331115.25
1034008.0,23.56,101564.97,110.03,0.464,-2.962,9.426,-0.031,0.005,0.014,-17.934,-2.581,999.656,54.306145,-5.583603,331115.25
1034257.0,23.56,101564.88,110.04,0.469,-2.969,9.452,-0.031,0.005,0.015,-17.934,-2.587,999.874,54.306145,-5.583603,331115.25
1034505.0,23.57,101565.02,110.02,0.453,-2.952,9.445,-0.031,0.005,0.015,-17.992,-2.573,1000.088,54.306145,-5.583603,331115.25
1034758.0,23.57,101565.42,109.99,0.457,-2.964,9.421,-0.031,0.005,0.014,-17.959,-2.571,1000.305,54.306145,-5.583603,331115.25
1035007.0,23.57,101566.0,109.94,0.438,-2.959,9.448,-0.03,0.005,0.015,-17.941,-2.568,1000.522,54.306145,-5.583603,331115.25
1035257.0,23.58,101565.97,109.95,0.464,-2.959,9.426,-0.031,0.005,0.015,-17.953,-2.585,1000.74,54.306145,-5.583603,331115.25
1035508.0,23.58,101565.23,110.01,0.453,-2.952,9.438,-0.03,0.006,0.014,-18.005,-2.562,1000.956,54.306145,-5.583603,331115.25
1035755.0,23.58,101565.31,110.0,0.443,-2.966,9.428,-0.031,0.005,0.015,-17.965,-2.561,1001.171,54.306145,-5.583603,331115.25
1036005.0,23.58,101565.37,110.0,0.46,-2.978,9.44,-0.031,0.005,0.015,-17.938,-2.565,1001.388,54.306145,-5.583603,331115.25
1036254.0,23.59,101565.53,109.98,0.464,-2.969,9.44,-0.03,0.005,0.015,-17.946,-2.563,1001.607,54.306145,-5.583603,331115.25
1036506.0,23.59,101565.25,110.0,0.486,-3.072,9.462,-0.032,0.006,0.015,-18.124,-2.57,1001.826,54.306145,-5.583603,331115.25
1036759.0,23.59,101565.34,110.0,0.467,-2.959,9.464,-0.031,0.005,0.015,-18.213,-2.625,1002.047,54.306145,-5.583603,331115.25
1037003.0,23.59,101565.66,109.97,0.46,-2.974,9.445,-0.031,0.005,0.015,-18.046,-2.595,1002.26,54.306145,-5.583603,331115.25
1037258.0,23.6,101566.56,109.9,0.457,-2.969,9.452,-0.031,0.005,0.015,-17.989,-2.572,1002.485,54.306145,-5.583603,331115.25
1037507.0,23.6,101566.95,109.87,0.467,-2.966,9.428,-0.032,0.006,0.015,-18.015,-2.561,1002.702,54.306145,-5.583603,331115.25
1037755.0,23.6,101567.36,109.83,0.464,-2.952,9.459,-0.031,0.005,0.014,-17.966,-2.563,1002.917,54.306145,-5.583603,331115.25
1038004.0,23.6,101567.44,109.82,0.455,-2.959,9.436,-0.031,0.005,0.014,-17.94,-2.574,1003.134,54.306145,-5.583603,331115.25
1038253.0,23.61,101567.03,109.86,0.46,-2.981,9.438,-0.03,0.005,0.015,-17.951,-2.572,1003.349,54.306145,-5.583603,331115.25
1038505.0,23.61,101567.33,109.83,0.445,-2.964,9.428,-0.031,0.005,0.014,-18.008,-2.561,1003.569,54.306145,-5.583603,331115.25
1038759.0,23.61,101566.75,109.88,0.453,-2.969,9.421,-0.031,0.004,0.015,-17.964,-2.56,1003.79,54.306145,-5.583603,331115.25
1039008.0,23.62,101566.89,109.87,0.443,-2.957,9.445,-0.031,0.005,0.015,-17.948,-2.572,1004.008,54.306145,-5.583603,331115.25
1039257.0,23.62,101566.86,109.87,0.45,-2.954,9.438,-0.031,0.004,0.016,-17.93,-2.586,1004.224,54.306145,-5.583603,331115.25
1039507.0,23.62,101565.78,109.96,0.464,-2.978,9.426,-0.03,0.004,0.015,-18.011,-2.581,1004.443,54.306145,-5.583603,331115.25
1039754.0,23.63,101565.05,110.02,0.455,-2.978,9.44,-0.03,0.006,0.014,-17.981,-2.562,1004.655,54.306145,-5.583603,331115.25
1040003.0,23.63,101564.11,110.1,0.455,-2.959,9.433,-0.032,0.005,0.016,-17.954,-2.584,1004.872,54.306145,-5.583603,331115.25
1040253.0,23.63,101563.87,110.12,0.453,-2.942,9.407,-0.031,0.005,0.015,-17.925,-2.58,1005.09,54.306145,-5.583603,331115.25
1040504.0,23.64,101563.87,110.12,0.443,-2.976,9.424,-0.031,0.005,0.015,-18.062,-2.55,1005.303,54.306145,-5.583603,331115.25
1040757.0,23.64,101563.42,110.16,0.448,-2.974,9.443,-0.032,0.005,0.015,-17.999,-2.567,1005.523,54.306145,-5.583603,331115.25
1041006.0,23.64,101562.69,110.22,0.445,-2.952,9.412,-0.03,0.004,0.015,-17.973,-2.559,1005.739,54.306145,-5.583603,331115.25
1041256.0,23.64,101561.7,110.3,0.438,-2.971,9.436,-0.032,0.005,0.015,-17.946,-2.56,1005.958,54.306145,-5.583603,331115.25
1041506.0,23.64,101561.78,110.29,0.46,-2.94,9.45,-0.03,0.005,0.015,-17.971,-2.545,1006.176,54.306145,-5.583603,331115.25
1041759.0,23.64,101562.27,110.25,0.462,-2.954,9.44,-0.031,0.005,0.015,-17.966,-2.563,1006.395,54.306145,-5.583603,331115.25
1042003.0,23.65,101563.48,110.15,0.433,-2.959,9.431,-0.032,0.005,0.015,-17.94,-2.557,1006.608,54.306145,-5.583603,331115.25
1042258.0,23.65,101563.14,110.19,0.484,-3.038,9.443,-0.031,0.005,0.015,-18.025,-2.608,1006.829,54.306145,-5.583603,331115.25
1042503.0,23.65,101564.47,110.07,0.445,-2.983,9.433,-0.03,0.005,0.015,-18.182,-2.642,1007.039,54.306145,-5.583603,331115.25
1042757.0,23.65,101564.67,110.05,0.472,-2.978,9.431,-0.031,0.005,0.015,-18.052,-2.586,1007.256,54.306145,-5.583603,331115.25
1043006.0,23.66,101564.67,110.05,0.436,-2.95,9.426,-0.031,0.004,0.016,-17.968,-2.559,1007.474,54.306145,-5.583603,331115.25
1043255.0,23.66,101564.43,110.07,0.464,-2.957,9.431,-0.032,0.005,0.015,-17.934,-2.567,1007.692,54.306145,-5.583603,331115.25
1043504.0,23.67,101564.23,110.09,0.462,-2.959,9.433,-0.031,0.004,0.015,-17.979,-2.559,1007.908,54.306145,-5.583603,331115.25
1043758.0,23.67,101564.78,110.04,0.436,-2.947,9.438,-0.031,0.005,0.015,-17.945,-2.558,1008.128,54.306145,-5.583603,331115.25
1044007.0,23.68,101565.24,110.01,0.469,-2.978,9.436,-0.032,0.005,0.014,-17.944,-2.573,1008.345,54.306145,-5.583603,331115.25
1044256.0,23.69,101566.11,109.93,0.46,-2.962,9.412,-0.032,0.005,0.015,-17.933,-2.585,1008.558,54.306145,-5.583603,331115.25
1044505.0,23.69,101566.97,109.86,0.448,-2.964,9.421,-0.031,0.004,0.016,-18.045,-2.545,1008.778,54.306145,-5.583603,331115.25
1044758.0,23.69,101566.97,109.86,0.448,-2.966,9.443,-0.031,0.005,0.015,-17.975,-2.561,1008.998,54.306145,-5.583603,331115.25
1045007.0,23.69,101567.54,109.82,0.467,-2.983,9.428,-0.032,0.005,0.015,-17.947,-2.575,1009.214,54.306145,-5.583603,331115.25
1045256.0,23.69,101567.22,109.84,0.436,-2.938,9.445,-0.03,0.005,0.015,-17.909,-2.571,1009.433,54.306145,-5.583603,331115.25
1045505.0,23.7,101567.42,109.83,0.448,-2.952,9.433,-0.032,0.005,0.015,-17.978,-2.554,1009.652,54.306145,-5.583603,331115.25
1045758.0,23.7,101567.51,109.82,0.445,-2.974,9.426,-0.031,0.005,0.015,-17.945,-2.56,1009.87,54.306145,-5.583603,331115.25
1046007.0,23.7,101567.84,109.79,0.443,-2.971,9.433,-0.031,0.005,0.015,-17.936,-2.559,1010.092,54.306145,-5.583603,331115.25
1046256.0,23.7,101568.25,109.76,0.455,-2.976,9.426,-0.031,0.006,0.015,-17.919,-2.584,1010.31,54.306145,-5.583603,331115.25
1046507.0,23.7,101568.95,109.7,0.448,-2.942,9.419,-0.031,0.005,0.015,-18.01,-2.564,1010.529,54.306145,-5.583603,331115.25
1046755.0,23.71,101569.28,109.67,0.455,-2.957,9.438,-0.031,0.005,0.015,-17.966,-2.578,1010.743,54.306145,-5.583603,331115.25
1047004.0,23.71,101569.17,109.68,0.455,-2.971,9.448,-0.031,0.005,0.014,-17.922,-2.57,1010.961,54.306145,-5.583603,331115.25
1047253.0,23.71,101569.58,109.65,0.46,-2.95,9.457,-0.03,0.005,0.015,-17.939,-2.567,1011.177,54.306145,-5.583603,331115.25
1047506.0,23.72,101569.83,109.63,0.46,-2.971,9.414,-0.031,0.006,0.015,-18.01,-2.546,1011.398,54.306145,-5.583603,331115.25
1047760.0,23.72,101570.53,109.57,0.469,-2.964,9.421,-0.033,0.005,0.015,-17.974,-2.558,1011.622,54.306145,-5.583603,331115.25
1048003.0,23.72,101570.2,109.59,0.443,-2.976,9.431,-0.031,0.005,0.015,-17.946,-2.561,1011.838,54.306145,-5.583603,331115.25
1048258.0,23.72,101570.2,109.59,0.467,-2.974,9.431,-0.032,0.005,0.014,-18.231,-2.67,1012.06,54.306145,-5.583603,331115.25
1048504.0,23.72,101570.29,109.59,0.474,-2.969,9.433,-0.031,0.005,0.015,-18.218,-2.627,1012.273,54.306145,-5.583603,331115.25
1048757.0,23.72,101570.29,109.59,0.472,-2.964,9.428,-0.031,0.005,0.015,-18.072,-2.606,1012.492,54.306145,-5.583603,331115.25
1049006.0,23.72,101570.2,109.59,0.464,-2.964,9.409,-0.03,0.005,0.015,-17.971,-2.595,1012.713,54.306145,-5.583603,331115.25
1049256.0,23.72,101569.14,109.68,0.467,-2.957,9.438,-0.032,0.005,0.015,-17.934,-2.588,1012.929,54.306145,-5.583603,331115.25
1049507.0,23.73,101569.8,109.63,0.45,-2.964,9.436,-0.031,0.005,0.015,-18.081,-2.55,1013.154,54.306145,-5.583603,331115.25
1049755.0,23.73,101570.17,109.6,0.453,-2.947,9.45,-0.031,0.005,0.015,-17.977,-2.556,1013.367,54.306145,-5.583603,331115.25
1050004.0,23.73,101569.69,109.64,0.457,-2.964,9.431,-0.031,0.004,0.015,-17.943,-2.561,1013.587,54.306145,-5.583603,331115.25
1050253.0,23.73,101569.44,109.66,0.464,-2.947,9.414,-0.031,0.004,0.015,-17.937,-2.551,1013.806,54.306145,-5.583603,331115.25
1050505.0,23.73,101568.86,109.71,0.46,-2.959,9.445,-0.031,0.005,0.015,-17.989,-2.56,1014.026,54.306145,-5.583603,331115.25
1050759.0,23.74,101569.0,109.69,0.474,-2.952,9.412,-0.031,0.005,0.015,-17.958,-2.573,1014.247,54.306145,-5.583603,331115.25
1051008.0,23.74,101568.91,109.7,0.457,-2.942,9.443,-0.031,0.005,0.015,-17.933,-2.578,1014.468,54.306145,-5.583603,331115.25
1051257.0,23.74,101568.96,109.7,0.467,-2.95,9.419,-0.03,0.005,0.015,-17.935,-2.589,1014.686,54.306145,-5.583603,331115.25
1051508.0,23.74,101568.3,109.75,0.45,-2.962,9.407,-0.03,0.005,0.015,-18.012,-2.577,1014.908,54.306145,-5.583603,331115.25
1051756.0,23.75,101567.23,109.84,0.462,-2.964,9.426,-0.03,0.005,0.015,-17.974,-2.573,1015.121,54.306145,-5.583603,331115.25
1052005.0,23.75,101566.75,109.88,0.445,-2.945,9.443,-0.031,0.005,0.015,-17.945,-2.564,1015.338,54.306145,-5.583603,331115.25
1052254.0,23.75,101566.17,109.93,0.453,-2.966,9.436,-0.032,0.004,0.015,-17.943,-2.56,1015.555,54.306145,-5.583603,331115.25
1052503.0,23.75,101566.14,109.93,0.448,-2.966,9.424,-0.03,0.005,0.015,-18.08,-2.53,1015.777,54.306145,-5.583603,331115.25
1052756.0,23.76,101565.56,109.94,0.443,-2.959,9.438,-0.031,0.005,0.015,-17.983,-2.549,1015.995,54.306145,-5.583603,331115.25
1053005.0,23.76,101565.7,109.97,0.448,-2.959,9.455,-0.031,0.005,0.015,-17.965,-2.541,1016.214,54.306145,-5.583603,331115.25
1053254.0,23.76,101565.45,109.99,0.46,-2.962,9.428,-0.03,0.005,0.015,-17.947,-2.57,1016.432,54.306145,-5.583603,331115.25
1053507.0,23.76,101564.62,110.06,0.462,-2.962,9.421,-0.032,0.005,0.015,-18.008,-2.559,1016.651,54.306145,-5.583603,331115.25
1053755.0,23.77,101564.92,110.03,0.45,-2.962,9.419,-0.032,0.004,0.015,-17.974,-2.569,1016.863,54.306145,-5.583603,331115.25
1054004.0,23.77,101564.68,110.05,0.488,-2.974,9.443,-0.03,0.005,0.015,-18.071,-2.636,1017.081,54.306145,-5.583603,331115.25
1054253.0,23.77,101564.11,110.1,0.479,-2.962,9.416,-0.031,0.005,0.015,-18.086,-2.643,1017.298,54.306145,-5.583603,331115.25
1054504.0,23.78,101563.41,110.16,0.441,-2.957,9.45,-0.031,0.005,0.015,-18.083,-2.587,1017.514,54.306145,-5.583603,331115.25
1054757.0,23.78,101563.41,110.16,0.45,-2.971,9.426,-0.031,0.005,0.015,-18.003,-2.586,1017.736,54.306145,-5.583603,331115.25
1055006.0,23.79,101563.55,110.15,0.448,-2.957,9.424,-0.032,0.005,0.015,-17.974,-2.573,1017.954,54.306145,-5.583603,331115.25
1055256.0,23.79,101563.47,110.15,0.46,-2.964,9.426,-0.031,0.005,0.015,-17.938,-2.553,1018.175,54.306145,-5.583603,331115.25
1055504.0,23.8,101564.42,110.07,0.45,-2.964,9.426,-0.031,0.005,0.015,-18.019,-2.545,1018.393,54.306145,-5.583603,331115.25
1055757.0,23.8,101564.83,110.04,0.457,-2.969,9.431,-0.031,0.005,0.016,-17.964,-2.55,1018.612,54.306145,-5.583603,331115.25
1056006.0,23.8,101565.22,110.01,0.464,-2.952,9.443,-0.032,0.005,0.016,-17.951,-2.541,1018.829,54.306145,-5.583603,331115.25
1056255.0,23.8,101565.62,109.97,0.46,-2.957,9.421,-0.031,0.005,0.015,-17.938,-2.563,1019.049,54.306145,-5.583603,331115.25
1056506.0,23.81,101565.87,109.95,0.45,-2.957,9.433,-0.031,0.005,0.015,-18.027,-2.553,1019.268,54.306145,-5.583603,331115.25
1056760.0,23.81,101565.67,109.97,0.45,-2.959,9.404,-0.032,0.005,0.015,-17.978,-2.547,1019.489,54.306145,-5.583603,331115.25
1057003.0,23.81,101565.09,110.02,0.45,-2.942,9.409,-0.031,0.005,0.015,-17.941,-2.544,1019.699,54.306145,-5.583603,331115.25
1057258.0,23.82,101565.39,109.99,0.467,-2.964,9.433,-0.03,0.005,0.016,-17.928,-2.56,1019.925,54.306145,-5.583603,331115.25
1057504.0,23.82,101565.48,109.99,0.441,-2.957,9.426,-0.031,0.005,0.015,-18.083,-2.53,1020.14,54.306145,-5.583603,331115.25
1057758.0,23.82,101565.39,109.99,0.455,-2.942,9.421,-0.031,0.005,0.015,-17.979,-2.563,1020.36,54.306145,-5.583603,331115.25
1058007.0,23.83,101565.36,110.0,0.453,-2.964,9.409,-0.031,0.006,0.015,-17.934,-2.567,1020.576,54.306145,-5.583603,331115.25
1058256.0,23.83,101565.16,110.01,0.453,-2.947,9.426,-0.031,0.005,0.016,-17.933,-2.573,1020.797,54.306145,-5.583603,331115.25
1058506.0,23.84,101564.59,110.07,0.453,-2.978,9.421,-0.031,0.005,0.015,-17.998,-2.572,1021.014,54.306145,-5.583603,331115.25
1058760.0,23.84,101564.67,110.05,0.448,-2.962,9.424,-0.032,0.006,0.014,-17.971,-2.57,1021.237,54.306145,-5.583603,331115.25
1059003.0,23.84,101564.97,110.03,0.467,-2.959,9.424,-0.031,0.003,0.016,-17.96,-2.57,1021.451,54.306145,-5.583603,331115.25
1059258.0,23.85,101565.38,109.99,0.467,-2.959,9.448,-0.03,0.005,0.015,-17.937,-2.581,1021.676,54.306145,-5.583603,331115.25
1059506.0,23.85,101564.8,110.04,0.448,-2.957,9.416,-0.031,0.005,0.015,-17.996,-2.579,1021.894,54.306145,-5.583603,331115.25
1059759.0,23.85,101564.61,110.06,0.51,-3.139,9.426,-0.031,0.005,0.016,-18.154,-2.643,1022.115,54.306145,-5.583603,331115.25
1060008.0,23.86,101564.7,110.05,0.464,-2.974,9.431,-0.03,0.005,0.015,-18.108,-2.631,1022.337,54.306145,-5.583603,331115.25
1060257.0,23.86,101563.76,110.13,0.445,-2.974,9.44,-0.031,0.005,0.015,-17.994,-2.599,1022.558,54.306145,-5.583603,331115.25
1060508.0,23.86,101563.92,110.12,0.46,-2.983,9.433,-0.03,0.005,0.016,-18.103,-2.551,1022.777,54.306145,-5.583603,331115.25
1060756.0,23.87,101563.64,110.14,0.448,-2.947,9.426,-0.03,0.005,0.015,-18.011,-2.565,1022.992,54.306145,-5.583603,331115.25
1061005.0,23.87,101563.31,110.17,0.472,-2.981,9.419,-0.03,0.006,0.016,-17.959,-2.583,1023.213,54.306145,-5.583603,331115.25
1061254.0,23.87,101563.07,110.19,0.462,-2.966,9.445,-0.031,0.005,0.016,-17.945,-2.582,1023.433,54.306145,-5.583603,331115.25
1061506.0,23.87,101562.33,110.25,0.438,-2.971,9.404,-0.03,0.006,0.016,-17.996,-2.555,1023.653,54.306145,-5.583603,331115.25
1061759.0,23.88,101561.97,110.28,0.476,-2.95,9.445,-0.031,0.005,0.016,-17.954,-2.56,1023.873,54.306145,-5.583603,331115.25
1062003.0,23.88,101562.13,110.26,0.457,-2.962,9.445,-0.03,0.005,0.015,-17.94,-2.557,1024.089,54.306145,-5.583603,331115.25
1062257.0,23.89,101562.43,110.24,0.472,-2.945,9.414,-0.03,0.006,0.016,-17.935,-2.573,1024.312,54.306145,-5.583603,331115.25
1062506.0,23.89,101562.34,110.25,0.45,-2.957,9.433,-0.03,0.005,0.015,-18.005,-2.57,1024.529,54.306145,-5.583603,331115.25
1062759.0,23.89,101562.64,110.22,0.467,-2.969,9.428,-0.03,0.005,0.015,-17.958,-2.565,1024.75,54.306145,-5.583603,331115.25
1063003.0,23.9,101562.56,110.23,0.455,-2.954,9.421,-0.031,0.005,0.015,-17.941,-2.567,1024.965,54.306145,-5.583603,331115.25
1063258.0,23.9,101563.22,110.17,0.441,-2.938,9.407,-0.031,0.005,0.015,-17.936,-2.57,1025.189,54.306145,-5.583603,331115.25
1063503.0,23.9,101563.47,110.15,0.45,-2.954,9.409,-0.03,0.005,0.016,-18.023,-2.55,1025.407,54.306145,-5.583603,331115.25
1063757.0,23.9,101563.35,110.16,0.457,-2.947,9.44,-0.031,0.005,0.015,-17.966,-2.572,1025.63,54.306145,-5.583603,331115.25
1064006.0,23.9,101563.77,110.13,0.467,-2.964,9.419,-0.031,0.005,0.016,-17.948,-2.568,1025.852,54.306145,-5.583603,331115.25
1064255.0,23.91,101563.67,110.14,0.467,-2.959,9.424,-0.031,0.005,0.015,-17.931,-2.582,1026.07,54.306145,-5.583603,331115.25
1064503.0,23.91,101564.22,110.09,0.457,-2.962,9.443,-0.031,0.005,0.016,-18.01,-2.556,1026.288,54.306145,-5.583603,331115.25
1064757.0,23.92,101563.86,110.12,0.448,-2.962,9.464,-0.031,0.005,0.015,-17.984,-2.576,1026.506,54.306145,-5.583603,331115.25
1065006.0,23.92,101563.5,110.15,0.464,-2.954,9.438,-0.03,0.005,0.016,-17.952,-2.571,1026.726,54.306145,-5.583603,331115.25
1065255.0,23.93,101562.27,110.25,0.457,-2.964,9.426,-0.031,0.005,0.014,-17.943,-2.572,1026.946,54.306145,-5.583603,331115.25
1065516.0,23.93,101561.94,110.28,0.488,-3.012,9.421,-0.03,0.006,0.015,-18.093,-2.55,1027.175,54.306145,-5.583603,331115.25
1065759.0,23.93,101561.58,110.31,0.453,-2.976,9.421,-0.031,0.005,0.015,-18.17,-2.613,1027.385,54.306145,-5.583603,331115.25
1066008.0,23.94,101561.34,110.33,0.445,-2.945,9.44,-0.031,0.005,0.014,-18.018,-2.576,1027.602,54.306145,-5.583603,331115.25
1066257.0,23.94,101560.73,110.38,0.453,-2.957,9.426,-0.031,0.005,0.015,-17.973,-2.576,1027.818,54.306145,-5.583603,331115.25
1066506.0,23.94,101560.56,110.39,0.46,-2.954,9.433,-0.031,0.005,0.015,-18.023,-2.56,1028.035,54.306145,-5.583603,331115.25
1066759.0,23.95,101560.86,110.37,0.438,-2.969,9.45,-0.03,0.005,0.015,-17.966,-2.565,1028.256,54.306145,-5.583603,331115.25
1067003.0,23.95,101561.19,110.34,0.462,-2.962,9.392,-0.031,0.005,0.015,-17.937,-2.569,1028.468,54.306145,-5.583603,331115.25
1067257.0,23.96,101560.98,110.36,0.469,-2.952,9.407,-0.031,0.005,0.016,-17.933,-2.572,1028.691,54.306145,-5.583603,331115.25
1067505.0,23.96,101560.58,110.39,0.472,-2.957,9.436,-0.031,0.005,0.015,-17.985,-2.566,1028.908,54.306145,-5.583603,331115.25
1067759.0,23.97,101561.28,110.33,0.464,-2.966,9.421,-0.03,0.005,0.016,-17.954,-2.561,1029.126,54.306145,-5.583603,331115.25
1068008.0,23.97,101562.73,110.21,0.467,-2.966,9.426,-0.031,0.005,0.016,-17.937,-2.539,1029.346,54.306145,-5.583603,331115.25
1068257.0,23.98,101562.98,110.21,0.445,-2.952,9.436,-0.032,0.005,0.015,-17.925,-2.547,1029.562,54.306145,-5.583603,331115.25
1068510.0,23.98,101562.95,110.2,0.467,-2.986,9.431,-0.031,0.005,0.015,-18.082,-2.525,1029.784,54.306145,-5.583603,331115.25
1068758.0,23.98,101562.7,110.22,0.46,-2.947,9.431,-0.031,0.004,0.015,-18.02,-2.544,1030.004,54.306145,-5.583603,331115.25
1069007.0,23.99,101562.62,110.22,0.45,-2.952,9.414,-0.03,0.005,0.015,-17.951,-2.546,1030.227,54.306145,-5.583603,331115.25
1069256.0,23.99,101562.59,110.23,0.448,-2.957,9.436,-0.031,0.005,0.015,-17.933,-2.56,1030.442,54.306145,-5.583603,331115.25
1069506.0,24.0,101562.31,110.25,0.46,-2.981,9.416,-0.03,0.005,0.015,-18.007,-2.562,1030.657,54.306145,-5.583603,331115.25
1069760.0,24.01,101562.2,110.26,0.496,-2.969,9.414,-0.031,0.005,0.015,-17.966,-2.589,1030.877,54.306145,-5.583603,331115.25
1070003.0,24.01,101562.0,110.27,0.469,-2.966,9.448,-0.029,0.005,0.015,-17.924,-2.583,1031.092,54.306145,-5.583603,331115.25
1070258.0,24.02,101562.33,110.25,0.467,-2.95,9.44,-0.03,0.005,0.015,-17.919,-2.58,1031.318,54.306145,-5.583603,331115.25
1070507.0,24.02,101562.45,110.24,0.472,-2.959,9.44,-0.031,0.005,0.015,-17.995,-2.558,1031.535,54.306145,-5.583603,331115.25
1070755.0,24.03,101562.29,110.25,0.462,-2.983,9.412,-0.031,0.006,0.015,-17.971,-2.564,1031.751,54.306145,-5.583603,331115.25
1071004.0,24.03,101562.18,110.26,0.462,-2.962,9.436,-0.029,0.005,0.015,-17.955,-2.573,1031.973,54.306145,-5.583603,331115.25
1071253.0,24.03,101563.0,110.19,0.486,-3.065,9.433,-0.031,0.005,0.016,-18.003,-2.595,1032.195,54.306145,-5.583603,331115.25
1071503.0,24.04,101562.72,110.21,0.479,-2.993,9.438,-0.031,0.005,0.015,-18.169,-2.634,1032.416,54.306145,-5.583603,331115.25
1071757.0,24.04,101562.97,110.19,0.448,-2.962,9.431,-0.031,0.006,0.016,-18.032,-2.612,1032.637,54.306145,-5.583603,331115.25
1072006.0,24.04,101563.05,110.19,0.469,-2.952,9.445,-0.03,0.006,0.016,-17.985,-2.574,1032.858,54.306145,-5.583603,331115.25
1072255.0,24.04,101563.3,110.17,0.469,-2.94,9.416,-0.031,0.005,0.016,-17.949,-2.568,1033.075,54.306145,-5.583603,331115.25
1072508.0,24.05,101562.69,110.22,0.448,-2.952,9.426,-0.032,0.005,0.015,-18.032,-2.56,1033.301,54.306145,-5.583603,331115.25
1072756.0,24.05,101562.91,110.2,0.464,-2.947,9.407,-0.031,0.006,0.015,-17.959,-2.595,1033.515,54.306145,-5.583603,331115.25
1073005.0,24.06,101562.78,110.21,0.46,-2.945,9.414,-0.03,0.005,0.015,-17.932,-2.591,1033.735,54.306145,-5.583603,331115.25
1073254.0,24.07,101563.28,110.17,0.457,-2.974,9.416,-0.031,0.006,0.015,-17.944,-2.574,1033.953,54.306145,-5.583603,331115.25
1073505.0,24.07,101563.41,110.16,0.45,-2.962,9.426,-0.031,0.005,0.016,-18.027,-2.55,1034.169,54.306145,-5.583603,331115.25
1073758.0,24.07,101563.16,110.18,0.441,-2.969,9.426,-0.031,0.005,0.015,-17.959,-2.559,1034.392,54.306145,-5.583603,331115.25
1074007.0,24.08,101563.58,110.14,0.445,-2.94,9.428,-0.031,0.006,0.015,-17.958,-2.57,1034.612,54.306145,-5.583603,331115.25
1074256.0,24.08,101563.47,110.15,0.464,-2.954,9.428,-0.031,0.005,0.015,-17.941,-2.572,1034.83,54.306145,-5.583603,331115.25
1074533.0,24.08,101563.47,110.15,0.455,-2.976,9.407,-0.03,0.005,0.015,-18.105,-2.558,1035.07,54.306145,-5.583603,331115.25
1074758.0,24.09,101563.84,110.12,0.462,-2.966,9.407,-0.031,0.005,0.016,-17.992,-2.573,1035.264,54.306145,-5.583603,331115.25
1075007.0,24.09,101564.09,110.1,0.445,-2.971,9.421,-0.031,0.005,0.015,-17.949,-2.575,1035.485,54.306145,-5.583603,331115.25
1075256.0,24.09,101564.88,110.04,0.453,-2.957,9.455,-0.031,0.005,0.015,-17.933,-2.575,1035.706,54.306145,-5.583603,331115.25
1075507.0,24.1,101564.55,110.06,0.448,-2.957,9.438,-0.031,0.005,0.015,-17.99,-2.551,1035.926,54.306145,-5.583603,331115.25
1075755.0,24.1,101564.02,110.11,0.464,-2.974,9.419,-0.031,0.006,0.015,-17.972,-2.577,1036.143,54.306145,-5.583603,331115.25
1076004.0,24.11,101563.7,110.13,0.481,-2.959,9.431,-0.031,0.005,0.016,-17.935,-2.591,1036.363,54.306145,-5.583603,331115.25
1076253.0,24.11,101563.33,110.16,0.46,-2.954,9.431,-0.031,0.005,0.015,-17.921,-2.571,1036.584,54.306145,-5.583603,331115.25
1076524.0,24.12,101563.62,110.14,0.462,-2.964,9.438,-0.031,0.006,0.015,-18.07,-2.551,1036.82,54.306145,-5.583603,331115.25
1076755.0,24.12,101563.79,110.13,0.462,-2.974,9.452,-0.031,0.006,0.015,-17.998,-2.569,1037.017,54.306145,-5.583603,331115.25
1077004.0,24.13,101563.59,110.14,0.448,-2.945,9.433,-0.031,0.005,0.015,-17.963,-2.562,1037.238,54.306145,-5.583603,331115.25
1077253.0,24.13,101563.52,110.15,0.46,-2.978,9.45,-0.03,0.005,0.015,-18.121,-2.646,1037.457,54.306145,-5.583603,331115.25
1077504.0,24.13,101563.1,110.18,0.462,-2.962,9.421,-0.031,0.004,0.016,-18.109,-2.617,1037.677,54.306145,-5.583603,331115.25
1077757.0,24.14,101562.66,110.22,0.45,-2.974,9.445,-0.031,0.005,0.015,-18.0,-2.59,1037.9,54.306145,-5.583603,331115.25
1078006.0,24.14,101562.98,110.19,0.457,-2.962,9.438,-0.03,0.005,0.015,-17.963,-2.568,1038.123,54.306145,-5.583603,331115.25
1078256.0,24.15,101563.28,110.17,0.45,-2.964,9.428,-0.031,0.005,0.015,-17.939,-2.584,1038.341,54.306145,-5.583603,331115.25
1078504.0,24.15,101563.36,110.16,0.467,-2.95,9.438,-0.032,0.005,0.015,-18.005,-2.565,1038.56,54.306145,-5.583603,331115.25
1078758.0,24.15,101563.33,110.16,0.445,-2.945,9.433,-0.03,0.005,0.016,-17.96,-2.559,1038.781,54.306145,-5.583603,331115.25
1079007.0,24.16,101562.97,110.19,0.462,-2.981,9.431,-0.03,0.004,0.015,-17.938,-2.569,1039.003,54.306145,-5.583603,331115.25
1079256.0,24.16,101562.23,110.26,0.469,-2.966,9.419,-0.031,0.005,0.015,-17.922,-2.58,1039.222,54.306145,-5.583603,331115.25
1079505.0,24.16,101562.48,110.24,0.467,-2.959,9.455,-0.031,0.005,0.016,-17.999,-2.562,1039.441,54.306145,-5.583603,331115.25
1079759.0,24.17,101562.61,110.22,0.462,-2.976,9.421,-0.031,0.005,0.015,-17.967,-2.57,1039.663,54.306145,-5.583603,331115.25
1080008.0,24.17,101562.52,110.23,0.45,-2.966,9.4,-0.03,0.005,0.015,-17.931,-2.577,1039.885,54.306145,-5.583603,331115.25
1080257.0,24.18,101562.83,110.21,0.457,-2.957,9.431,-0.029,0.005,0.015,-17.931,-2.584,1040.106,54.306145,-5.583603,331115.25
1080504.0,24.18,101561.92,110.28,0.46,-2.959,9.459,-0.03,0.006,0.014,-18.018,-2.544,1040.32,54.306145,-5.583603,331115.25
1080757.0,24.18,101561.18,110.34,0.431,-2.971,9.412,-0.03,0.005,0.016,-17.963,-2.554,1040.543,54.306145,-5.583603,331115.25
1081006.0,24.19,101560.98,110.36,0.472,-2.952,9.421,-0.03,0.005,0.015,-17.937,-2.569,1040.764,54.306145,-5.583603,331115.25
1081255.0,24.19,101561.23,110.34,0.45,-2.969,9.412,-0.031,0.004,0.015,-17.937,-2.565,1040.984,54.306145,-5.583603,331115.25
1081511.0,24.2,101562.75,110.21,0.462,-2.954,9.443,-0.03,0.004,0.015,-18.025,-2.562,1041.209,54.306145,-5.583603,331115.25
1081759.0,24.2,101562.97,110.19,0.462,-2.954,9.414,-0.031,0.005,0.015,-17.99,-2.566,1041.427,54.306145,-5.583603,331115.25
1082008.0,24.21,101563.38,110.16,0.467,-2.95,9.421,-0.03,0.005,0.015,-17.944,-2.57,1041.648,54.306145,-5.583603,331115.25
1082257.0,24.21,101563.02,110.19,0.433,-2.971,9.421,-0.031,0.006,0.015,-17.94,-2.572,1041.867,54.306145,-5.583603,331115.25
1082550.0,24.22,101562.66,110.22,0.472,-2.971,9.438,-0.03,0.005,0.016,-18.091,-2.559,1042.13,54.306145,-5.583603,331115.25
1082758.0,24.22,101562.73,110.23,0.462,-2.964,9.428,-0.03,0.005,0.015,-18.028,-2.577,1042.314,54.306145,-5.583603,331115.25
1083007.0,24.22,101562.41,110.24,0.491,-3.0,9.407,-0.031,0.005,0.015,-18.081,-2.634,1042.536,54.306145,-5.583603,331115.25
1083256.0,24.23,101561.8,110.29,0.474,-2.969,9.416,-0.031,0.005,0.016,-18.046,-2.638,1042.754,54.306145,-5.583603,331115.25
1083507.0,24.23,101561.97,110.28,0.469,-2.969,9.433,-0.03,0.004,0.016,-18.068,-2.604,1042.976,54.306145,-5.583603,331115.25
1083755.0,24.23,101561.44,110.32,0.46,-2.962,9.443,-0.031,0.005,0.015,-17.986,-2.597,1043.192,54.306145,-5.583603,331115.25
1084004.0,24.24,101560.75,110.38,0.448,-2.954,9.436,-0.031,0.005,0.015,-17.942,-2.577,1043.413,54.306145,-5.583603,331115.25
1084253.0,24.24,101560.09,110.43,0.462,-2.954,9.433,-0.031,0.005,0.015,-17.94,-2.572,1043.632,54.306145,-5.583603,331115.25
1084543.0,24.25,101559.89,110.45,0.46,-2.974,9.445,-0.031,0.005,0.016,-18.05,-2.555,1043.89,54.306145,-5.583603,331115.25
1084757.0,24.25,101559.89,110.45,0.445,-2.933,9.433,-0.031,0.006,0.016,-17.995,-2.572,1044.076,54.306145,-5.583603,331115.25
1085006.0,24.26,101559.78,110.46,0.462,-2.962,9.428,-0.03,0.005,0.015,-17.963,-2.56,1044.296,54.306145,-5.583603,331115.25
1085255.0,24.26,101559.7,110.46,0.467,-2.954,9.431,-0.031,0.005,0.015,-17.957,-2.564,1044.516,54.306145,-5.583603,331115.25
1085511.0,24.26,101560.33,110.41,0.464,-2.94,9.433,-0.031,0.005,0.015,-18.016,-2.567,1044.739,54.306145,-5.583603,331115.25
1085758.0,24.27,101559.66,110.47,0.45,-2.938,9.424,-0.031,0.005,0.016,-17.963,-2.574,1044.96,54.306145,-5.583603,331115.25
1086007.0,24.27,101559.38,110.49,0.445,-2.966,9.424,-0.031,0.005,0.015,-17.941,-2.571,1045.182,54.306145,-5.583603,331115.25
1086257.0,24.27,101559.8,110.46,0.455,-2.974,9.416,-0.03,0.005,0.015,-17.94,-2.57,1045.398,54.306145,-5.583603,331115.25
1086515.0,24.28,101560.12,110.43,0.424,-2.976,9.45,-0.029,0.005,0.015,-18.011,-2.549,1045.623,54.306145,-5.583603,331115.25
1086758.0,24.28,101560.01,110.45,0.462,-2.978,9.421,-0.031,0.004,0.016,-17.976,-2.566,1045.837,54.306145,-5.583603,331115.25
1087007.0,24.29,101560.34,110.41,0.453,-2.969,9.412,-0.031,0.004,0.015,-17.957,-2.578,1046.059,54.306145,-5.583603,331115.25
1087256.0,24.29,101559.89,110.45,0.46,-2.959,9.433,-0.031,0.005,0.015,-17.954,-2.58,1046.28,54.306145,-5.583603,331115.25
1087522.0,24.29,101560.38,110.41,0.448,-2.954,9.452,-0.03,0.005,0.014,-18.019,-2.566,1046.507,54.306145,-5.583603,331115.25
1087759.0,24.3,101560.27,110.42,0.464,-2.959,9.407,-0.031,0.006,0.015,-17.966,-2.564,1046.713,54.306145,-5.583603,331115.25
1088008.0,24.3,101559.86,110.45,0.455,-2.957,9.438,-0.031,0.005,0.015,-17.942,-2.564,1046.934,54.306145,-5.583603,331115.25
1088257.0,24.3,101559.77,110.46,0.464,-2.964,9.431,-0.031,0.005,0.015,-17.928,-2.575,1047.151,54.306145,-5.583603,331115.25
1088527.0,24.31,101560.64,110.39,0.467,-2.957,9.436,-0.031,0.005,0.017,-18.023,-2.564,1047.393,54.306145,-5.583603,331115.25
1088758.0,24.31,101561.22,110.34,0.496,-3.091,9.448,-0.03,0.005,0.015,-18.111,-2.644,1047.596,54.306145,-5.583603,331115.25
1089007.0,24.32,101561.27,110.34,0.453,-2.964,9.404,-0.03,0.005,0.015,-18.091,-2.64,1047.816,54.306145,-5.583603,331115.25
1089256.0,24.33,101561.48,110.32,0.453,-2.978,9.436,-0.031,0.005,0.015,-17.986,-2.612,1048.037,54.306145,-5.583603,331115.25
1089535.0,24.34,101561.28,110.33,0.46,-2.957,9.421,-0.031,0.005,0.016,-18.048,-2.598,1048.286,54.306145,-5.583603,331115.25
1089755.0,24.34,101561.34,110.33,0.441,-2.952,9.428,-0.03,0.004,0.016,-17.999,-2.592,1048.479,54.306145,-5.583603,331115.25
1090004.0,24.35,101561.62,110.31,0.448,-2.976,9.428,-0.031,0.005,0.016,-17.966,-2.596,1048.699,54.306145,-5.583603,331115.25
1090253.0,24.35,101561.93,110.28,0.469,-2.957,9.433,-0.031,0.005,0.015,-17.949,-2.59,1048.917,54.306145,-5.583603,331115.25
1090573.0,24.36,101562.55,110.23,0.46,-2.962,9.431,-0.031,0.005,0.015,-18.108,-2.571,1049.197,54.306145,-5.583603,331115.25
1090758.0,24.37,101562.47,110.24,0.462,-2.959,9.433,-0.03,0.004,0.016,-18.025,-2.573,1049.362,54.306145,-5.583603,331115.25
1091007.0,24.37,101562.77,110.21,0.448,-2.974,9.452,-0.03,0.005,0.015,-17.959,-2.578,1049.586,54.306145,-5.583603,331115.25
1091257.0,24.38,101562.44,110.24,0.453,-2.959,9.404,-0.031,0.004,0.016,-17.947,-2.563,1049.809,54.306145,-5.583603,331115.25
1091523.0,24.38,101562.84,110.2,0.443,-2.986,9.438,-0.032,0.006,0.015,-18.023,-2.547,1050.043,54.306145,-5.583603,331115.25
1091759.0,24.39,101562.81,110.21,0.467,-2.974,9.436,-0.03,0.005,0.015,-17.967,-2.558,1050.252,54.306145,-5.583603,331115.25
1092003.0,24.39,101562.61,110.22,0.45,-2.959,9.416,-0.031,0.005,0.016,-17.955,-2.579,1050.469,54.306145,-5.583603,331115.25
1092257.0,24.4,101562.45,110.24,0.45,-2.962,9.421,-0.03,0.005,0.015,-17.945,-2.573,1050.696,54.306145,-5.583603,331115.25
1092562.0,24.4,101561.27,110.34,0.448,-2.962,9.426,-0.031,0.005,0.015,-18.068,-2.565,1050.963,54.306145,-5.583603,331115.25
1092759.0,24.41,101560.85,110.37,0.453,-2.966,9.424,-0.03,0.005,0.015,-18.015,-2.565,1051.136,54.306145,-5.583603,331115.25
1093008.0,24.41,101559.95,110.44,0.457,-2.988,9.431,-0.031,0.005,0.015,-17.971,-2.576,1051.358,54.306145,-5.583603,331115.25
1093257.0,24.41,101560.41,110.41,0.453,-2.959,9.421,-0.031,0.005,0.016,-17.949,-2.582,1051.578,54.306145,-5.583603,331115.25
1093527.0,24.42,101560.38,110.41,0.453,-2.966,9.424,-0.031,0.005,0.016,-18.021,-2.558,1051.821,54.306145,-5.583603,331115.25
1093758.0,24.42,101560.54,110.4,0.469,-2.966,9.424,-0.031,0.005,0.015,-17.976,-2.573,1052.021,54.306145,-5.583603,331115.25
1094007.0,24.43,101559.84,110.48,0.46,-2.957,9.436,-0.031,0.005,0.015,-17.939,-2.59,1052.246,54.306145,-5.583603,331115.25
1094256.0,24.43,101559.35,110.49,0.469,-2.95,9.455,-0.03,0.004,0.015,-17.941,-2.592,1052.468,54.306145,-5.583603,331115.25
1094535.0,24.44,101559.07,110.52,0.467,-2.974,9.404,-0.03,0.005,0.015,-18.061,-2.597,1052.715,54.306145,-5.583603,331115.25
1094755.0,24.44,101558.8,110.54,0.464,-2.969,9.419,-0.031,0.005,0.015,-18.138,-2.659,1052.91,54.306145,-5.583603,331115.25
1095004.0,24.45,101559.61,110.47,0.472,-2.966,9.421,-0.03,0.004,0.015,-18.014,-2.608,1053.133,54.306145,-5.583603,331115.25
1095253.0,24.45,101560.23,110.42,0.438,-2.976,9.433,-0.031,0.005,0.015,-17.97,-2.577,1053.353,54.306145,-5.583603,331115.25
1095541.0,24.46,101561.14,110.31,0.457,-2.954,9.433,-0.03,0.005,0.015,-18.036,-2.566,1053.605,54.306145,-5.583603,331115.25
1095755.0,24.46,101561.88,110.28,0.46,-2.952,9.397,-0.031,0.005,0.015,-18.0,-2.573,1053.793,54.306145,-5.583603,331115.25
1096005.0,24.46,101563.33,110.16,0.45,-2.962,9.426,-0.031,0.005,0.016,-17.965,-2.586,1054.018,54.306145,-5.583603,331115.25
1096254.0,24.47,101564.7,110.05,0.462,-2.964,9.428,-0.031,0.005,0.015,-17.944,-2.593,1054.239,54.306145,-5.583603,331115.25
1096543.0,24.48,101565.16,110.01,0.443,-2.971,9.407,-0.03,0.005,0.015,-18.036,-2.572,1054.497,54.306145,-5.583603,331115.25
1096757.0,24.48,101564.66,110.05,0.457,-2.962,9.426,-0.03,0.005,0.016,-17.981,-2.579,1054.687,54.306145,-5.583603,331115.25
1097006.0,24.49,101564.62,110.06,0.476,-2.966,9.462,-0.03,0.006,0.015,-17.939,-2.583,1054.907,54.306145,-5.583603,331115.25
1097256.0,24.49,101564.88,110.04,0.445,-2.959,9.433,-0.03,0.004,0.015,-17.932,-2.577,1055.13,54.306145,-5.583603,331115.25
1097548.0,24.49,101564.84,110.04,0.462,-2.957,9.428,-0.031,0.005,0.015,-18.038,-2.566,1055.392,54.306145,-5.583603,331115.25
1097756.0,24.5,101563.69,110.13,0.455,-2.952,9.395,-0.031,0.005,0.016,-17.987,-2.581,1055.576,54.306145,-5.583603,331115.25
1098005.0,24.5,101563.41,110.16,0.45,-2.952,9.431,-0.031,0.004,0.016,-17.97,-2.6,1055.796,54.306145,-5.583603,331115.25
1098255.0,24.5,101562.83,110.21,0.455,-2.971,9.431,-0.031,0.005,0.015,-17.96,-2.596,1056.016,54.306145,-5.583603,331115.25
1098557.0,24.51,101562.96,110.19,0.464,-2.969,9.431,-0.031,0.006,0.015,-18.062,-2.575,1056.282,54.306145,-5.583603,331115.25
1098760.0,24.51,101562.62,110.22,0.474,-2.964,9.44,-0.03,0.006,0.015,-18.013,-2.58,1056.46,54.306145,-5.583603,331115.25
1099003.0,24.51,101562.96,110.19,0.46,-2.969,9.459,-0.029,0.005,0.015,-17.961,-2.594,1056.676,54.306145,-5.583603,331115.25
1099258.0,24.52,101562.88,110.2,0.474,-2.964,9.419,-0.031,0.005,0.016,-17.96,-2.596,1056.903,54.306145,-5.583603,331115.25
1099597.0,24.52,101562.19,110.26,0.472,-2.957,9.438,-0.031,0.004,0.016,-18.123,-2.559,1057.208,54.306145,-5.583603,331115.25
1099754.0,24.52,101561.94,110.28,0.464,-2.966,9.421,-0.031,0.005,0.015,-18.038,-2.569,1057.347,54.306145,-5.583603,331115.25
1100003.0,24.53,101561.25,110.34,0.46,-2.962,9.402,-0.03,0.005,0.016,-17.982,-2.567,1057.572,54.306145,-5.583603,331115.25
1100258.0,24.53,101560.88,110.37,0.496,-3.019,9.438,-0.03,0.005,0.015,-18.026,-2.612,1057.798,54.306145,-5.583603,331115.25
1100580.0,24.54,101561.09,110.35,0.453,-2.957,9.392,-0.03,0.005,0.015,-18.249,-2.658,1058.084,54.306145,-5.583603,331115.25
1100760.0,24.54,101560.52,110.4,0.457,-2.952,9.392,-0.032,0.006,0.016,-18.112,-2.627,1058.244,54.306145,-5.583603,331115.25
1101003.0,24.55,101560.41,110.41,0.436,-2.983,9.419,-0.03,0.005,0.016,-18.028,-2.587,1058.462,54.306145,-5.583603,331115.25
1101258.0,24.56,101560.41,110.41,0.464,-2.959,9.416,-0.032,0.004,0.016,-17.977,-2.584,1058.69,54.306145,-5.583603,331115.25
1101545.0,24.56,101560.2,110.42,0.467,-2.954,9.428,-0.031,0.005,0.016,-18.026,-2.559,1058.946,54.306145,-5.583603,331115.25
1101759.0,24.56,101559.95,110.44,0.476,-2.95,9.419,-0.03,0.005,0.016,-17.968,-2.57,1059.139,54.306145,-5.583603,331115.25
1102003.0,24.57,101560.75,110.38,0.462,-2.954,9.424,-0.031,0.005,0.015,-17.957,-2.574,1059.356,54.306145,-5.583603,331115.25
1102257.0,24.57,101560.66,110.39,0.45,-2.962,9.414,-0.03,0.005,0.016,-17.935,-2.573,1059.584,54.306145,-5.583603,331115.25
1102554.0,24.58,101562.19,110.26,0.467,-2.957,9.421,-0.03,0.006,0.016,-17.993,-2.572,1059.849,54.306145,-5.583603,331115.25
1102756.0,24.58,101562.27,110.25,0.474,-2.957,9.44,-0.031,0.003,0.015,-17.969,-2.569,1060.026,54.306145,-5.583603,331115.25
1103005.0,24.58,101562.08,110.27,0.45,-2.954,9.462,-0.03,0.005,0.015,-17.934,-2.578,1060.251,54.306145,-5.583603,331115.25
1103254.0,24.59,101561.88,110.28,0.462,-2.981,9.438,-0.03,0.005,0.015,-17.923,-2.577,1060.472,54.306145,-5.583603,331115.25
1103504.0,24.59,101561.47,110.32,0.457,-2.957,9.426,-0.03,0.005,0.017,-17.945,-2.591,1060.696,54.306145,-5.583603,331115.25
1103754.0,24.6,101562.09,110.27,0.462,-2.957,9.421,-0.031,0.004,0.016,-17.98,-2.582,1060.919,54.306145,-5.583603,331115.25
1104003.0,24.6,101562.41,110.24,0.457,-2.964,9.433,-0.03,0.005,0.016,-17.949,-2.569,1061.14,54.306145,-5.583603,331115.25
1104253.0,24.6,101561.84,110.29,0.467,-2.959,9.414,-0.03,0.006,0.015,-17.932,-2.589,1061.365,54.306145,-5.583603,331115.25
1104507.0,24.61,101562.62,110.22,0.457,-2.959,9.402,-0.031,0.005,0.015,-17.911,-2.57,1061.592,54.306145,-5.583603,331115.25
1104756.0,24.61,101563.04,110.19,0.443,-2.957,9.426,-0.03,0.006,0.015,-17.959,-2.556,1061.809,54.306145,-5.583603,331115.25
1105005.0,24.61,101563.25,110.17,0.453,-2.957,9.433,-0.031,0.005,0.016,-17.954,-2.581,1062.032,54.306145,-5.583603,331115.25
1105254.0,24.62,101563.34,110.16,0.476,-2.964,9.45,-0.031,0.005,0.016,-17.932,-2.576,1062.253,54.306145,-5.583603,331115.25
1105503.0,24.62,101564.23,110.09,0.457,-2.974,9.416,-0.029,0.005,0.016,-17.937,-2.586,1062.475,54.306145,-5.583603,331115.25
1105756.0,24.62,101564.53,110.06,0.479,-2.969,9.436,-0.031,0.005,0.016,-17.992,-2.598,1062.698,54.306145,-5.583601,331115.34
1106005.0,24.63,101565.0,110.03,0.445,-2.959,9.407,-0.031,0.005,0.015,-17.964,-2.576,1062.92,54.306145,-5.583601,331115.34
1106254.0,24.63,101565.48,109.99,0.476,-2.976,9.436,-0.03,0.006,0.015,-18.156,-2.678,1063.141,54.306145,-5.583601,331115.34
1106503.0,24.64,101566.27,109.92,0.448,-2.966,9.416,-0.03,0.004,0.016,-18.04,-2.638,1063.363,54.306145,-5.583601,331115.34
1106757.0,24.64,101566.03,109.94,0.455,-2.966,9.445,-0.031,0.005,0.015,-18.037,-2.605,1063.592,54.306145,-5.583601,331115.34
1107006.0,24.65,101565.83,109.96,0.457,-2.966,9.409,-0.031,0.005,0.015,-17.984,-2.593,1063.817,54.306145,-5.583601,331115.34
1107256.0,24.65,101565.5,109.98,0.46,-2.966,9.433,-0.031,0.005,0.015,-17.957,-2.596,1064.039,54.306145,-5.583601,331115.34
1107505.0,24.65,101565.22,110.01,0.464,-2.966,9.438,-0.031,0.005,0.015,-17.945,-2.599,1064.26,54.306145,-5.583601,331115.34
1107754.0,24.66,101565.8,109.96,0.46,-2.957,9.448,-0.031,0.005,0.016,-18.057,-2.58,1064.48,54.306145,-5.583601,331115.34
1108003.0,24.66,101565.88,109.95,0.467,-2.969,9.426,-0.031,0.005,0.016,-17.989,-2.579,1064.704,54.306145,-5.583601,331115.34
1108253.0,24.66,101564.8,110.04,0.46,-2.962,9.443,-0.03,0.005,0.015,-17.946,-2.586,1064.925,54.306145,-5.583601,331115.34
1108508.0,24.66,101564.7,110.05,0.462,-2.952,9.416,-0.031,0.006,0.015,-17.938,-2.601,1065.151,54.306145,-5.583601,331115.34
1108756.0,24.67,101565.27,110.0,0.462,-2.954,9.407,-0.031,0.005,0.015,-18.023,-2.583,1065.373,54.306145,-5.583601,331115.34
1109005.0,24.67,101565.02,110.02,0.433,-2.971,9.433,-0.03,0.006,0.016,-17.973,-2.579,1065.595,54.306145,-5.583601,331115.34
1109254.0,24.67,101565.31,110.0,0.455,-2.971,9.419,-0.029,0.005,0.016,-17.955,-2.595,1065.815,54.306145,-5.583601,331115.34
1109504.0,24.68,101565.06,110.02,0.448,-2.945,9.421,-0.03,0.004,0.015,-17.954,-2.587,1066.041,54.306145,-5.583601,331115.34
1109754.0,24.68,101564.87,110.04,0.474,-2.978,9.407,-0.03,0.005,0.015,-17.99,-2.593,1066.264,54.306145,-5.583601,331115.34
1110003.0,24.69,101564.84,110.04,0.45,-2.971,9.414,-0.029,0.005,0.015,-17.942,-2.591,1066.487,54.306145,-5.583601,331115.34
1110258.0,24.69,101564.34,110.08,0.467,-2.959,9.407,-0.03,0.004,0.016,-17.939,-2.589,1066.715,54.306145,-5.583601,331115.34
1110507.0,24.7,101564.39,110.08,0.443,-2.95,9.436,-0.03,0.004,0.015,-17.946,-2.583,1066.941,54.306145,-5.583601,331115.34
1110756.0,24.7,101564.52,110.07,0.464,-2.969,9.455,-0.03,0.005,0.015,-17.989,-2.571,1067.163,54.306145,-5.583601,331115.34
1111005.0,24.71,101564.6,110.06,0.457,-2.952,9.412,-0.031,0.005,0.015,-17.953,-2.574,1067.386,54.306145,-5.583601,331115.34
1111254.0,24.71,101564.52,110.07,0.448,-2.959,9.407,-0.029,0.004,0.015,-17.953,-2.589,1067.606,54.306145,-5.583601,331115.34
1111503.0,24.71,101564.23,110.1,0.457,-2.978,9.424,-0.031,0.005,0.015,-17.938,-2.584,1067.829,54.306145,-5.583601,331115.34
1111755.0,24.71,101564.32,110.08,0.472,-2.954,9.431,-0.03,0.005,0.015,-17.962,-2.589,1068.051,54.306145,-5.583601,331115.34
1112004.0,24.72,101563.91,110.12,0.476,-2.988,9.409,-0.031,0.005,0.015,-18.062,-2.659,1068.277,54.306145,-5.583601,331115.34
1112253.0,24.72,101563.66,110.14,0.45,-2.952,9.416,-0.03,0.005,0.017,-18.075,-2.655,1068.5,54.306145,-5.583601,331115.34
1112508.0,24.72,101563.95,110.11,0.472,-2.962,9.443,-0.031,0.006,0.014,-17.99,-2.629,1068.729,54.306145,-5.583601,331115.34
1112756.0,24.73,101564.03,110.11,0.445,-2.957,9.448,-0.03,0.004,0.015,-18.004,-2.593,1068.948,54.306145,-5.583601,331115.34
1113005.0,24.73,101563.75,110.13,0.45,-2.959,9.426,-0.03,0.004,0.016,-17.977,-2.59,1069.177,54.306145,-5.583601,331115.34
1113255.0,24.73,101564.0,110.11,0.448,-2.964,9.433,-0.032,0.006,0.016,-17.975,-2.583,1069.4,54.306145,-5.583601,331115.34
1113504.0,24.74,101564.62,110.06,0.443,-2.964,9.424,-0.03,0.005,0.015,-17.957,-2.58,1069.622,54.306145,-5.583601,331115.34
1113756.0,24.74,101564.55,110.06,0.467,-2.969,9.436,-0.031,0.005,0.017,-17.998,-2.569,1069.847,54.306145,-5.583601,331115.34
1114005.0,24.74,101564.05,110.11,0.467,-2.971,9.428,-0.03,0.004,0.016,-17.979,-2.588,1070.072,54.306145,-5.583601,331115.34
1114254.0,24.74,101564.79,110.04,0.455,-2.959,9.426,-0.029,0.005,0.015,-17.949,-2.585,1070.293,54.306145,-5.583601,331115.34
1114503.0,24.75,101565.41,109.99,0.474,-2.971,9.412,-0.03,0.005,0.015,-17.952,-2.602,1070.517,54.306145,-5.583601,331115.34
1114756.0,24.75,101565.91,109.95,0.45,-2.969,9.436,-0.03,0.004,0.015,-18.008,-2.595,1070.742,54.306145,-5.583601,331115.34
1115005.0,24.75,101565.79,109.96,0.457,-2.954,9.431,-0.03,0.005,0.015,-17.969,-2.578,1070.96,54.306145,-5.583601,331115.34
1115255.0,24.76,101565.78,109.96,0.476,-2.942,9.421,-0.03,0.004,0.015,-17.95,-2.588,1071.181,54.306145,-5.583601,331115.34
1115504.0,24.76,101565.67,109.95,0.462,-2.974,9.412,-0.03,0.004,0.015,-17.942,-2.577,1071.404,54.306145,-5.583601,331115.34
1115759.0,24.77,101566.55,109.9,0.474,-2.966,9.44,-0.03,0.005,0.015,-18.04,-2.574,1071.633,54.306145,-5.583601,331115.34
1116008.0,24.77,101566.22,109.93,0.464,-2.95,9.4,-0.03,0.004,0.015,-17.989,-2.579,1071.854,54.306145,-5.583601,331115.34
1116257.0,24.78,101565.93,109.95,0.453,-2.966,9.428,-0.03,0.005,0.016,-17.965,-2.586,1072.078,54.306145,-5.583601,331115.34
1116506.0,24.78,101565.68,109.97,0.469,-2.964,9.44,-0.03,0.005,0.015,-17.954,-2.594,1072.3,54.306145,-5.583601,331115.34
1116756.0,24.79,101565.89,109.95,0.476,-2.983,9.4,-0.03,0.005,0.016,-18.046,-2.593,1072.522,54.306145,-5.583601,331115.34
1117005.0,24.79,101564.8,110.04,0.45,-2.964,9.433,-0.03,0.005,0.016,-17.979,-2.581,1072.746,54.306145,-5.583601,331115.34
1117255.0,24.8,101564.71,110.05,0.472,-2.954,9.436,-0.03,0.005,0.016,-17.953,-2.604,1072.973,54.306145,-5.583601,331115.34
1117504.0,24.8,101564.46,110.07,0.472,-2.966,9.416,-0.03,0.005,0.016,-17.942,-2.6,1073.195,54.306145,-5.583601,331115.34
1117759.0,24.8,101564.52,110.07,0.52,-3.11,9.421,-0.031,0.005,0.015,-18.121,-2.654,1073.424,54.306145,-5.583601,331115.34
1118008.0,24.8,101564.42,110.09,0.474,-2.952,9.426,-0.029,0.005,0.016,-18.098,-2.667,1073.65,54.306145,-5.583601,331115.34
1118257.0,24.81,101563.52,110.15,0.445,-2.962,9.414,-0.029,0.005,0.015,-18.003,-2.633,1073.873,54.306145,-5.583601,331115.34
1118506.0,24.81,101562.78,110.21,0.457,-2.957,9.412,-0.03,0.006,0.015,-17.962,-2.606,1074.096,54.306145,-5.583601,331115.34
1118756.0,24.81,101563.08,110.19,0.441,-2.954,9.419,-0.03,0.005,0.015,-17.995,-2.581,1074.322,54.306145,-5.583601,331115.34
1119005.0,24.82,101562.34,110.25,0.467,-2.954,9.402,-0.031,0.005,0.016,-17.968,-2.589,1074.547,54.306145,-5.583601,331115.34
1119254.0,24.82,101561.97,110.28,0.469,-2.969,9.426,-0.03,0.005,0.015,-17.943,-2.594,1074.769,54.306145,-5.583601,331115.34
1119503.0,24.82,101561.56,110.31,0.472,-2.964,9.433,-0.031,0.005,0.015,-17.938,-2.609,1074.99,54.306145,-5.583601,331115.34
1119759.0,24.83,101561.94,110.28,0.462,-2.962,9.404,-0.03,0.005,0.015,-17.976,-2.598,1075.218,54.306145,-5.583601,331115.34
1120008.0,24.84,101562.06,110.27,0.445,-2.976,9.412,-0.03,0.005,0.015,-17.939,-2.563,1075.444,54.306145,-5.583601,331115.34
1120257.0,24.84,101562.72,110.21,0.46,-2.969,9.431,-0.031,0.004,0.016,-17.939,-2.585,1075.666,54.306145,-5.583601,331115.34
1120507.0,24.84,101562.45,110.24,0.46,-2.969,9.404,-0.029,0.005,0.016,-17.945,-2.589,1075.888,54.306145,-5.583601,331115.34
1120755.0,24.85,101563.09,110.18,0.472,-2.986,9.445,-0.029,0.005,0.015,-17.997,-2.586,1076.108,54.306145,-5.583601,331115.34
1121004.0,24.85,101563.48,110.15,0.464,-2.966,9.436,-0.031,0.004,0.015,-17.961,-2.584,1076.334,54.306145,-5.583601,331115.34
1121253.0,24.85,101563.39,110.16,0.479,-2.978,9.412,-0.03,0.004,0.016,-17.977,-2.598,1076.558,54.306145,-5.583601,331115.34
1121507.0,24.86,101563.44,110.16,0.441,-2.952,9.416,-0.029,0.006,0.016,-17.939,-2.596,1076.787,54.306145,-5.583601,331115.34
1121757.0,24.87,101563.27,110.17,0.455,-2.954,9.419,-0.03,0.006,0.015,-17.989,-2.569,1077.008,54.306145,-5.583601,331115.34
1122006.0,24.87,101563.16,110.18,0.455,-2.966,9.433,-0.03,0.005,0.015,-17.965,-2.587,1077.232,54.306145,-5.583601,331115.34
1122255.0,24.87,101563.38,110.16,0.455,-2.966,9.421,-0.03,0.004,0.015,-17.95,-2.586,1077.454,54.306145,-5.583601,331115.34
1122505.0,24.88,101563.2,110.18,0.443,-2.964,9.424,-0.031,0.005,0.015,-17.946,-2.583,1077.681,54.306145,-5.583601,331115.34
1122757.0,24.88,101563.34,110.16,0.46,-2.969,9.428,-0.03,0.004,0.015,-18.005,-2.574,1077.906,54.306145,-5.583601,331115.34
1123006.0,24.89,101562.76,110.21,0.464,-2.976,9.4,-0.03,0.005,0.015,-17.977,-2.593,1078.131,54.306145,-5.583601,331115.34
1123255.0,24.89,101562.97,110.19,0.486,-2.954,9.421,-0.03,0.005,0.016,-17.97,-2.599,1078.354,54.306145,-5.583601,331115.34
1123504.0,24.89,101562.72,110.21,0.522,-3.06,9.402,-0.03,0.005,0.016,-18.025,-2.632,1078.577,54.306145,-5.583601,331115.34
1123758.0,24.9,101563.05,110.19,0.479,-2.966,9.409,-0.03,0.005,0.016,-18.168,-2.664,1078.805,54.306145,-5.583601,331115.34
1124007.0,24.9,101562.61,110.22,0.467,-2.95,9.419,-0.03,0.006,0.015,-18.026,-2.629,1079.028,54.306145,-5.583601,331115.34
1124257.0,24.9,101563.27,110.17,0.486,-2.971,9.414,-0.03,0.004,0.016,-17.989,-2.622,1079.252,54.306145,-5.583601,331115.34
1124506.0,24.91,101563.64,110.14,0.46,-2.976,9.409,-0.03,0.005,0.016,-17.972,-2.626,1079.475,54.306145,-5.583601,331115.34
1124758.0,24.91,101564.13,110.1,0.455,-2.957,9.407,-0.029,0.005,0.016,-18.14,-2.579,1079.699,54.306145,-5.583601,331115.34
1125007.0,24.92,101563.93,110.11,0.457,-2.94,9.404,-0.029,0.006,0.016,-18.019,-2.591,1079.926,54.306145,-5.583601,331115.34
1125256.0,24.92,101563.85,110.12,0.462,-2.974,9.409,-0.031,0.004,0.015,-17.978,-2.601,1080.147,54.306145,-5.583601,331115.34
1125505.0,24.92,101563.73,110.13,0.441,-2.954,9.445,-0.029,0.005,0.016,-17.953,-2.601,1080.372,54.306145,-5.583601,331115.34
1125755.0,24.92,101563.65,110.14,0.474,-2.964,9.436,-0.03,0.006,0.016,-17.987,-2.581,1080.596,54.306145,-5.583601,331115.34
1126004.0,24.93,101563.89,110.12,0.464,-2.945,9.426,-0.03,0.005,0.015,-17.949,-2.59,1080.822,54.306145,-5.583601,331115.34
1126253.0,24.93,101564.69,110.05,0.476,-2.976,9.419,-0.03,0.005,0.016,-17.946,-2.598,1081.046,54.306145,-5.583601,331115.34
1126508.0,24.93,101564.03,110.11,0.436,-2.957,9.421,-0.031,0.005,0.016,-17.952,-2.588,1081.276,54.306145,-5.583601,331115.34
1126755.0,24.93,101564.11,110.1,0.469,-2.957,9.452,-0.031,0.006,0.015,-17.984,-2.584,1081.497,54.306145,-5.583601,331115.34
1127004.0,24.94,101564.41,110.08,0.46,-2.976,9.421,-0.029,0.005,0.016,-17.95,-2.582,1081.722,54.306145,-5.583601,331115.34
1127253.0,24.94,101564.89,110.03,0.455,-2.957,9.412,-0.03,0.005,0.016,-17.942,-2.596,1081.944,54.306145,-5.583601,331115.34
1127508.0,24.95,101565.44,109.98,0.46,-2.971,9.414,-0.03,0.005,0.016,-17.945,-2.586,1082.171,54.306145,-5.583601,331115.34
1127757.0,24.95,101566.42,109.91,0.469,-2.974,9.421,-0.031,0.005,0.015,-17.993,-2.585,1082.396,54.306145,-5.583601,331115.34
1128006.0,24.96,101566.39,109.91,0.474,-2.964,9.431,-0.03,0.004,0.016,-17.963,-2.589,1082.62,54.306145,-5.583601,331115.34
1128255.0,24.96,101566.14,109.93,0.476,-2.971,9.409,-0.03,0.006,0.015,-17.941,-2.598,1082.843,54.306145,-5.583601,331115.34
1128504.0,24.96,101566.6,109.89,0.462,-2.962,9.412,-0.03,0.005,0.016,-17.951,-2.584,1083.066,54.306145,-5.583601,331115.34
1128756.0,24.97,101566.98,109.86,0.467,-2.976,9.416,-0.031,0.005,0.015,-18.012,-2.569,1083.292,54.306145,-5.583601,331115.34
1129005.0,24.97,101566.89,109.87,0.464,-2.976,9.419,-0.03,0.005,0.015,-17.974,-2.591,1083.519,54.306145,-5.583601,331115.34
1129254.0,24.98,101566.81,109.88,0.493,-3.067,9.409,-0.03,0.005,0.015,-18.023,-2.623,1083.739,54.306145,-5.583601,331115.34
1129503.0,24.98,101566.61,109.89,0.469,-2.971,9.407,-0.03,0.005,0.016,-18.125,-2.696,1083.964,54.306145,-5.583601,331115.34
1129759.0,24.98,101566.36,109.91,0.445,-2.981,9.407,-0.03,0.005,0.016,-18.093,-2.642,1084.191,54.306145,-5.583601,331115.34
1130008.0,24.99,101566.28,109.92,0.443,-2.964,9.44,-0.029,0.005,0.015,-17.998,-2.6,1084.416,54.306145,-5.583601,331115.34
1130257.0,24.99,101565.84,109.96,0.46,-2.962,9.426,-0.031,0.005,0.015,-17.955,-2.588,1084.641,54.306145,-5.583601,331115.34
1130506.0,24.99,101566.66,109.89,0.464,-2.95,9.412,-0.03,0.006,0.015,-17.946,-2.592,1084.865,54.306145,-5.583601,331115.34
1130758.0,25.0,101567.03,109.86,0.453,-2.947,9.414,-0.03,0.006,0.017,-18.005,-2.581,1085.091,54.306145,-5.583601,331115.34
1131007.0,25.0,101567.69,109.8,0.441,-2.952,9.414,-0.031,0.005,0.015,-17.985,-2.587,1085.319,54.306145,-5.583601,331115.34
1131256.0,25.0,101567.2,109.84,0.457,-2.966,9.414,-0.03,0.006,0.015,-17.955,-2.585,1085.542,54.306145,-5.583601,331115.34
1131506.0,25.01,101567.0,109.86,0.464,-2.976,9.443,-0.031,0.005,0.016,-17.951,-2.592,1085.767,54.306145,-5.583601,331115.34
1131759.0,25.01,101566.59,109.89,0.457,-2.974,9.407,-0.03,0.005,0.016,-18.014,-2.604,1085.995,54.306145,-5.583601,331115.34
1132003.0,25.01,101566.72,109.88,0.46,-2.954,9.404,-0.03,0.005,0.015,-17.979,-2.598,1086.217,54.306145,-5.583601,331115.34
1132257.0,25.02,101566.3,109.92,0.467,-2.966,9.409,-0.031,0.004,0.017,-17.963,-2.596,1086.443,54.306145,-5.583601,331115.34
1132506.0,25.02,101566.59,109.89,0.438,-2.945,9.419,-0.029,0.005,0.015,-17.95,-2.59,1086.665,54.306145,-5.583601,331115.34
1132759.0,25.02,101566.35,109.91,0.448,-2.974,9.431,-0.029,0.005,0.015,-18.133,-2.561,1086.891,54.306145,-5.583601,331115.34
1133008.0,25.03,101566.43,109.91,0.462,-2.978,9.426,-0.03,0.005,0.016,-18.017,-2.587,1087.119,54.306145,-5.583601,331115.34
1133257.0,25.03,101566.56,109.9,0.464,-2.981,9.424,-0.031,0.005,0.016,-17.981,-2.592,1087.342,54.306145,-5.583601,331115.34
1133506.0,25.03,101566.31,109.92,0.445,-2.959,9.407,-0.03,0.005,0.016,-17.957,-2.597,1087.568,54.306145,-5.583601,331115.34
1133755.0,25.04,101566.2,109.93,0.464,-2.976,9.426,-0.03,0.005,0.015,-17.999,-2.605,1087.79,54.306145,-5.583601,331115.34
1134004.0,25.04,101566.52,109.9,0.441,-2.962,9.397,-0.03,0.005,0.016,-17.963,-2.591,1088.014,54.306145,-5.583601,331115.34
1134253.0,25.05,101566.52,109.9,0.467,-2.966,9.416,-0.03,0.006,0.016,-17.946,-2.59,1088.24,54.306145,-5.583601,331115.34
1134508.0,25.05,101566.73,109.88,0.472,-2.988,9.428,-0.03,0.005,0.015,-17.953,-2.588,1088.47,54.306145,-5.583601,331115.34
1134759.0,25.06,101566.89,109.87,0.467,-2.974,9.404,-0.029,0.005,0.015,-18.003,-2.578,1088.692,54.306145,-5.583601,331115.34
1135008.0,25.06,101566.86,109.87,0.462,-2.976,9.426,-0.03,0.004,0.015,-17.981,-2.578,1088.918,54.306145,-5.583601,331115.34
1135257.0,25.07,101566.99,109.86,0.464,-2.945,9.414,-0.029,0.006,0.016,-18.186,-2.688,1089.139,54.306145,-5.583601,331115.34
1135506.0,25.07,101566.91,109.87,0.455,-2.971,9.431,-0.031,0.005,0.016,-18.073,-2.648,1089.361,54.306145,-5.583601,331115.34
1135759.0,25.08,101567.23,109.84,0.453,-2.964,9.409,-0.029,0.006,0.015,-18.063,-2.603,1089.591,54.306145,-5.583601,331115.34
1136008.0,25.08,101567.77,109.8,0.462,-2.971,9.433,-0.03,0.006,0.017,-18.009,-2.589,1089.815,54.306145,-5.583601,331115.34
1136257.0,25.09,101567.5,109.82,0.472,-2.974,9.414,-0.03,0.005,0.017,-17.975,-2.606,1090.038,54.306145,-5.583601,331115.34
1136507.0,25.09,101566.67,109.89,0.453,-2.959,9.414,-0.03,0.005,0.015,-17.958,-2.601,1090.263,54.306145,-5.583601,331115.34
1136757.0,25.1,101565.98,109.94,0.457,-2.976,9.412,-0.03,0.005,0.016,-18.011,-2.602,1090.484,54.306145,-5.583601,331115.34
1137006.0,25.1,101565.4,109.99,0.433,-2.957,9.402,-0.03,0.005,0.016,-17.984,-2.587,1090.71,54.306145,-5.583601,331115.34
1137256.0,25.1,101564.82,110.04,0.455,-2.964,9.421,-0.03,0.005,0.016,-17.973,-2.583,1090.934,54.306145,-5.583601,331115.34
1137505.0,25.11,101565.12,110.02,0.455,-2.966,9.421,-0.03,0.004,0.015,-17.953,-2.605,1091.156,54.306145,-5.583601,331115.34
1137759.0,25.11,101565.36,109.97,0.45,-2.959,9.407,-0.03,0.005,0.015,-18.011,-2.59,1091.381,54.306145,-5.583601,331115.34
1138003.0,25.11,101566.15,109.93,0.457,-2.959,9.44,-0.03,0.005,0.015,-17.977,-2.599,1091.6,54.306145,-5.583601,331115.34
1138258.0,25.12,101566.61,109.89,0.457,-2.962,9.443,-0.029,0.005,0.015,-17.945,-2.597,1091.833,54.306145,-5.583601,331115.34
1138507.0,25.12,101567.02,109.86,0.453,-2.976,9.404,-0.03,0.005,0.015,-17.947,-2.581,1092.059,54.306145,-5.583601,331115.34
1138757.0,25.13,101567.89,109.79,0.438,-2.969,9.419,-0.03,0.006,0.015,-18.004,-2.584,1092.281,54.306145,-5.583601,331115.34
1139006.0,25.13,101567.72,109.8,0.472,-2.971,9.424,-0.029,0.005,0.016,-17.975,-2.584,1092.511,54.306145,-5.583601,331115.34
1139255.0,25.14,101566.62,109.89,0.467,-2.954,9.421,-0.031,0.005,0.015,-17.966,-2.596,1092.735,54.306145,-5.583601,331115.34
1139505.0,25.14,101566.45,109.91,0.45,-2.957,9.424,-0.03,0.004,0.016,-17.96,-2.587,1092.958,54.306145,-5.583601,331115.34
1139758.0,25.15,101566.41,109.91,0.448,-2.962,9.378,-0.031,0.005,0.016,-18.035,-2.59,1093.186,54.306145,-5.583601,331115.34
1140007.0,25.15,101565.39,109.99,0.453,-2.969,9.436,-0.029,0.005,0.015,-17.991,-2.591,1093.413,54.306145,-5.583601,331115.34
1140257.0,25.15,101564.08,110.1,0.455,-2.966,9.412,-0.029,0.005,0.017,-17.953,-2.594,1093.638,54.306145,-5.583601,331115.34
1140506.0,25.15,101563.83,110.12,0.433,-2.969,9.426,-0.03,0.005,0.016,-17.947,-2.608,1093.861,54.306145,-5.583601,331115.34
1140758.0,25.16,101564.12,110.1,0.462,-2.962,9.416,-0.029,0.004,0.016,-18.146,-2.571,1094.091,54.306145,-5.583601,331115.34
1141007.0,25.16,101563.47,110.15,0.479,-2.988,9.424,-0.03,0.005,0.015,-18.154,-2.658,1094.318,54.306145,-5.583601,331115.34
1141256.0,25.16,101563.79,110.13,0.462,-2.95,9.426,-0.03,0.004,0.015,-18.086,-2.652,1094.543,54.306145,-5.583601,331115.34
1141505.0,25.17,101563.59,110.14,0.46,-2.938,9.407,-0.03,0.005,0.016,-18.02,-2.616,1094.77,54.306145,-5.583601,331115.34
1141758.0,25.18,101563.8,110.13,0.476,-2.959,9.452,-0.031,0.005,0.016,-18.032,-2.605,1095.0,54.306145,-5.583601,331115.34
1142006.0,25.18,101563.14,110.18,0.462,-2.966,9.392,-0.03,0.006,0.016,-17.994,-2.603,1095.228,54.306145,-5.583601,331115.34
1142256.0,25.18,101562.45,110.24,0.464,-2.957,9.421,-0.03,0.004,0.017,-17.965,-2.606,1095.453,54.306145,-5.583601,331115.34
1142505.0,25.19,101562.12,110.27,0.472,-2.988,9.431,-0.03,0.004,0.015,-17.965,-2.591,1095.677,54.306145,-5.583601,331115.34
1142755.0,25.19,101562.41,110.24,0.476,-2.954,9.407,-0.03,0.005,0.015,-18.017,-2.601,1095.9,54.306145,-5.583601,331115.34
1143004.0,25.2,101562.62,110.22,0.455,-2.971,9.414,-0.031,0.005,0.016,-17.984,-2.601,1096.126,54.306145,-5.583601,331115.34
1143253.0,25.21,101563.25,110.17,0.467,-2.957,9.426,-0.031,0.004,0.016,-17.978,-2.606,1096.349,54.306145,-5.583601,331115.34
1143508.0,25.21,101564.06,110.1,0.455,-2.957,9.426,-0.031,0.004,0.015,-17.972,-2.605,1096.58,54.306145,-5.583601,331115.34
1143754.0,25.22,101564.03,110.11,0.469,-2.976,9.414,-0.029,0.005,0.017,-18.03,-2.587,1096.807,54.306145,-5.583601,331115.34
1144004.0,25.22,101564.36,110.08,0.462,-2.974,9.4,-0.03,0.004,0.015,-17.97,-2.59,1097.033,54.306145,-5.583601,331115.34
1144253.0,25.23,101564.73,110.05,0.467,-2.976,9.409,-0.03,0.005,0.016,-17.968,-2.613,1097.258,54.306145,-5.583601,331115.34
1144508.0,25.24,101565.44,109.99,0.455,-2.976,9.421,-0.029,0.004,0.015,-17.969,-2.617,1097.486,54.306145,-5.583601,331115.34
1144759.0,25.24,101566.06,109.94,0.479,-2.971,9.414,-0.03,0.005,0.016,-18.029,-2.617,1097.712,54.306145,-5.583601,331115.34
1145003.0,25.24,101566.64,109.89,0.453,-2.966,9.414,-0.029,0.005,0.016,-17.98,-2.608,1097.931,54.306145,-5.583601,331115.34
1145257.0,25.25,101567.75,109.8,0.476,-2.971,9.419,-0.029,0.004,0.015,-17.958,-2.6,1098.161,54.306145,-5.583601,331115.34
1145507.0,25.25,101568.25,109.76,0.455,-2.945,9.438,-0.031,0.005,0.016,-17.965,-2.605,1098.388,54.306145,-5.583601,331115.34
1145759.0,25.25,101567.75,109.8,0.46,-2.947,9.397,-0.031,0.005,0.016,-18.027,-2.599,1098.615,54.306145,-5.583601,331115.34
1146008.0,25.26,101567.14,109.85,0.472,-3.0,9.428,-0.03,0.005,0.016,-17.996,-2.607,1098.841,54.306145,-5.583601,331115.34
1146257.0,25.26,101566.81,109.88,0.455,-2.964,9.419,-0.03,0.005,0.015,-17.985,-2.593,1099.062,54.306145,-5.583601,331115.34
1146507.0,25.26,101565.88,109.95,0.462,-2.966,9.412,-0.031,0.006,0.016,-17.954,-2.585,1099.285,54.306145,-5.583601,331115.34
1146756.0,25.27,101566.03,109.94,0.508,-3.062,9.419,-0.03,0.004,0.016,-18.125,-2.633,1099.509,54.306145,-5.583601,331115.34
1147005.0,25.27,101566.25,109.92,0.46,-2.964,9.397,-0.03,0.005,0.015,-18.129,-2.661,1099.737,54.306145,-5.583601,331115.34
1147254.0,25.27,101566.98,109.86,0.464,-2.974,9.388,-0.03,0.005,0.016,-18.033,-2.628,1099.961,54.306145,-5.583601,331115.34
1147503.0,25.28,101567.48,109.82,0.474,-2.971,9.409,-0.03,0.004,0.017,-17.974,-2.617,1100.186,54.306145,-5.583601,331115.34
1147755.0,25.28,101567.61,109.81,0.472,-2.964,9.433,-0.029,0.005,0.016,-18.048,-2.612,1100.411,54.306145,-5.583601,331115.34
1148004.0,25.29,101567.36,109.83,0.457,-2.976,9.407,-0.031,0.004,0.016,-17.991,-2.617,1100.644,54.306145,-5.583601,331115.34
1148253.0,25.29,101567.81,109.79,0.474,-2.971,9.431,-0.03,0.005,0.017,-17.988,-2.621,1100.872,54.306145,-5.583601,331115.34
1148508.0,25.29,101568.23,109.76,0.469,-2.964,9.412,-0.029,0.004,0.016,-17.971,-2.631,1101.104,54.306145,-5.583601,331115.34
1148760.0,25.3,101568.36,109.76,0.469,-2.966,9.412,-0.029,0.005,0.016,-18.105,-2.606,1101.33,54.306145,-5.583601,331115.34
1149003.0,25.3,101567.61,109.81,0.464,-2.966,9.38,-0.03,0.003,0.015,-18.033,-2.61,1101.554,54.306145,-5.583601,331115.34
1149258.0,25.3,101567.0,109.86,0.464,-2.959,9.424,-0.03,0.005,0.016,-17.987,-2.606,1101.784,54.306145,-5.583601,331115.34
1149507.0,25.31,101566.84,109.87,0.474,-2.945,9.388,-0.03,0.005,0.015,-17.973,-2.612,1102.008,54.306145,-5.583601,331115.34
1149756.0,25.31,101566.59,109.89,0.457,-2.976,9.426,-0.031,0.005,0.015,-18.105,-2.591,1102.234,54.306145,-5.583601,331115.34
1150005.0,25.31,101567.13,109.85,0.45,-2.94,9.421,-0.03,0.005,0.015,-18.007,-2.6,1102.459,54.306145,-5.583601,331115.34
1150254.0,25.32,101568.2,109.76,0.448,-2.969,9.443,-0.029,0.005,0.015,-18.001,-2.605,1102.682,54.306145,-5.583601,331115.34
1150503.0,25.32,101568.33,109.75,0.45,-2.983,9.404,-0.03,0.005,0.016,-17.982,-2.607,1102.91,54.306145,-5.583601,331115.34
1150758.0,25.33,101568.16,109.76,0.46,-2.969,9.428,-0.03,0.005,0.016,-18.031,-2.607,1103.142,54.306145,-5.583601,331115.34
1151007.0,25.33,101567.88,109.79,0.464,-2.954,9.412,-0.029,0.005,0.016,-17.983,-2.614,1103.367,54.306145,-5.583601,331115.34
1151256.0,25.33,101568.12,109.77,0.455,-2.971,9.388,-0.031,0.004,0.015,-17.96,-2.595,1103.593,54.306145,-5.583601,331115.34
1151506.0,25.33,101568.2,109.76,0.464,-2.988,9.421,-0.03,0.005,0.016,-17.969,-2.587,1103.821,54.306145,-5.583601,331115.34
1151758.0,25.34,101568.01,109.78,0.455,-2.969,9.388,-0.028,0.004,0.015,-18.019,-2.589,1104.045,54.306145,-5.583601,331115.34
1152007.0,25.34,101567.43,109.82,0.438,-2.969,9.402,-0.03,0.004,0.016,-17.981,-2.594,1104.274,54.306145,-5.583601,331115.34
1152256.0,25.35,101567.73,109.8,0.467,-2.969,9.419,-0.03,0.005,0.016,-17.98,-2.606,1104.499,54.306145,-5.583601,331115.34
1152505.0,25.35,101568.76,109.71,0.529,-3.069,9.414,-0.03,0.005,0.016,-18.035,-2.655,1104.724,54.306145,-5.583601,331115.34
1152760.0,25.36,101569.08,109.69,0.462,-2.966,9.404,-0.03,0.005,0.016,-18.201,-2.686,1104.953,54.306145,-5.583601,331115.34
1153003.0,25.36,101569.21,109.68,0.486,-2.957,9.397,-0.029,0.005,0.015,-18.055,-2.649,1105.175,54.306145,-5.583601,331115.34
1153258.0,25.37,101568.3,109.75,0.462,-2.974,9.397,-0.029,0.004,0.015,-17.997,-2.639,1105.404,54.306145,-5.583601,331115.34
1153507.0,25.37,101567.61,109.81,0.476,-2.974,9.424,-0.03,0.005,0.016,-17.97,-2.621,1105.631,54.306145,-5.583601,331115.34
1153754.0,25.37,101567.69,109.8,0.45,-2.976,9.388,-0.029,0.004,0.016,-18.045,-2.601,1105.851,54.306145,-5.583601,331115.34
1154003.0,25.38,101568.31,109.75,0.457,-2.942,9.419,-0.03,0.004,0.015,-17.997,-2.599,1106.078,54.306145,-5.583601,331115.34
1154258.0,25.38,101569.3,109.67,0.479,-2.954,9.412,-0.03,0.005,0.015,-17.965,-2.616,1106.311,54.306145,-5.583601,331115.34
1154507.0,25.39,101569.27,109.67,0.467,-2.971,9.404,-0.03,0.005,0.016,-17.965,-2.612,1106.537,54.306145,-5.583601,331115.34
1154755.0,25.4,101569.48,109.65,0.474,-2.952,9.428,-0.03,0.005,0.016,-18.026,-2.608,1106.761,54.306145,-5.583601,331115.34
1155004.0,25.4,101569.19,109.68,0.479,-2.959,9.414,-0.029,0.005,0.016,-17.986,-2.622,1106.989,54.306145,-5.583601,331115.34
1155254.0,25.41,101568.28,109.75,0.467,-2.962,9.388,-0.029,0.003,0.016,-17.975,-2.616,1107.215,54.306145,-5.583601,331115.34
1155508.0,25.41,101568.37,109.75,0.433,-2.969,9.416,-0.031,0.005,0.016,-17.981,-2.618,1107.445,54.306145,-5.583601,331115.34
1155759.0,25.41,101568.17,109.76,0.484,-2.95,9.402,-0.029,0.005,0.016,-18.045,-2.587,1107.669,54.306145,-5.583601,331115.34
1156008.0,25.42,101568.25,109.76,0.453,-2.962,9.433,-0.03,0.005,0.015,-18.007,-2.601,1107.898,54.306145,-5.583601,331115.34
1156257.0,25.42,101567.8,109.79,0.462,-2.974,9.378,-0.031,0.005,0.016,-17.982,-2.613,1108.128,54.306145,-5.583601,331115.34
1156506.0,25.42,101568.2,109.76,0.481,-2.966,9.407,-0.03,0.005,0.015,-17.965,-2.597,1108.354,54.306145,-5.583601,331115.34
1156756.0,25.43,101568.5,109.74,0.472,-2.974,9.407,-0.03,0.005,0.015,-18.108,-2.593,1108.576,54.306145,-5.583601,331115.34
1157005.0,25.44,101569.7,109.64,0.472,-2.964,9.409,-0.03,0.005,0.015,-18.003,-2.597,1108.805,54.306145,-5.583601,331115.34
1157254.0,25.44,101569.62,109.61,0.457,-2.978,9.438,-0.03,0.005,0.016,-17.976,-2.607,1109.029,54.306145,-5.583601,331115.34
1157504.0,25.45,101570.57,109.56,0.472,-2.978,9.433,-0.029,0.004,0.015,-17.958,-2.608,1109.254,54.306145,-5.583601,331115.34
1157759.0,25.45,101570.81,109.54,0.469,-2.971,9.419,-0.029,0.005,0.016,-18.107,-2.592,1109.484,54.306145,-5.583601,331115.34
1158008.0,25.45,101570.48,109.57,0.462,-2.95,9.428,-0.03,0.006,0.015,-18.029,-2.611,1109.711,54.306145,-5.583601,331115.34
1158257.0,25.45,101570.16,109.6,0.498,-3.055,9.409,-0.03,0.005,0.015,-18.069,-2.628,1109.933,54.306145,-5.583601,331115.34
1158506.0,25.45,101570.05,109.61,0.474,-2.988,9.419,-0.029,0.005,0.016,-18.173,-2.699,1110.16,54.306145,-5.583601,331115.34
1158755.0,25.46,101569.88,109.62,0.467,-2.964,9.402,-0.03,0.005,0.016,-18.133,-2.64,1110.382,54.306145,-5.583601,331115.34
1159004.0,25.46,101569.95,109.62,0.457,-2.981,9.4,-0.029,0.005,0.016,-18.034,-2.631,1110.61,54.306145,-5.583601,331115.34
1159254.0,25.46,101570.58,109.56,0.453,-2.969,9.412,-0.029,0.005,0.015,-18.005,-2.616,1110.838,54.306145,-5.583601,331115.34
1159503.0,25.47,101571.31,109.5,0.441,-2.962,9.402,-0.03,0.005,0.015,-17.977,-2.613,1111.065,54.306145,-5.583601,331115.34
1159759.0,25.47,101571.2,109.51,0.476,-2.969,9.421,-0.03,0.005,0.017,-18.035,-2.593,1111.3,54.306145,-5.583601,331115.34
1160003.0,25.47,101570.45,109.57,0.455,-2.971,9.414,-0.03,0.004,0.016,-17.984,-2.603,1111.525,54.306145,-5.583601,331115.34
1160257.0,25.47,101569.8,109.63,0.46,-2.95,9.414,-0.029,0.005,0.017,-17.969,-2.626,1111.756,54.306145,-5.583601,331115.34
1160507.0,25.47,101569.55,109.65,0.462,-2.969,9.436,-0.03,0.005,0.017,-17.969,-2.61,1111.989,54.306145,-5.583601,331115.34
1160755.0,25.48,101569.77,109.63,0.481,-2.976,9.371,-0.03,0.005,0.016,-18.046,-2.604,1112.211,54.306145,-5.583601,331115.34
1161004.0,25.48,101570.26,109.59,0.474,-2.969,9.404,-0.03,0.003,0.016,-17.998,-2.62,1112.439,54.306145,-5.583601,331115.34
1161253.0,25.48,101570.72,109.55,0.455,-2.976,9.419,-0.03,0.005,0.016,-18.003,-2.614,1112.665,54.306145,-5.583601,331115.34
1161508.0,25.49,101570.8,109.55,0.472,-2.981,9.419,-0.029,0.005,0.016,-17.969,-2.614,1112.894,54.306145,-5.583601,331115.34
1161759.0,25.49,101571.91,109.45,0.457,-2.971,9.402,-0.03,0.005,0.015,-18.031,-2.594,1113.119,54.306145,-5.583601,331115.34
1162008.0,25.5,101572.56,109.43,0.464,-2.969,9.431,-0.029,0.005,0.015,-17.992,-2.623,1113.346,54.306145,-5.583601,331115.34
1162257.0,25.5,101572.7,109.39,0.484,-2.957,9.409,-0.03,0.004,0.016,-17.981,-2.614,1113.57,54.306145,-5.583601,331115.34
1162506.0,25.5,101572.78,109.38,0.469,-2.964,9.407,-0.03,0.005,0.015,-17.968,-2.621,1113.797,54.306145,-5.583601,331115.34
1162759.0,25.51,101573.08,109.36,0.464,-2.938,9.421,-0.029,0.005,0.016,-18.025,-2.611,1114.023,54.306145,-5.583601,331115.34
1163008.0,25.51,101572.83,109.38,0.474,-2.962,9.433,-0.029,0.004,0.017,-17.987,-2.62,1114.251,54.306145,-5.583601,331115.34
1163257.0,25.51,101572.58,109.4,0.474,-2.986,9.409,-0.03,0.005,0.016,-17.978,-2.616,1114.476,54.306145,-5.583601,331115.34
1163506.0,25.51,101572.24,109.43,0.472,-2.983,9.414,-0.029,0.005,0.015,-17.966,-2.599,1114.702,54.306145,-5.583601,331115.34
1163757.0,25.52,101572.62,109.39,0.469,-2.957,9.402,-0.029,0.005,0.017,-18.046,-2.592,1114.925,54.306145,-5.583601,331115.34
1164006.0,25.52,101572.7,109.39,0.455,-2.942,9.419,-0.029,0.005,0.015,-17.994,-2.606,1115.154,54.306145,-5.583601,331115.34
1164255.0,25.52,101572.05,109.44,0.476,-2.981,9.388,-0.03,0.005,0.016,-18.189,-2.725,1115.382,54.306145,-5.583601,331115.34
1164504.0,25.52,101572.38,109.41,0.457,-2.962,9.385,-0.029,0.005,0.015,-18.082,-2.677,1115.607,54.306145,-5.583601,331115.34
1164755.0,25.52,101571.96,109.45,0.464,-2.971,9.397,-0.03,0.005,0.016,-18.212,-2.629,1115.833,54.306145,-5.583601,331115.34
1165004.0,25.52,101572.17,109.43,0.455,-2.964,9.421,-0.03,0.005,0.015,-18.061,-2.623,1116.058,54.306145,-5.583601,331115.34
1165253.0,25.53,101572.42,109.41,0.464,-2.976,9.404,-0.029,0.004,0.016,-17.983,-2.611,1116.282,54.306145,-5.583601,331115.34
1165508.0,25.53,101572.67,109.39,0.455,-2.957,9.421,-0.03,0.005,0.016,-17.977,-2.61,1116.511,54.306145,-5.583601,331115.34
1165755.0,25.53,101571.84,109.46,0.457,-2.957,9.409,-0.029,0.005,0.017,-18.12,-2.603,1116.736,54.306145,-5.583601,331115.34
1166004.0,25.53,101571.23,109.51,0.455,-2.954,9.4,-0.03,0.004,0.016,-18.027,-2.581,1116.965,54.306145,-5.583601,331115.34
1166253.0,25.53,101570.66,109.56,0.457,-2.959,9.426,-0.029,0.004,0.017,-18.0,-2.589,1117.191,54.306145,-5.583601,331115.34
1166507.0,25.54,101569.91,109.62,0.441,-2.964,9.414,-0.029,0.005,0.015,-17.992,-2.598,1117.424,54.306145,-5.583601,331115.34
1166756.0,25.54,101570.38,109.58,0.472,-2.981,9.4,-0.028,0.005,0.016,-18.037,-2.597,1117.648,54.306145,-5.583601,331115.34
1167005.0,25.54,101571.27,109.51,0.462,-2.966,9.404,-0.03,0.005,0.015,-17.99,-2.592,1117.874,54.306145,-5.583601,331115.34
1167254.0,25.55,101572.18,109.43,0.462,-2.974,9.421,-0.029,0.005,0.015,-17.965,-2.612,1118.1,54.306145,-5.583601,331115.34
1167504.0,25.55,101571.84,109.46,0.45,-2.957,9.431,-0.029,0.005,0.015,-17.962,-2.62,1118.327,54.306145,-5.583601,331115.34
1167754.0,25.55,101571.48,109.49,0.472,-2.986,9.373,-0.03,0.005,0.016,-18.05,-2.609,1118.552,54.306145,-5.583601,331115.34
1168003.0,25.55,101571.56,109.48,0.457,-2.976,9.4,-0.03,0.004,0.015,-18.0,-2.609,1118.782,54.306145,-5.583601,331115.34
1168253.0,25.56,101571.45,109.49,0.455,-2.969,9.39,-0.03,0.005,0.015,-17.968,-2.603,1119.007,54.306145,-5.583601,331115.34
1168507.0,25.56,101571.61,109.48,0.455,-2.966,9.402,-0.03,0.005,0.016,-17.959,-2.6,1119.238,54.306145,-5.583601,331115.34
1168755.0,25.57,101571.73,109.47,0.46,-2.981,9.407,-0.03,0.005,0.015,-18.042,-2.592,1119.462,54.306145,-5.583601,331115.34
1169004.0,25.57,101571.98,109.45,0.484,-2.969,9.428,-0.029,0.004,0.015,-18.014,-2.6,1119.69,54.306145,-5.583601,331115.34
1169253.0,25.57,101572.44,109.41,0.45,-2.974,9.397,-0.03,0.005,0.015,-17.985,-2.614,1119.917,54.306145,-5.583601,331115.34
1169508.0,25.58,101572.52,109.4,0.462,-2.947,9.409,-0.029,0.005,0.016,-17.964,-2.594,1120.148,54.306145,-5.583601,331115.34
1169758.0,25.58,101573.43,109.34,0.464,-2.974,9.392,-0.029,0.004,0.016,-18.038,-2.595,1120.374,54.306145,-5.583601,331115.34
1170007.0,25.58,101572.6,109.4,0.503,-2.976,9.409,-0.029,0.004,0.016,-18.12,-2.675,1120.6,54.306145,-5.583601,331115.34
1170256.0,25.58,101572.28,109.42,0.464,-2.966,9.416,-0.029,0.004,0.016,-18.102,-2.664,1120.828,54.306145,-5.583601,331115.34
1170505.0,25.58,101572.98,109.36,0.433,-2.95,9.419,-0.029,0.005,0.017,-18.027,-2.613,1121.054,54.306145,-5.583601,331115.34
1170757.0,25.59,101573.64,109.31,0.441,-2.976,9.412,-0.029,0.005,0.015,-18.087,-2.594,1121.281,54.306145,-5.583601,331115.34
1171006.0,25.59,101573.31,109.34,0.472,-2.983,9.4,-0.03,0.004,0.016,-18.015,-2.596,1121.507,54.306145,-5.583601,331115.34
1171255.0,25.59,101573.52,109.32,0.469,-2.969,9.419,-0.029,0.004,0.016,-17.999,-2.59,1121.734,54.306145,-5.583601,331115.34
1171504.0,25.59,101573.6,109.31,0.457,-2.976,9.416,-0.03,0.005,0.015,-17.981,-2.601,1121.959,54.306145,-5.583601,331115.34
1171760.0,25.59,101573.69,109.31,0.453,-2.964,9.414,-0.029,0.005,0.017,-18.057,-2.601,1122.189,54.306145,-5.583601,331115.34
1172003.0,25.6,101573.56,109.32,0.476,-2.959,9.39,-0.03,0.004,0.015,-18.009,-2.602,1122.412,54.306145,-5.583601,331115.34
1172258.0,25.6,101573.48,109.32,0.45,-2.974,9.414,-0.03,0.005,0.017,-17.969,-2.594,1122.644,54.306145,-5.583601,331115.34
1172507.0,25.6,101573.48,109.32,0.443,-2.976,9.409,-0.03,0.005,0.016,-17.965,-2.597,1122.87,54.306145,-5.583601,331115.34
1172768.0,25.6,101574.06,109.28,0.467,-2.974,9.402,-0.029,0.005,0.015,-18.118,-2.577,1123.099,54.306145,-5.583601,331115.34
1173005.0,25.6,101574.3,109.26,0.46,-2.959,9.424,-0.029,0.005,0.017,-18.025,-2.598,1123.319,54.306145,-5.583601,331115.34
1173255.0,25.61,101574.35,109.25,0.445,-2.964,9.412,-0.03,0.006,0.016,-18.003,-2.598,1123.549,54.306145,-5.583601,331115.34
1173504.0,25.61,101574.1,109.27,0.472,-2.962,9.39,-0.029,0.004,0.016,-17.992,-2.599,1123.778,54.306145,-5.583601,331115.34
1173757.0,25.61,101574.19,109.27,0.45,-2.962,9.409,-0.029,0.005,0.017,-18.057,-2.593,1124.004,54.306145,-5.583601,331115.34
1174006.0,25.61,101573.58,109.32,0.462,-2.962,9.428,-0.03,0.005,0.015,-17.999,-2.589,1124.232,54.306145,-5.583601,331115.34
1174256.0,25.62,101573.33,109.34,0.457,-2.954,9.426,-0.03,0.005,0.016,-17.99,-2.612,1124.458,54.306145,-5.583601,331115.34
1174505.0,25.62,101572.99,109.36,0.443,-2.971,9.409,-0.03,0.005,0.015,-17.978,-2.609,1124.685,54.306145,-5.583601,331115.34
1174772.0,25.62,101572.95,109.37,0.46,-2.959,9.383,-0.03,0.005,0.016,-18.143,-2.589,1124.925,54.306145,-5.583601,331115.34
1175004.0,25.62,101572.7,109.39,0.462,-2.962,9.421,-0.029,0.005,0.016,-18.029,-2.581,1125.136,54.306145,-5.583601,331115.34
1175254.0,25.63,101572.95,109.37,0.457,-2.976,9.412,-0.03,0.005,0.016,-18.006,-2.579,1125.364,54.306145,-5.583601,331115.34
1175503.0,25.63,101572.79,109.38,0.46,-2.978,9.397,-0.029,0.005,0.016,-17.997,-2.593,1125.592,54.306145,-5.583601,331115.34
1175756.0,25.63,101572.92,109.37,0.534,-3.084,9.4,-0.029,0.005,0.016,-18.137,-2.65,1125.823,54.306145,-5.583601,331115.34
1176005.0,25.64,101572.92,109.37,0.469,-2.962,9.428,-0.029,0.004,0.016,-18.122,-2.675,1126.052,54.306145,-5.583601,331115.34
1176254.0,25.64,101573.21,109.35,0.462,-2.966,9.397,-0.029,0.004,0.016,-18.015,-2.636,1126.277,54.306145,-5.583601,331115.34
1176503.0,25.64,101573.3,109.34,0.441,-2.959,9.407,-0.03,0.005,0.015,-18.002,-2.61,1126.504,54.306145,-5.583601,331115.34
1176756.0,25.65,101573.83,109.29,0.462,-2.976,9.395,-0.03,0.005,0.015,-18.071,-2.59,1126.736,54.306145,-5.583601,331115.34
1177005.0,25.65,101573.5,109.32,0.486,-2.95,9.383,-0.029,0.005,0.016,-18.012,-2.608,1126.964,54.306145,-5.583601,331115.34
1177254.0,25.65,101573.02,109.36,0.464,-2.966,9.414,-0.03,0.005,0.016,-17.983,-2.6,1127.191,54.306145,-5.583601,331115.34
1177504.0,25.65,101573.09,109.36,0.462,-2.969,9.424,-0.03,0.005,0.016,-17.978,-2.591,1127.42,54.306145,-5.583601,331115.34
1177759.0,25.66,101573.8,109.3,0.45,-2.962,9.419,-0.029,0.005,0.018,-18.04,-2.583,1127.647,54.306145,-5.583601,331115.34
1178008.0,25.66,101573.79,109.3,0.462,-2.954,9.433,-0.029,0.004,0.015,-18.0,-2.592,1127.874,54.306145,-5.583601,331115.34
1178257.0,25.67,101574.08,109.27,0.455,-2.947,9.414,-0.03,0.004,0.016,-17.984,-2.618,1128.103,54.306145,-5.583601,331115.34
1178506.0,25.67,101574.55,109.24,0.479,-2.964,9.424,-0.029,0.004,0.016,-17.972,-2.611,1128.331,54.306145,-5.583601,331115.34
1178758.0,25.67,101574.38,109.25,0.453,-2.969,9.421,-0.03,0.005,0.016,-18.055,-2.595,1128.56,54.306145,-5.583601,331115.34
1179008.0,25.67,101574.45,109.24,0.462,-2.954,9.38,-0.03,0.004,0.017,-18.015,-2.587,1128.787,54.306145,-5.583601,331115.34
1179257.0,25.67,101574.12,109.27,0.457,-2.962,9.397,-0.03,0.005,0.016,-17.995,-2.607,1129.013,54.306145,-5.583601,331115.34
1179506.0,25.68,101574.2,109.26,0.448,-2.966,9.419,-0.03,0.005,0.016,-17.982,-2.591,1129.24,54.306145,-5.583601,331115.34
1179756.0,25.68,101574.5,109.24,0.472,-2.974,9.395,-0.03,0.005,0.017,-18.061,-2.581,1129.47,54.306145,-5.583601,331115.34
1180005.0,25.69,101574.62,109.23,0.455,-2.983,9.424,-0.03,0.005,0.017,-18.001,-2.589,1129.696,54.306145,-5.583601,331115.34
1180254.0,25.69,101574.05,109.28,0.45,-2.966,9.414,-0.03,0.005,0.016,-17.997,-2.596,1129.921,54.306145,-5.583601,331115.34
1180503.0,25.69,101573.97,109.28,0.457,-2.964,9.412,-0.028,0.004,0.016,-17.979,-2.603,1130.149,54.306145,-5.583601,331115.34
1180779.0,25.7,101575.09,109.19,0.484,-2.976,9.395,-0.029,0.004,0.016,-18.119,-2.586,1130.398,54.306145,-5.583601,331115.34
1181005.0,25.69,101574.88,109.21,0.474,-2.969,9.388,-0.03,0.004,0.016,-18.033,-2.601,1130.608,54.306145,-5.583601,331115.34
1181255.0,25.69,101574.88,109.21,0.455,-2.959,9.409,-0.03,0.005,0.016,-18.002,-2.607,1130.835,54.306145,-5.583601,331115.34
1181504.0,25.69,101574.88,109.21,0.503,-3.069,9.409,-0.029,0.006,0.016,-18.054,-2.652,1131.063,54.306145,-5.583601,331115.34
1181756.0,25.69,101574.88,109.21,0.469,-2.945,9.404,-0.029,0.004,0.016,-18.26,-2.684,1131.291,54.306145,-5.583601,331115.34
1182005.0,25.69,101575.37,109.17,0.46,-2.966,9.385,-0.029,0.005,0.016,-18.09,-2.65,1131.52,54.306145,-5.583601,331115.34
1182255.0,25.69,101574.62,109.23,0.443,-2.978,9.409,-0.029,0.005,0.016,-18.032,-2.635,1131.747,54.306145,-5.583601,331115.34
1182504.0,25.69,101574.47,109.24,0.455,-2.964,9.4,-0.029,0.005,0.016,-18.003,-2.618,1131.969,54.306145,-5.583601,331115.34
1182780.0,25.69,101574.47,109.24,0.467,-2.962,9.388,-0.029,0.004,0.016,-18.142,-2.593,1132.217,54.306145,-5.583601,331115.34
1183007.0,25.69,101574.62,109.23,0.453,-2.962,9.412,-0.03,0.005,0.016,-18.04,-2.622,1132.426,54.306145,-5.583601,331115.34
1183256.0,25.69,101574.7,109.22,0.455,-2.957,9.421,-0.028,0.005,0.016,-18.003,-2.62,1132.656,54.306145,-5.583601,331115.34
1183505.0,25.69,101574.7,109.22,0.464,-2.964,9.402,-0.029,0.005,0.015,-17.995,-2.599,1132.882,54.306145,-5.583601,331115.34
1183758.0,25.7,101575.33,109.17,0.455,-2.959,9.414,-0.029,0.005,0.016,-18.049,-2.596,1133.109,54.306145,-5.583601,331115.34
1184007.0,25.7,101575.61,109.15,0.45,-2.947,9.392,-0.028,0.006,0.015,-17.999,-2.582,1133.333,54.306145,-5.583601,331115.34
1184256.0,25.7,101575.33,109.17,0.462,-2.964,9.378,-0.029,0.005,0.015,-17.982,-2.587,1133.561,54.306145,-5.583601,331115.34
1184505.0,25.71,101575.58,109.15,0.462,-2.962,9.428,-0.03,0.005,0.017,-17.969,-2.594,1133.79,54.306145,-5.583601,331115.34
1184756.0,25.71,101575.33,109.17,0.45,-2.964,9.407,-0.029,0.005,0.016,-18.048,-2.601,1134.016,54.306145,-5.583601,331115.34
1185005.0,25.71,101574.0,109.28,0.455,-2.983,9.409,-0.029,0.005,0.016,-18.003,-2.614,1134.243,54.306145,-5.583601,331115.34
1185254.0,25.71,101573.72,109.3,0.457,-2.974,9.4,-0.028,0.005,0.016,-18.003,-2.61,1134.471,54.306145,-5.583601,331115.34
1185504.0,25.71,101573.31,109.34,0.464,-2.962,9.38,-0.029,0.004,0.016,-17.988,-2.61,1134.698,54.306145,-5.583601,331115.34
1185756.0,25.72,101572.73,109.38,0.453,-2.95,9.407,-0.029,0.005,0.016,-18.069,-2.601,1134.927,54.306145,-5.583601,331115.34
1186005.0,25.72,101572.98,109.35,0.464,-2.986,9.404,-0.028,0.005,0.016,-18.019,-2.587,1135.152,54.306145,-5.583601,331115.34
1186254.0,25.72,101572.86,109.37,0.469,-2.959,9.426,-0.029,0.005,0.016,-18.004,-2.616,1135.381,54.306145,-5.583601,331115.34
1186504.0,25.73,101573.19,109.35,0.469,-2.952,9.428,-0.028,0.005,0.016,-17.997,-2.614,1135.604,54.306145,-5.583601,331115.34
1186760.0,25.73,101572.91,109.37,0.457,-2.971,9.402,-0.03,0.004,0.017,-18.069,-2.582,1135.838,54.306145,-5.583601,331115.34
1187003.0,25.73,101572.41,109.41,0.441,-2.981,9.416,-0.03,0.004,0.016,-18.014,-2.581,1136.061,54.306145,-5.583601,331115.34
1187258.0,25.73,101572.66,109.39,0.488,-3.045,9.397,-0.03,0.005,0.016,-18.074,-2.626,1136.292,54.306145,-5.583601,331115.34
1187507.0,25.73,101573.73,109.3,0.455,-2.971,9.419,-0.03,0.005,0.015,-18.166,-2.709,1136.52,54.306145,-5.583601,331115.34
1187760.0,25.74,101573.61,109.31,0.45,-2.971,9.407,-0.029,0.005,0.017,-18.142,-2.626,1136.753,54.306145,-5.583601,331115.34
1188003.0,25.74,101573.2,109.35,0.464,-2.962,9.416,-0.028,0.005,0.016,-18.055,-2.617,1136.978,54.306145,-5.583601,331115.34
1188258.0,25.74,101572.78,109.38,0.474,-2.966,9.414,-0.029,0.004,0.016,-17.994,-2.608,1137.209,54.306145,-5.583601,331115.34
1188507.0,25.74,101572.17,109.43,0.448,-2.964,9.416,-0.03,0.005,0.016,-17.982,-2.602,1137.436,54.306145,-5.583601,331115.34
1188787.0,25.74,101571.68,109.47,0.455,-2.964,9.407,-0.03,0.005,0.016,-18.14,-2.562,1137.694,54.306145,-5.583601,331115.34
1189008.0,25.75,101571.59,109.48,0.455,-2.959,9.414,-0.03,0.005,0.015,-18.042,-2.593,1137.9,54.306145,-5.583601,331115.34
1189257.0,25.75,101571.18,109.51,0.474,-2.969,9.416,-0.03,0.005,0.016,-18.006,-2.606,1138.129,54.306145,-5.583601,331115.34
1189506.0,25.75,101571.76,109.47,0.479,-2.978,9.404,-0.029,0.005,0.016,-18.002,-2.598,1138.356,54.306145,-5.583601,331115.34
1189758.0,25.75,101571.76,109.47,0.448,-2.969,9.4,-0.03,0.004,0.016,-18.096,-2.586,1138.584,54.306145,-5.5836,331115.38
1190007.0,25.75,101571.64,109.48,0.455,-2.986,9.414,-0.029,0.005,0.016,-18.023,-2.598,1138.813,54.306145,-5.5836,331115.38
1190256.0,25.76,101571.55,109.48,0.476,-2.981,9.428,-0.029,0.005,0.017,-17.994,-2.583,1139.041,54.306145,-5.5836,331115.38
1190506.0,25.76,101572.3,109.42,0.464,-2.993,9.402,-0.03,0.004,0.017,-17.994,-2.598,1139.269,54.306145,-5.5836,331115.38
1190795.0,25.76,101572.95,109.37,0.455,-2.962,9.404,-0.029,0.005,0.016,-18.153,-2.586,1139.531,54.306145,-5.5836,331115.38
1191005.0,25.76,101573.61,109.31,0.474,-2.962,9.4,-0.03,0.004,0.016,-18.058,-2.594,1139.724,54.306145,-5.5836,331115.38
1191254.0,25.76,101573.49,109.32,0.455,-2.964,9.424,-0.03,0.005,0.016,-18.009,-2.598,1139.952,54.306145,-5.5836,331115.38
1191504.0,25.76,101573.41,109.33,0.472,-2.971,9.419,-0.029,0.005,0.017,-17.983,-2.608,1140.179,54.306145,-5.5836,331115.38
1191760.0,25.76,101573.25,109.34,0.46,-2.964,9.392,-0.029,0.004,0.016,-18.043,-2.601,1140.409,54.306145,-5.5836,331115.38
1192003.0,25.77,101573.48,109.32,0.455,-2.966,9.409,-0.029,0.005,0.016,-18.008,-2.605,1140.635,54.306145,-5.5836,331115.38
1192253.0,25.77,101573.48,109.32,0.467,-2.959,9.428,-0.029,0.004,0.015,-17.993,-2.597,1140.86,54.306145,-5.5836,331115.38
1192508.0,25.77,101573.16,109.35,0.445,-2.978,9.378,-0.03,0.005,0.015,-17.971,-2.591,1141.089,54.306145,-5.5836,331115.38
1192758.0,25.77,101573.05,109.36,0.462,-2.954,9.383,-0.028,0.004,0.016,-18.047,-2.587,1141.315,54.306145,-5.5836,331115.38
1193008.0,25.77,101573.21,109.36,0.464,-2.976,9.414,-0.03,0.005,0.015,-18.013,-2.596,1141.544,54.306145,-5.5836,331115.38
1193257.0,25.77,101572.8,109.38,0.445,-2.976,9.397,-0.029,0.005,0.017,-18.214,-2.709,1141.772,54.306145,-5.5836,331115.38
1193506.0,25.77,101573.05,109.36,0.472,-2.974,9.402,-0.029,0.005,0.016,-18.111,-2.672,1142.0,54.306145,-5.5836,331115.38
1193759.0,25.77,101572.38,109.43,0.462,-2.969,9.397,-0.029,0.005,0.016,-18.129,-2.627,1142.23,54.306145,-5.5836,331115.38
1194003.0,25.78,101571.8,109.46,0.441,-2.964,9.419,-0.029,0.004,0.016,-18.035,-2.631,1142.456,54.306145,-5.5836,331115.38
1194258.0,25.78,101571.6,109.48,0.457,-2.966,9.424,-0.029,0.003,0.016,-17.991,-2.616,1142.691,54.306145,-5.5836,331115.38
1194507.0,25.78,101571.19,109.51,0.469,-2.964,9.412,-0.029,0.004,0.016,-17.976,-2.62,1142.918,54.306145,-5.5836,331115.38
1194766.0,25.79,101571.07,109.52,0.45,-2.981,9.404,-0.029,0.004,0.015,-18.075,-2.608,1143.15,54.306145,-5.5836,331115.38
1195004.0,25.79,101571.48,109.49,0.46,-2.962,9.409,-0.03,0.004,0.015,-18.028,-2.609,1143.37,54.306145,-5.5836,331115.38
1195253.0,25.79,101572.06,109.44,0.457,-2.969,9.4,-0.03,0.005,0.015,-18.003,-2.617,1143.596,54.306145,-5.5836,331115.38
1195508.0,25.79,101572.22,109.43,0.448,-2.962,9.378,-0.029,0.004,0.016,-17.988,-2.615,1143.828,54.306145,-5.5836,331115.38
1195768.0,25.79,101571.56,109.48,0.455,-2.978,9.383,-0.029,0.005,0.016,-18.059,-2.603,1144.063,54.306145,-5.5836,331115.38
1196006.0,25.79,101570.95,109.53,0.445,-2.95,9.416,-0.029,0.004,0.016,-18.005,-2.621,1144.281,54.306145,-5.5836,331115.38
1196255.0,25.8,101570.7,109.55,0.45,-2.964,9.409,-0.029,0.005,0.015,-17.969,-2.61,1144.51,54.306145,-5.5836,331115.38
1196505.0,25.8,101570.62,109.56,0.474,-2.969,9.4,-0.029,0.005,0.016,-17.977,-2.604,1144.736,54.306145,-5.5836,331115.38
1196809.0,25.8,101570.67,109.56,0.429,-2.971,9.426,-0.03,0.004,0.016,-18.125,-2.594,1145.012,54.306145,-5.5836,331115.38
1197007.0,25.8,101570.34,109.58,0.45,-2.971,9.395,-0.03,0.005,0.016,-18.057,-2.595,1145.198,54.306145,-5.5836,331115.38
1197257.0,25.8,101569.92,109.62,0.472,-2.959,9.39,-0.031,0.004,0.016,-18.032,-2.613,1145.429,54.306145,-5.5836,331115.38
1197506.0,25.81,101570.0,109.61,0.467,-2.969,9.412,-0.03,0.004,0.015,-18.0,-2.619,1145.66,54.306145,-5.5836,331115.38
1197776.0,25.81,101570.25,109.59,0.464,-2.969,9.392,-0.029,0.005,0.016,-18.082,-2.599,1145.904,54.306145,-5.5836,331115.38
1198008.0,25.81,101570.3,109.59,0.457,-2.959,9.404,-0.029,0.005,0.016,-18.007,-2.603,1146.117,54.306145,-5.5836,331115.38
1198258.0,25.81,101570.55,109.57,0.46,-2.993,9.397,-0.029,0.005,0.017,-17.982,-2.626,1146.35,54.306145,-5.5836,331115.38
1198507.0,25.81,101570.21,109.59,0.469,-2.971,9.402,-0.03,0.004,0.016,-17.99,-2.623,1146.574,54.306145,-5.5836,331115.38
1198777.0,25.82,101569.96,109.62,0.462,-2.971,9.407,-0.029,0.005,0.017,-18.08,-2.595,1146.825,54.306145,-5.5836,331115.38
1199004.0,25.82,101571.08,109.52,0.464,-2.988,9.404,-0.029,0.005,0.016,-18.159,-2.707,1147.032,54.306145,-5.5836,331115.38
1199253.0,25.82,101571.66,109.47,0.453,-2.981,9.412,-0.029,0.005,0.016,-18.133,-2.678,1147.26,54.306145,-5.5836,331115.38
1199503.0,25.83,101571.7,109.47,0.486,-2.954,9.397,-0.029,0.005,0.016,-18.044,-2.655,1147.487,54.306145,-5.5836,331115.38
1199817.0,25.83,101570.92,109.54,0.45,-2.962,9.424,-0.029,0.004,0.016,-18.156,-2.607,1147.771,54.306145,-5.5836,331115.38
1200004.0,25.83,101570.77,109.55,0.455,-2.966,9.4,-0.029,0.005,0.016,-18.076,-2.609,1147.944,54.306145,-5.5836,331115.38
1200253.0,25.83,101571.17,109.51,0.46,-2.964,9.412,-0.03,0.005,0.016,-18.014,-2.621,1148.17,54.306145,-5.5836,331115.38
1200508.0,25.83,101570.52,109.57,0.462,-2.983,9.39,-0.03,0.005,0.016,-18.011,-2.616,1148.404,54.306145,-5.5836,331115.38
1200764.0,25.83,101570.84,109.54,0.464,-2.966,9.4,-0.029,0.004,0.015,-18.07,-2.605,1148.635,54.306145,-5.5836,331115.38
1201008.0,25.84,101571.75,109.47,0.479,-2.964,9.4,-0.03,0.005,0.016,-18.031,-2.614,1148.858,54.306145,-5.5836,331115.38
1201257.0,25.84,101572.41,109.41,0.467,-2.959,9.404,-0.03,0.005,0.017,-17.986,-2.628,1149.085,54.306145,-5.5836,331115.38
1201507.0,25.84,101573.31,109.34,0.467,-2.964,9.397,-0.03,0.004,0.016,-17.986,-2.607,1149.312,54.306145,-5.5836,331115.38
1201770.0,25.84,101573.52,109.32,0.453,-2.976,9.4,-0.03,0.005,0.016,-18.065,-2.6,1149.551,54.306145,-5.5836,331115.38
1202008.0,25.84,101572.86,109.37,0.464,-2.959,9.388,-0.03,0.005,0.015,-18.025,-2.595,1149.772,54.306145,-5.5836,331115.38
1202257.0,25.84,101572.94,109.37,0.474,-2.957,9.383,-0.029,0.005,0.016,-17.986,-2.607,1150.0,54.306145,-5.5836,331115.38
1202507.0,25.84,101571.95,109.45,0.474,-2.974,9.421,-0.03,0.003,0.015,-17.989,-2.613,1150.228,54.306145,-5.5836,331115.38
1202780.0,25.85,101572.03,109.44,0.462,-2.995,9.421,-0.029,0.004,0.016,-18.066,-2.618,1150.472,54.306145,-5.5836,331115.38
1203007.0,25.85,101572.49,109.41,0.476,-2.959,9.383,-0.029,0.004,0.016,-18.02,-2.616,1150.683,54.306145,-5.5836,331115.38
1203256.0,25.85,101571.91,109.45,0.453,-2.964,9.419,-0.029,0.005,0.016,-17.994,-2.623,1150.914,54.306145,-5.5836,331115.38
1203505.0,25.85,101571.26,109.51,0.469,-2.969,9.416,-0.029,0.005,0.016,-17.984,-2.611,1151.146,54.306145,-5.5836,331115.38
1203787.0,25.85,101571.26,109.51,0.46,-2.964,9.412,-0.029,0.004,0.015,-18.079,-2.58,1151.399,54.306145,-5.5836,331115.38
1204008.0,25.86,101571.64,109.48,0.453,-2.983,9.414,-0.029,0.005,0.016,-18.019,-2.598,1151.603,54.306145,-5.5836,331115.38
1204258.0,25.86,101570.89,109.54,0.479,-2.959,9.392,-0.03,0.004,0.015,-17.991,-2.612,1151.835,54.306145,-5.5836,331115.38
1204507.0,25.86,101570.64,109.56,0.448,-2.974,9.404,-0.029,0.004,0.015,-17.982,-2.617,1152.061,54.306145,-5.5836,331115.38
1204829.0,25.86,101570.89,109.54,0.532,-3.115,9.421,-0.029,0.004,0.016,-18.286,-2.651,1152.354,54.306145,-5.5836,331115.38
1205005.0,25.87,101570.77,109.55,0.45,-2.966,9.392,-0.029,0.004,0.016,-18.197,-2.652,1152.516,54.306145,-5.5836,331115.38
1205255.0,25.87,101570.69,109.56,0.467,-2.983,9.416,-0.028,0.004,0.016,-18.069,-2.623,1152.745,54.306145,-5.5836,331115.38
1205504.0,25.87,101570.27,109.59,0.45,-2.954,9.404,-0.029,0.005,0.016,-18.004,-2.613,1152.975,54.306145,-5.5836,331115.38
1205795.0,25.88,101570.56,109.57,0.45,-2.966,9.407,-0.029,0.005,0.016,-18.078,-2.621,1153.243,54.306145,-5.5836,331115.38
1206005.0,25.88,101570.64,109.56,0.445,-2.974,9.392,-0.029,0.004,0.016,-18.029,-2.591,1153.441,54.306145,-5.5836,331115.38
1206254.0,25.88,101570.48,109.57,0.493,-2.966,9.383,-0.03,0.005,0.016,-18.019,-2.611,1153.67,54.306145,-5.5836,331115.38
1206504.0,25.88,101570.2,109.6,0.453,-2.966,9.416,-0.029,0.005,0.017,-18.014,-2.613,1153.901,54.306145,-5.5836,331115.38
1206798.0,25.89,101570.52,109.57,0.457,-2.981,9.383,-0.029,0.004,0.016,-18.083,-2.595,1154.168,54.306145,-5.5836,331115.38
1207007.0,25.89,101570.52,109.57,0.45,-2.957,9.414,-0.028,0.005,0.016,-18.035,-2.609,1154.365,54.306145,-5.5836,331115.38
1207257.0,25.89,101570.08,109.6,0.469,-2.954,9.397,-0.03,0.005,0.015,-18.005,-2.602,1154.593,54.306145,-5.5836,331115.38
1207506.0,25.89,101569.83,109.63,0.46,-2.954,9.4,-0.029,0.005,0.016,-17.98,-2.61,1154.824,54.306145,-5.5836,331115.38
1207835.0,25.89,101569.58,109.65,0.448,-2.974,9.397,-0.029,0.005,0.016,-18.136,-2.572,1155.124,54.306145,-5.5836,331115.38
1208005.0,25.9,101569.33,109.67,0.462,-2.974,9.395,-0.029,0.004,0.017,-18.077,-2.595,1155.284,54.306145,-5.5836,331115.38
1208254.0,25.9,101569.21,109.68,0.455,-2.962,9.378,-0.029,0.005,0.016,-18.015,-2.598,1155.516,54.306145,-5.5836,331115.38
1208504.0,25.9,101569.54,109.65,0.457,-2.966,9.414,-0.029,0.004,0.015,-17.992,-2.595,1155.745,54.306145,-5.5836,331115.38
1208787.0,25.91,101569.75,109.63,0.469,-2.974,9.409,-0.029,0.005,0.016,-18.067,-2.592,1156.003,54.306145,-5.5836,331115.38
1209008.0,25.91,101569.92,109.62,0.443,-2.976,9.412,-0.029,0.005,0.015,-18.018,-2.607,1156.208,54.306145,-5.5836,331115.38
1209258.0,25.91,101570.66,109.56,0.455,-2.971,9.385,-0.03,0.004,0.016,-17.996,-2.601,1156.438,54.306145,-5.5836,331115.38
1209507.0,25.91,101571.06,109.52,0.448,-2.981,9.395,-0.029,0.005,0.017,-18.001,-2.609,1156.666,54.306145,-5.5836,331115.38
1209793.0,25.92,101571.03,109.53,0.462,-2.959,9.416,-0.03,0.004,0.016,-18.058,-2.596,1156.928,54.306145,-5.5836,331115.38
1210008.0,25.92,101571.11,109.52,0.462,-2.95,9.385,-0.028,0.005,0.017,-17.995,-2.603,1157.127,54.306145,-5.5836,331115.38
1210257.0,25.92,101570.78,109.55,0.472,-2.964,9.4,-0.029,0.004,0.016,-17.998,-2.63,1157.357,54.306145,-5.5836,331115.38
1210507.0,25.92,101570.83,109.54,0.534,-3.065,9.397,-0.03,0.003,0.016,-18.063,-2.68,1157.588,54.306145,-5.5836,331115.38
1210795.0,25.92,101570.5,109.57,0.467,-2.974,9.402,-0.03,0.005,0.015,-18.255,-2.727,1157.849,54.306145,-5.583599,331115.44
1211004.0,25.92,101570.75,109.55,0.481,-2.976,9.424,-0.029,0.004,0.017,-18.123,-2.673,1158.042,54.306145,-5.583599,331115.44
1211253.0,25.92,101570.66,109.56,0.45,-2.95,9.421,-0.029,0.005,0.016,-18.027,-2.641,1158.27,54.306145,-5.583599,331115.44
1211508.0,25.92,101571.56,109.48,0.46,-2.976,9.4,-0.03,0.004,0.017,-17.994,-2.61,1158.506,54.306145,-5.583599,331115.44
1211798.0,25.92,101571.41,109.5,0.448,-2.978,9.392,-0.029,0.004,0.016,-18.073,-2.598,1158.77,54.306145,-5.583599,331115.44
1212008.0,25.93,101571.31,109.5,0.457,-2.964,9.407,-0.029,0.005,0.016,-18.017,-2.594,1158.962,54.306145,-5.583599,331115.44
1212257.0,25.93,101570.83,109.54,0.467,-2.966,9.4,-0.03,0.004,0.017,-18.01,-2.609,1159.19,54.306145,-5.583599,331115.44
1212506.0,25.93,101570.83,109.54,0.474,-2.988,9.385,-0.03,0.004,0.016,-17.991,-2.609,1159.42,54.306145,-5.583599,331115.44
1212841.0,25.93,101571.45,109.49,0.457,-2.969,9.392,-0.029,0.005,0.015,-18.137,-2.572,1159.72,54.306145,-5.583599,331115.44
1213006.0,25.93,101571.45,109.49,0.46,-2.957,9.421,-0.029,0.004,0.016,-18.066,-2.594,1159.871,54.306145,-5.583599,331115.44
1213255.0,25.93,101571.36,109.5,0.464,-2.978,9.414,-0.03,0.005,0.016,-17.991,-2.609,1160.099,54.306145,-5.583599,331115.44
1213504.0,25.94,101570.95,109.53,0.464,-2.969,9.407,-0.029,0.004,0.016,-18.002,-2.609,1160.329,54.306145,-5.583599,331115.44
1213810.0,25.94,101570.83,109.54,0.467,-2.976,9.395,-0.029,0.005,0.016,-18.085,-2.601,1160.61,54.306145,-5.583599,331115.44
1214003.0,25.94,101571.16,109.52,0.46,-2.954,9.412,-0.03,0.005,0.017,-18.03,-2.607,1160.791,54.306145,-5.583599,331115.44
1214258.0,25.94,101571.66,109.47,0.457,-2.969,9.385,-0.029,0.004,0.016,-17.991,-2.6,1161.024,54.306145,-5.583599,331115.44
1214507.0,25.94,101571.91,109.45,0.443,-2.962,9.385,-0.03,0.005,0.016,-18.003,-2.606,1161.254,54.306145,-5.583599,331115.44
1214754.0,25.94,101571.08,109.52,0.464,-2.95,9.4,-0.029,0.005,0.016,-17.977,-2.594,1161.481,54.306145,-5.583599,331115.44
1215004.0,25.94,101571.32,109.5,0.455,-2.959,9.412,-0.029,0.004,0.016,-18.029,-2.592,1161.711,54.306145,-5.583599,331115.44
1215253.0,25.95,101571.61,109.48,0.46,-2.966,9.412,-0.029,0.005,0.017,-18.013,-2.598,1161.944,54.306145,-5.583599,331115.44
1215508.0,25.95,101571.78,109.46,0.469,-2.976,9.407,-0.029,0.005,0.015,-18.002,-2.61,1162.179,54.306145,-5.583599,331115.44
1215755.0,25.95,101572.35,109.42,0.467,-2.957,9.407,-0.03,0.004,0.016,-17.994,-2.617,1162.407,54.306145,-5.583599,331115.44
1216006.0,25.95,101572.93,109.37,0.481,-2.957,9.402,-0.03,0.005,0.017,-18.091,-2.6,1162.639,54.306145,-5.583599,331115.44
1216255.0,25.96,101572.48,109.41,0.496,-3.053,9.407,-0.029,0.005,0.015,-18.095,-2.642,1162.867,54.306145,-5.583599,331115.44
1216504.0,25.96,101571.98,109.45,0.503,-2.981,9.409,-0.029,0.004,0.016,-18.199,-2.726,1163.094,54.306145,-5.583599,331115.44
1216757.0,25.96,101571.5,109.49,0.45,-2.969,9.385,-0.029,0.005,0.015,-18.067,-2.661,1163.325,54.306145,-5.583599,331115.44
1217006.0,25.96,101571.73,109.47,0.467,-2.976,9.383,-0.029,0.004,0.015,-18.044,-2.628,1163.552,54.306145,-5.583599,331115.44
1217256.0,25.96,101571.82,109.46,0.472,-2.966,9.39,-0.029,0.004,0.016,-17.998,-2.618,1163.778,54.306145,-5.583599,331115.44
1217505.0,25.96,101571.7,109.47,0.457,-2.964,9.407,-0.029,0.004,0.016,-17.995,-2.631,1164.007,54.306145,-5.583599,331115.44
1217758.0,25.97,101571.95,109.45,0.457,-2.957,9.397,-0.029,0.004,0.016,-17.985,-2.61,1164.238,54.306145,-5.583599,331115.44
1218004.0,25.97,101572.36,109.42,0.481,-2.995,9.428,-0.03,0.004,0.016,-18.004,-2.609,1164.465,54.306145,-5.583599,331115.44
1218254.0,25.97,101572.41,109.41,0.455,-2.966,9.431,-0.029,0.005,0.017,-17.984,-2.608,1164.697,54.306145,-5.583599,331115.44
1218503.0,25.97,101572.08,109.44,0.462,-2.969,9.409,-0.03,0.004,0.016,-17.985,-2.604,1164.928,54.306145,-5.583599,331115.44
1218756.0,25.97,101572.66,109.39,0.484,-2.983,9.39,-0.029,0.003,0.016,-17.989,-2.633,1165.16,54.306145,-5.583599,331115.44
1219006.0,25.97,101572.16,109.43,0.474,-2.986,9.397,-0.029,0.004,0.017,-18.032,-2.619,1165.391,54.306145,-5.583599,331115.44
1219256.0,25.97,101571.09,109.52,0.464,-2.962,9.404,-0.029,0.005,0.016,-18.008,-2.605,1165.623,54.306145,-5.583599,331115.44
1219505.0,25.97,101571.33,109.5,0.486,-2.966,9.39,-0.029,0.005,0.016,-17.98,-2.621,1165.852,54.306145,-5.583599,331115.44
1219758.0,25.98,101571.58,109.48,0.464,-2.954,9.404,-0.029,0.005,0.016,-17.98,-2.613,1166.084,54.306145,-5.583599,331115.44
1220004.0,25.98,101571.41,109.49,0.474,-2.966,9.376,-0.029,0.004,0.016,-18.037,-2.612,1166.308,54.306145,-5.583599,331115.44
1220254.0,25.98,101570.97,109.53,0.457,-2.966,9.414,-0.029,0.005,0.015,-18.003,-2.627,1166.535,54.306145,-5.583599,331115.44
1220503.0,25.98,101570.88,109.5,0.462,-2.962,9.397,-0.029,0.005,0.016,-17.997,-2.61,1166.763,54.306145,-5.583599,331115.44
1220756.0,25.98,101570.96,109.53,0.445,-2.962,9.388,-0.03,0.005,0.016,-18.001,-2.608,1166.996,54.306145,-5.583599,331115.44
1221008.0,25.99,101571.05,109.53,0.464,-2.957,9.38,-0.03,0.004,0.016,-18.073,-2.591,1167.229,54.306145,-5.583599,331115.44
1221257.0,25.99,101570.39,109.58,0.481,-2.969,9.39,-0.029,0.004,0.016,-18.007,-2.606,1167.458,54.306145,-5.583599,331115.44
1221506.0,25.99,101571.09,109.52,0.467,-2.959,9.404,-0.029,0.005,0.016,-17.984,-2.601,1167.687,54.306145,-5.583599,331115.44
1221759.0,25.99,101570.59,109.56,0.464,-2.981,9.407,-0.029,0.005,0.017,-17.977,-2.608,1167.919,54.306145,-5.583599,331115.44
1222005.0,25.99,101571.34,109.5,0.467,-2.962,9.388,-0.029,0.004,0.017,-18.021,-2.599,1168.143,54.306145,-5.583599,331115.44
1222255.0,25.99,101571.17,109.51,0.462,-2.983,9.392,-0.029,0.004,0.016,-18.218,-2.733,1168.378,54.306145,-5.583599,331115.44
1222504.0,25.99,101570.76,109.55,0.479,-2.962,9.419,-0.029,0.004,0.016,-18.113,-2.69,1168.606,54.306145,-5.583599,331115.44
1222757.0,26.0,101570.64,109.56,0.45,-2.981,9.385,-0.029,0.004,0.017,-18.02,-2.631,1168.84,54.306145,-5.583599,331115.44
1223006.0,26.0,101570.89,109.54,0.46,-2.978,9.38,-0.029,0.005,0.016,-18.071,-2.603,1169.072,54.306145,-5.583599,331115.44
1223256.0,26.0,101570.55,109.57,0.462,-2.966,9.402,-0.03,0.005,0.016,-18.012,-2.606,1169.3,54.306145,-5.583599,331115.44
1223505.0,26.0,101570.97,109.53,0.443,-2.966,9.369,-0.029,0.005,0.016,-17.987,-2.608,1169.53,54.306145,-5.583599,331115.44
1223758.0,26.0,101570.64,109.56,0.441,-2.981,9.404,-0.028,0.005,0.016,-17.995,-2.593,1169.76,54.306145,-5.583599,331115.44
1224004.0,26.01,101571.27,109.51,0.455,-2.969,9.397,-0.029,0.005,0.016,-18.087,-2.588,1169.987,54.306145,-5.583599,331115.44
1224253.0,26.01,101571.34,109.5,0.448,-2.986,9.373,-0.029,0.005,0.016,-18.023,-2.604,1170.217,54.306145,-5.583599,331115.44
1224508.0,26.01,101571.3,109.5,0.455,-2.962,9.397,-0.03,0.005,0.016,-18.015,-2.622,1170.456,54.306145,-5.583599,331115.44
1224756.0,26.01,101570.64,109.56,0.46,-2.966,9.39,-0.029,0.005,0.017,-17.997,-2.622,1170.684,54.306145,-5.583599,331115.44
1225004.0,26.02,101571.14,109.52,0.484,-2.959,9.426,-0.029,0.005,0.016,-18.026,-2.619,1170.918,54.306145,-5.583599,331115.44
1225254.0,26.02,101570.97,109.53,0.464,-2.976,9.395,-0.03,0.004,0.016,-17.989,-2.625,1171.146,54.306145,-5.583599,331115.44
1225503.0,26.02,101571.14,109.52,0.455,-2.954,9.392,-0.029,0.003,0.016,-17.981,-2.615,1171.374,54.306145,-5.583599,331115.44
1225756.0,26.02,101571.14,109.52,0.457,-2.969,9.412,-0.029,0.006,0.015,-17.987,-2.613,1171.602,54.306145,-5.583599,331115.44
1226007.0,26.02,101571.02,109.53,0.464,-2.957,9.392,-0.029,0.005,0.016,-18.017,-2.61,1171.833,54.306145,-5.583599,331115.44
1226257.0,26.02,101570.69,109.56,0.46,-2.974,9.383,-0.029,0.005,0.015,-18.011,-2.6,1172.065,54.306145,-5.583599,331115.44
1226506.0,26.02,101570.85,109.54,0.462,-2.964,9.424,-0.03,0.004,0.015,-18.015,-2.607,1172.296,54.306145,-5.583599,331115.44
1226759.0,26.02,101570.36,109.58,0.462,-2.964,9.39,-0.029,0.005,0.016,-17.995,-2.612,1172.527,54.306145,-5.583599,331115.44
1227007.0,26.02,101570.36,109.58,0.46,-2.983,9.426,-0.03,0.005,0.016,-18.028,-2.61,1172.756,54.306145,-5.583599,331115.44
1227256.0,26.02,101570.6,109.56,0.457,-2.969,9.409,-0.03,0.005,0.016,-18.006,-2.62,1172.984,54.306145,-5.583599,331115.44
1227506.0,26.02,101569.94,109.62,0.469,-2.964,9.419,-0.029,0.005,0.017,-17.994,-2.595,1173.214,54.306145,-5.583599,331115.44
1227759.0,26.03,101570.23,109.59,0.467,-2.957,9.395,-0.029,0.005,0.016,-18.003,-2.6,1173.44,54.306145,-5.583599,331115.44
1228004.0,26.03,101570.16,109.6,0.469,-2.993,9.419,-0.029,0.005,0.017,-18.149,-2.679,1173.667,54.306145,-5.583599,331115.44
1228254.0,26.03,101570.56,109.57,0.45,-2.99,9.378,-0.03,0.004,0.016,-18.14,-2.675,1173.895,54.306145,-5.583599,331115.44
1228503.0,26.03,101569.57,109.65,0.448,-2.969,9.407,-0.029,0.005,0.016,-18.053,-2.637,1174.125,54.306145,-5.583599,331115.44
1228756.0,26.04,101570.45,109.57,0.462,-2.981,9.397,-0.029,0.005,0.017,-18.015,-2.63,1174.356,54.306145,-5.583599,331115.44
1229007.0,26.04,101570.85,109.56,0.45,-2.964,9.388,-0.028,0.004,0.016,-18.085,-2.609,1174.591,54.306145,-5.583599,331115.44
1229256.0,26.04,101570.44,109.58,0.464,-2.971,9.414,-0.029,0.005,0.015,-18.025,-2.613,1174.818,54.306145,-5.583599,331115.44
1229505.0,26.04,101570.36,109.58,0.467,-2.957,9.39,-0.029,0.005,0.016,-18.013,-2.627,1175.046,54.306145,-5.583599,331115.44
1229758.0,26.04,101569.78,109.63,0.472,-2.957,9.397,-0.029,0.004,0.017,-17.995,-2.624,1175.278,54.306145,-5.583599,331115.44
1230008.0,26.04,101569.86,109.62,0.448,-2.983,9.395,-0.03,0.005,0.015,-18.046,-2.616,1175.505,54.306145,-5.583599,331115.44
1230257.0,26.04,101569.86,109.62,0.464,-2.976,9.419,-0.03,0.005,0.017,-18.008,-2.609,1175.734,54.306145,-5.583599,331115.44
1230506.0,26.05,101570.41,109.58,0.453,-2.971,9.383,-0.028,0.005,0.017,-17.988,-2.614,1175.963,54.306145,-5.583599,331115.44
1230759.0,26.05,101570.16,109.6,0.469,-2.966,9.409,-0.029,0.004,0.016,-17.994,-2.628,1176.194,54.306145,-5.583599,331115.44
1231006.0,26.05,101569.66,109.64,0.438,-2.969,9.404,-0.029,0.004,0.016,-18.042,-2.604,1176.421,54.306145,-5.583599,331115.44
1231255.0,26.05,101569.0,109.69,0.469,-2.964,9.39,-0.029,0.005,0.016,-17.989,-2.607,1176.652,54.306145,-5.583599,331115.44
1231504.0,26.05,101569.58,109.65,0.46,-2.954,9.412,-0.029,0.005,0.017,-17.985,-2.602,1176.881,54.306145,-5.583599,331115.44
1231758.0,26.05,101569.45,109.66,0.46,-2.962,9.392,-0.029,0.005,0.017,-17.984,-2.617,1177.115,54.306145,-5.583599,331115.44
1232003.0,26.06,101569.38,109.66,0.469,-2.974,9.385,-0.029,0.004,0.016,-18.054,-2.607,1177.337,54.306145,-5.583599,331115.44
1232258.0,26.06,101569.62,109.64,0.46,-2.981,9.414,-0.028,0.003,0.016,-18.032,-2.617,1177.574,54.306145,-5.583599,331115.44
1232507.0,26.06,101569.45,109.66,0.443,-2.981,9.397,-0.028,0.004,0.017,-18.009,-2.607,1177.802,54.306145,-5.583599,331115.44
1232755.0,26.06,101569.5,109.65,0.455,-2.964,9.397,-0.029,0.005,0.016,-18.008,-2.603,1178.03,54.306145,-5.583599,331115.44
1233008.0,26.06,101569.34,109.67,0.464,-2.978,9.392,-0.028,0.005,0.016,-18.103,-2.591,1178.262,54.306145,-5.583599,331115.44
1233258.0,26.06,101569.42,109.66,0.457,-2.976,9.388,-0.029,0.005,0.017,-18.069,-2.602,1178.493,54.306145,-5.583599,331115.44
1233507.0,26.07,101569.17,109.68,0.462,-2.942,9.397,-0.028,0.005,0.016,-18.018,-2.605,1178.723,54.306145,-5.583599,331115.44
1233760.0,26.07,101569.55,109.65,0.536,-3.117,9.385,-0.03,0.005,0.016,-18.163,-2.697,1178.952,54.306145,-5.583599,331115.44
1234005.0,26.07,101569.7,109.64,0.453,-2.971,9.385,-0.029,0.005,0.016,-18.179,-2.673,1179.181,54.306145,-5.583599,331115.44
1234254.0,26.07,101569.38,109.66,0.479,-2.976,9.416,-0.03,0.005,0.016,-18.065,-2.623,1179.411,54.306145,-5.583599,331115.44
1234503.0,26.08,101569.12,109.68,0.469,-2.959,9.414,-0.028,0.004,0.016,-18.021,-2.621,1179.645,54.306145,-5.583599,331115.44
1234757.0,26.08,101569.51,109.65,0.469,-2.969,9.424,-0.029,0.006,0.015,-18.006,-2.597,1179.878,54.306145,-5.583599,331115.44
1235006.0,26.08,101570.08,109.6,0.472,-2.981,9.407,-0.029,0.004,0.017,-18.049,-2.586,1180.11,54.306145,-5.583599,331115.44
1235255.0,26.08,101569.91,109.62,0.453,-2.957,9.395,-0.029,0.004,0.017,-18.02,-2.595,1180.34,54.306145,-5.583599,331115.44
1235505.0,26.08,101570.49,109.57,0.462,-2.957,9.388,-0.029,0.005,0.015,-18.019,-2.623,1180.569,54.306145,-5.583599,331115.44
1235758.0,26.08,101569.75,109.63,0.445,-2.969,9.414,-0.028,0.005,0.016,-17.995,-2.617,1180.801,54.306145,-5.583599,331115.44
1236005.0,26.08,101569.58,109.65,0.464,-2.983,9.404,-0.029,0.004,0.015,-18.045,-2.594,1181.03,54.306145,-5.583599,331115.44
1236254.0,26.08,101569.75,109.63,0.45,-2.983,9.388,-0.029,0.003,0.016,-18.005,-2.609,1181.258,54.306145,-5.583599,331115.44
1236503.0,26.08,101570.49,109.57,0.479,-2.974,9.416,-0.029,0.005,0.016,-17.99,-2.619,1181.488,54.306145,-5.583599,331115.44
1236756.0,26.08,101570.33,109.58,0.474,-2.976,9.431,-0.03,0.005,0.015,-17.998,-2.626,1181.722,54.306145,-5.583599,331115.44
1237007.0,26.09,101570.7,109.55,0.469,-2.976,9.419,-0.029,0.005,0.016,-18.093,-2.601,1181.951,54.306145,-5.583599,331115.44
1237257.0,26.09,101570.95,109.53,0.474,-2.971,9.395,-0.029,0.004,0.016,-18.026,-2.617,1182.179,54.306145,-5.583599,331115.44
1237506.0,26.09,101570.62,109.56,0.464,-2.976,9.402,-0.03,0.005,0.017,-18.006,-2.613,1182.408,54.306145,-5.583599,331115.44
1237759.0,26.09,101571.44,109.49,0.464,-2.962,9.392,-0.029,0.004,0.015,-18.009,-2.611,1182.639,54.306145,-5.583599,331115.44
1238004.0,26.09,101571.85,109.46,0.462,-2.971,9.397,-0.03,0.004,0.015,-18.054,-2.603,1182.863,54.306145,-5.583599,331115.44
1238253.0,26.09,101571.19,109.51,0.472,-2.974,9.383,-0.029,0.004,0.017,-18.03,-2.624,1183.094,54.306145,-5.583599,331115.44
1238508.0,26.09,101570.75,109.55,0.46,-2.971,9.4,-0.03,0.005,0.015,-18.021,-2.629,1183.327,54.306145,-5.583599,331115.44
1238756.0,26.1,101570.66,109.56,0.453,-2.986,9.4,-0.029,0.004,0.016,-18.019,-2.62,1183.556,54.306145,-5.583599,331115.44
1239008.0,26.1,101570.41,109.58,0.464,-2.964,9.395,-0.029,0.005,0.016,-18.051,-2.595,1183.791,54.306145,-5.583599,331115.44
1239257.0,26.1,101570.16,109.6,0.464,-2.962,9.402,-0.029,0.004,0.016,-18.015,-2.616,1184.024,54.306145,-5.583599,331115.44
1239506.0,26.11,101570.29,109.59,0.543,-3.084,9.383,-0.029,0.005,0.016,-18.087,-2.687,1184.253,54.306145,-5.583599,331115.44
1239759.0,26.11,101570.7,109.55,0.448,-2.959,9.419,-0.029,0.005,0.016,-18.208,-2.729,1184.486,54.306145,-5.583599,331115.44
1240003.0,26.11,101571.98,109.45,0.45,-2.971,9.4,-0.029,0.005,0.017,-18.157,-2.653,1184.709,54.306145,-5.583599,331115.44
1240253.0,26.12,101572.23,109.43,0.457,-2.981,9.395,-0.03,0.004,0.015,-18.05,-2.624,1184.937,54.306145,-5.583599,331115.44
1240508.0,26.12,101572.61,109.4,0.448,-2.981,9.364,-0.03,0.004,0.015,-18.019,-2.62,1185.169,54.306145,-5.583599,331115.44
1240755.0,26.12,101572.11,109.44,0.484,-2.986,9.402,-0.029,0.005,0.016,-18.02,-2.619,1185.394,54.306145,-5.583599,331115.44
1241007.0,26.12,101572.19,109.43,0.481,-2.964,9.385,-0.028,0.005,0.015,-18.122,-2.607,1185.625,54.306145,-5.583599,331115.44
1241256.0,26.12,101571.78,109.46,0.472,-2.969,9.378,-0.029,0.005,0.015,-18.056,-2.597,1185.855,54.306145,-5.583599,331115.44
1241506.0,26.12,101571.45,109.49,0.469,-2.966,9.416,-0.03,0.005,0.016,-18.015,-2.615,1186.084,54.306145,-5.583599,331115.44
1241759.0,26.12,101571.86,109.46,0.469,-2.983,9.395,-0.03,0.004,0.016,-18.017,-2.606,1186.317,54.306145,-5.583599,331115.44
1242004.0,26.12,101571.61,109.48,0.46,-2.969,9.412,-0.029,0.005,0.017,-18.046,-2.606,1186.546,54.306145,-5.583599,331115.44
1242253.0,26.12,101571.0,109.53,0.469,-2.978,9.395,-0.03,0.006,0.016,-18.008,-2.617,1186.776,54.306145,-5.583599,331115.44
1242508.0,26.13,101571.41,109.5,0.476,-2.971,9.4,-0.029,0.004,0.016,-18.012,-2.613,1187.009,54.306145,-5.583599,331115.44
1242755.0,26.13,101571.33,109.5,0.448,-2.976,9.416,-0.028,0.005,0.017,-17.995,-2.608,1187.234,54.306145,-5.583599,331115.44
1243003.0,26.13,101571.73,109.47,0.472,-2.974,9.392,-0.029,0.005,0.016,-18.041,-2.629,1187.464,54.306145,-5.583599,331115.44
1243253.0,26.13,101570.95,109.53,0.476,-2.964,9.392,-0.029,0.004,0.017,-18.01,-2.644,1187.693,54.306145,-5.583599,331115.44
1243507.0,26.14,101570.7,109.55,0.464,-2.971,9.385,-0.029,0.005,0.016,-18.004,-2.62,1187.93,54.306145,-5.583599,331115.44
1243755.0,26.14,101571.38,109.5,0.476,-2.983,9.421,-0.029,0.004,0.016,-17.998,-2.635,1188.16,54.306145,-5.583599,331115.44
1244006.0,26.14,101571.17,109.51,0.467,-2.966,9.402,-0.029,0.005,0.016,-18.036,-2.616,1188.39,54.306145,-5.583599,331115.44
1244255.0,26.14,101571.08,109.52,0.476,-2.969,9.4,-0.029,0.004,0.017,-18.0,-2.608,1188.618,54.306145,-5.583599,331115.44
1244504.0,26.15,101571.33,109.5,0.464,-2.966,9.421,-0.029,0.005,0.017,-17.974,-2.622,1188.848,54.306145,-5.583599,331115.44
1244757.0,26.15,101571.7,109.47,0.476,-2.971,9.4,-0.03,0.004,0.017,-17.994,-2.635,1189.081,54.306145,-5.583599,331115.44
1245007.0,26.15,101572.11,109.42,0.464,-2.947,9.378,-0.03,0.005,0.016,-18.095,-2.602,1189.312,54.306145,-5.583599,331115.44
1245257.0,26.15,101573.34,109.33,0.484,-3.053,9.409,-0.028,0.005,0.016,-18.095,-2.624,1189.544,54.306145,-5.583599,331115.44
1245506.0,26.16,101573.59,109.31,0.467,-2.993,9.388,-0.029,0.004,0.016,-18.178,-2.715,1189.767,54.306145,-5.583599,331115.44
1245759.0,26.16,101573.15,109.35,0.462,-2.976,9.373,-0.029,0.005,0.016,-18.073,-2.664,1190.002,54.306145,-5.583599,331115.44
1246008.0,26.16,101572.98,109.36,0.469,-2.976,9.404,-0.029,0.004,0.017,-18.092,-2.626,1190.23,54.306145,-5.583599,331115.44
1246257.0,26.16,101572.48,109.41,0.457,-2.969,9.38,-0.029,0.004,0.015,-18.039,-2.624,1190.458,54.306145,-5.583599,331115.44
1246506.0,26.16,101573.39,109.33,0.453,-2.962,9.395,-0.028,0.004,0.016,-18.013,-2.619,1190.688,54.306145,-5.583599,331115.44
1246759.0,26.16,101573.47,109.32,0.472,-2.966,9.373,-0.029,0.003,0.016,-18.002,-2.616,1190.924,54.306145,-5.583599,331115.44
1247006.0,26.17,101573.69,109.31,0.472,-2.957,9.4,-0.03,0.005,0.015,-18.072,-2.613,1191.152,54.306145,-5.583599,331115.44
1247256.0,26.17,101573.52,109.32,0.445,-2.952,9.402,-0.029,0.005,0.016,-18.007,-2.619,1191.383,54.306145,-5.583599,331115.44
1247505.0,26.17,101573.52,109.32,0.457,-2.962,9.409,-0.029,0.005,0.016,-17.983,-2.614,1191.614,54.306145,-5.583599,331115.44
1247758.0,26.17,101573.03,109.36,0.453,-2.969,9.395,-0.028,0.004,0.016,-17.971,-2.616,1191.845,54.306145,-5.583599,331115.44
1248007.0,26.17,101572.86,109.37,0.448,-2.962,9.395,-0.029,0.005,0.016,-18.034,-2.591,1192.074,54.306145,-5.583599,331115.44
1248256.0,26.17,101572.45,109.41,0.469,-2.988,9.373,-0.029,0.005,0.015,-18.016,-2.596,1192.305,54.306145,-5.583599,331115.44
1248505.0,26.17,101572.11,109.44,0.445,-2.976,9.392,-0.029,0.005,0.015,-18.013,-2.599,1192.533,54.306145,-5.583599,331115.44
1248758.0,26.17,101572.53,109.4,0.443,-2.974,9.397,-0.029,0.005,0.016,-17.992,-2.586,1192.764,54.306145,-5.583599,331115.44
1249004.0,26.17,101572.2,109.43,0.467,-2.969,9.409,-0.027,0.004,0.017,-18.115,-2.57,1192.998,54.306145,-5.583599,331115.44
1249254.0,26.17,101572.58,109.4,0.469,-2.957,9.395,-0.029,0.004,0.016,-18.035,-2.59,1193.231,54.306145,-5.583599,331115.44
1249503.0,26.18,101572.82,109.36,0.453,-2.969,9.414,-0.029,0.004,0.016,-18.002,-2.575,1193.462,54.306145,-5.583599,331115.44
1249756.0,26.18,101573.16,109.35,0.464,-2.976,9.404,-0.029,0.004,0.016,-18.0,-2.601,1193.692,54.306145,-5.583599,331115.44
1250006.0,26.18,101573.39,109.33,0.46,-2.976,9.414,-0.029,0.004,0.016,-18.035,-2.596,1193.924,54.306145,-5.583599,331115.44
1250256.0,26.18,101572.95,109.37,0.453,-2.981,9.378,-0.029,0.005,0.017,-18.026,-2.592,1194.157,54.306145,-5.583599,331115.44
1250505.0,26.18,101572.86,109.37,0.467,-2.971,9.409,-0.029,0.005,0.015,-17.997,-2.597,1194.384,54.306145,-5.583599,331115.44
1250758.0,26.19,101572.78,109.38,0.45,-2.969,9.385,-0.03,0.005,0.016,-18.002,-2.598,1194.616,54.306145,-5.583599,331115.44
1251004.0,26.19,101571.87,109.46,0.469,-2.981,9.412,-0.029,0.005,0.015,-18.04,-2.598,1194.844,54.306145,-5.583599,331115.44
1251254.0,26.19,101571.75,109.47,0.448,-2.974,9.402,-0.029,0.006,0.016,-18.236,-2.71,1195.073,54.306145,-5.583599,331115.44
1251503.0,26.19,101571.26,109.51,0.46,-2.971,9.412,-0.029,0.004,0.016,-18.132,-2.667,1195.303,54.306145,-5.583599,331115.44
1251756.0,26.19,101571.09,109.52,0.469,-2.962,9.392,-0.028,0.005,0.017,-18.046,-2.652,1195.536,54.306145,-5.583599,331115.44
1252006.0,26.19,101570.92,109.54,0.455,-2.983,9.395,-0.028,0.004,0.016,-18.064,-2.618,1195.767,54.306145,-5.583599,331115.44
1252256.0,26.19,101570.77,109.55,0.45,-2.959,9.404,-0.029,0.005,0.016,-18.007,-2.598,1195.996,54.306145,-5.583599,331115.44
1252505.0,26.19,101570.84,109.54,0.467,-2.962,9.392,-0.029,0.004,0.015,-17.984,-2.627,1196.226,54.306145,-5.583599,331115.44
1252758.0,26.2,101570.92,109.54,0.457,-2.974,9.388,-0.029,0.004,0.016,-17.987,-2.612,1196.46,54.306145,-5.583599,331115.44
1253006.0,26.2,101571.63,109.48,0.474,-2.952,9.407,-0.029,0.005,0.016,-18.092,-2.595,1196.687,54.306145,-5.583599,331115.44
1253256.0,26.2,101571.47,109.49,0.464,-2.966,9.388,-0.029,0.004,0.016,-18.031,-2.607,1196.919,54.306145,-5.583599,331115.44
1253505.0,26.2,101571.55,109.48,0.455,-2.974,9.369,-0.028,0.004,0.015,-18.016,-2.605,1197.15,54.306145,-5.583599,331115.44
1253758.0,26.2,101570.89,109.54,0.464,-2.962,9.38,-0.03,0.005,0.015,-17.996,-2.609,1197.383,54.306145,-5.583599,331115.44
1254006.0,26.2,101570.64,109.56,0.455,-2.976,9.404,-0.027,0.005,0.016,-18.041,-2.598,1197.613,54.306145,-5.583599,331115.44
1254256.0,26.21,101570.84,109.54,0.448,-2.976,9.397,-0.029,0.005,0.016,-17.997,-2.592,1197.845,54.306145,-5.583599,331115.44
1254505.0,26.21,101570.19,109.6,0.455,-2.974,9.419,-0.03,0.004,0.016,-17.988,-2.603,1198.077,54.306145,-5.583599,331115.44
1254758.0,26.21,101570.44,109.58,0.464,-2.957,9.383,-0.029,0.004,0.016,-17.983,-2.599,1198.31,54.306145,-5.583599,331115.44
1255003.0,26.21,101570.34,109.58,0.469,-2.962,9.416,-0.029,0.004,0.017,-18.044,-2.588,1198.539,54.306145,-5.583599,331115.44
1255258.0,26.21,101569.61,109.64,0.46,-2.974,9.414,-0.03,0.005,0.016,-17.993,-2.603,1198.77,54.306145,-5.583599,331115.44
1255507.0,26.21,101569.69,109.64,0.479,-2.971,9.39,-0.029,0.004,0.016,-17.981,-2.617,1198.999,54.306145,-5.583599,331115.44
1255754.0,26.21,101569.73,109.63,0.455,-2.99,9.414,-0.029,0.004,0.016,-17.98,-2.616,1199.226,54.306145,-5.583599,331115.44
1256008.0,26.22,101569.66,109.64,0.455,-2.954,9.385,-0.028,0.005,0.016,-18.049,-2.606,1199.46,54.306145,-5.583599,331115.44
1256257.0,26.22,101569.9,109.62,0.467,-2.988,9.402,-0.029,0.005,0.016,-18.007,-2.603,1199.688,54.306145,-5.583599,331115.44
1256507.0,26.22,101570.14,109.6,0.448,-2.962,9.402,-0.029,0.004,0.015,-18.002,-2.599,1199.921,54.306145,-5.583599,331115.44
1256760.0,26.22,101570.31,109.59,0.474,-2.952,9.402,-0.029,0.004,0.016,-17.983,-2.613,1200.154,54.306145,-5.583599,331115.44
1257005.0,26.22,101570.36,109.58,0.474,-2.986,9.431,-0.03,0.005,0.016,-18.138,-2.657,1200.384,54.306145,-5.583599,331115.44
1257255.0,26.22,101570.19,109.6,0.472,-2.962,9.395,-0.029,0.005,0.016,-18.126,-2.672,1200.618,54.306145,-5.583599,331115.44
1257504.0,26.22,101569.86,109.62,0.472,-2.974,9.414,-0.029,0.005,0.015,-18.044,-2.649,1200.845,54.306145,-5.583599,331115.44
1257757.0,26.23,101570.44,109.58,0.472,-2.971,9.39,-0.03,0.005,0.017,-18.013,-2.642,1201.077,54.306145,-5.583599,331115.44
1258005.0,26.23,101570.68,109.56,0.46,-2.966,9.4,-0.029,0.005,0.016,-18.122,-2.617,1201.304,54.306145,-5.583599,331115.44
1258255.0,26.23,101570.56,109.57,0.472,-2.983,9.4,-0.029,0.005,0.016,-18.063,-2.611,1201.536,54.306145,-5.583599,331115.44
1258504.0,26.23,101570.64,109.56,0.45,-2.983,9.388,-0.029,0.005,0.016,-18.013,-2.602,1201.77,54.306145,-5.583599,331115.44
1258757.0,26.24,101571.05,109.52,0.457,-2.981,9.392,-0.029,0.005,0.017,-17.987,-2.602,1202.002,54.306145,-5.583599,331115.44
1259003.0,26.24,101570.94,109.53,0.457,-2.94,9.402,-0.029,0.005,0.016,-18.015,-2.608,1202.23,54.306145,-5.583599,331115.44
1259258.0,26.24,101571.27,109.51,0.462,-2.959,9.38,-0.028,0.005,0.016,-17.989,-2.609,1202.465,54.306145,-5.583599,331115.44
1259507.0,26.24,101571.84,109.46,0.46,-2.957,9.407,-0.028,0.005,0.016,-17.988,-2.619,1202.694,54.306145,-5.583599,331115.44
1259755.0,26.24,101572.09,109.44,0.45,-2.962,9.402,-0.028,0.004,0.015,-17.999,-2.606,1202.923,54.306145,-5.583599,331115.44
1260004.0,26.25,101572.17,109.43,0.46,-2.981,9.416,-0.028,0.005,0.016,-18.044,-2.597,1203.153,54.306145,-5.583599,331115.44
1260254.0,26.25,101571.84,109.46,0.457,-2.964,9.359,-0.029,0.005,0.017,-18.018,-2.598,1203.385,54.306145,-5.583599,331115.44
1260503.0,26.25,101571.84,109.46,0.488,-2.957,9.385,-0.03,0.005,0.016,-17.998,-2.617,1203.614,54.306145,-5.583599,331115.44
1260756.0,26.24,101572.09,109.44,0.462,-2.962,9.392,-0.029,0.005,0.016,-17.975,-2.627,1203.848,54.306145,-5.583599,331115.44
1261005.0,26.24,101572.09,109.44,0.457,-2.962,9.407,-0.028,0.004,0.017,-18.091,-2.595,1204.081,54.306145,-5.583599,331115.44
1261254.0,26.25,101572.66,109.39,0.46,-2.969,9.392,-0.029,0.005,0.016,-18.038,-2.603,1204.311,54.306145,-5.583599,331115.44
1261503.0,26.25,101572.17,109.43,0.453,-2.981,9.424,-0.028,0.005,0.017,-18.015,-2.607,1204.542,54.306145,-5.583599,331115.44
1261757.0,26.25,101572.0,109.45,0.467,-2.983,9.39,-0.03,0.005,0.016,-18.013,-2.62,1204.776,54.306145,-5.583599,331115.44
1262006.0,26.25,101572.38,109.41,0.448,-2.969,9.397,-0.029,0.004,0.017,-18.073,-2.585,1205.006,54.306145,-5.583599,331115.44
1262255.0,26.25,101572.45,109.41,0.464,-2.945,9.404,-0.028,0.005,0.016,-18.025,-2.582,1205.239,54.306145,-5.583599,331115.44
1262504.0,26.25,101572.54,109.4,0.457,-2.976,9.39,-0.029,0.004,0.016,-17.985,-2.611,1205.47,54.306145,-5.583599,331115.44
1262757.0,26.26,101572.26,109.42,0.522,-3.091,9.395,-0.029,0.005,0.016,-18.136,-2.7,1205.703,54.306145,-5.583596,331115.53
1263006.0,26.26,101571.84,109.46,0.464,-2.978,9.402,-0.029,0.005,0.016,-18.18,-2.677,1205.936,54.306145,-5.583596,331115.53
1263255.0,26.26,101571.76,109.47,0.476,-2.962,9.39,-0.03,0.004,0.015,-18.068,-2.641,1206.167,54.306145,-5.583596,331115.53
1263504.0,26.26,101571.27,109.51,0.484,-2.983,9.402,-0.03,0.005,0.016,-18.018,-2.647,1206.396,54.306145,-5.583596,331115.53
1263757.0,26.26,101570.81,109.54,0.457,-2.976,9.414,-0.029,0.004,0.015,-18.014,-2.628,1206.63,54.306145,-5.583596,331115.53
1264005.0,26.27,101570.23,109.59,0.476,-2.971,9.414,-0.028,0.004,0.016,-18.066,-2.606,1206.857,54.306145,-5.583596,331115.53
1264254.0,26.27,101569.58,109.65,0.467,-2.966,9.402,-0.028,0.005,0.017,-18.009,-2.606,1207.086,54.306145,-5.583596,331115.53
1264503.0,26.27,101569.66,109.64,0.453,-2.95,9.397,-0.029,0.005,0.017,-17.993,-2.607,1207.316,54.306145,-5.583596,331115.53
1264756.0,26.27,101569.82,109.63,0.46,-2.966,9.4,-0.03,0.004,0.015,-17.989,-2.598,1207.549,54.306145,-5.583596,331115.53
1265006.0,26.27,101570.16,109.6,0.462,-2.964,9.395,-0.029,0.005,0.016,-18.055,-2.586,1207.779,54.306145,-5.583596,331115.53
1265256.0,26.27,101570.37,109.58,0.464,-2.966,9.359,-0.029,0.004,0.014,-18.01,-2.588,1208.007,54.306145,-5.583596,331115.53
1265505.0,26.27,101570.2,109.58,0.462,-2.969,9.392,-0.029,0.005,0.017,-17.996,-2.6,1208.24,54.306145,-5.583596,331115.53
1265758.0,26.27,101571.1,109.52,0.474,-2.959,9.402,-0.029,0.005,0.016,-17.987,-2.608,1208.473,54.306145,-5.583596,331115.53
1266004.0,26.28,101571.68,109.47,0.472,-2.974,9.424,-0.029,0.004,0.016,-18.122,-2.597,1208.703,54.306145,-5.583596,331115.53
1266254.0,26.28,101571.34,109.5,0.472,-2.971,9.431,-0.029,0.005,0.016,-18.039,-2.608,1208.937,54.306145,-5.583596,331115.53
1266503.0,26.28,101571.59,109.48,0.455,-2.966,9.392,-0.029,0.005,0.016,-18.01,-2.595,1209.167,54.306145,-5.583596,331115.53
1266756.0,26.28,101571.43,109.49,0.457,-2.978,9.416,-0.028,0.005,0.015,-17.997,-2.59,1209.399,54.306145,-5.583596,331115.53
1267006.0,26.28,101570.94,109.53,0.448,-2.971,9.395,-0.029,0.004,0.016,-18.032,-2.591,1209.631,54.306145,-5.583596,331115.53
1267256.0,26.28,101570.81,109.54,0.467,-2.969,9.409,-0.029,0.005,0.017,-18.026,-2.626,1209.864,54.306145,-5.583596,331115.53
1267505.0,26.28,101570.66,109.56,0.445,-2.978,9.412,-0.03,0.005,0.016,-18.005,-2.611,1210.096,54.306145,-5.583596,331115.53
1267758.0,26.28,101571.06,109.52,0.457,-2.971,9.4,-0.029,0.005,0.016,-17.996,-2.615,1210.327,54.306145,-5.583596,331115.53
1268007.0,26.28,101571.23,109.51,0.457,-2.971,9.426,-0.03,0.005,0.017,-18.038,-2.604,1210.557,54.306145,-5.583596,331115.53
1268256.0,26.29,101571.14,109.52,0.462,-2.981,9.412,-0.028,0.005,0.017,-17.998,-2.61,1210.789,54.306145,-5.583596,331115.53
1268505.0,26.29,101570.16,109.6,0.543,-3.084,9.4,-0.029,0.004,0.017,-18.061,-2.677,1211.02,54.306145,-5.583596,331115.53
1268759.0,26.29,101570.16,109.6,0.467,-2.971,9.371,-0.029,0.005,0.016,-18.197,-2.747,1211.254,54.306145,-5.583596,331115.53
1269007.0,26.29,101570.7,109.55,0.481,-2.957,9.404,-0.029,0.005,0.016,-18.217,-2.673,1211.486,54.306145,-5.583596,331115.53
1269256.0,26.29,101570.86,109.54,0.472,-2.959,9.39,-0.029,0.005,0.017,-18.071,-2.644,1211.718,54.306145,-5.583596,331115.53
1269505.0,26.29,101571.03,109.53,0.462,-2.969,9.409,-0.028,0.004,0.017,-18.022,-2.617,1211.951,54.306145,-5.583596,331115.53
1269758.0,26.29,101570.7,109.55,0.464,-2.978,9.388,-0.029,0.005,0.017,-18.014,-2.608,1212.185,54.306145,-5.583596,331115.53
1270008.0,26.29,101570.86,109.54,0.46,-2.964,9.412,-0.027,0.005,0.017,-18.075,-2.594,1212.415,54.306145,-5.583596,331115.53
1270257.0,26.29,101571.52,109.49,0.469,-2.976,9.378,-0.029,0.004,0.017,-18.021,-2.606,1212.645,54.306145,-5.583596,331115.53
1270506.0,26.29,101572.18,109.43,0.479,-2.964,9.4,-0.03,0.004,0.015,-18.001,-2.63,1212.876,54.306145,-5.583596,331115.53
1270760.0,26.29,101572.67,109.39,0.457,-2.969,9.392,-0.027,0.005,0.016,-18.013,-2.627,1213.11,54.306145,-5.583596,331115.53
1271003.0,26.29,101573.41,109.33,0.448,-2.971,9.373,-0.028,0.005,0.017,-18.064,-2.603,1213.339,54.306145,-5.583596,331115.53
1271258.0,26.29,101573.17,109.35,0.472,-2.954,9.39,-0.029,0.005,0.016,-18.016,-2.624,1213.575,54.306145,-5.583596,331115.53
1271507.0,26.29,101574.56,109.23,0.5,-2.962,9.38,-0.028,0.005,0.015,-18.015,-2.608,1213.802,54.306145,-5.583596,331115.53
1271755.0,26.29,101575.47,109.16,0.488,-2.974,9.407,-0.029,0.005,0.016,-17.99,-2.629,1214.031,54.306145,-5.583596,331115.53
1272007.0,26.29,101575.47,109.16,0.467,-2.969,9.376,-0.03,0.004,0.016,-18.07,-2.612,1214.265,54.306145,-5.583596,331115.53
1272256.0,26.3,101575.52,109.16,0.457,-2.974,9.409,-0.029,0.005,0.015,-18.026,-2.612,1214.492,54.306145,-5.583596,331115.53
1272505.0,26.3,101575.11,109.19,0.448,-2.974,9.39,-0.03,0.005,0.016,-17.999,-2.599,1214.722,54.306145,-5.583596,331115.53
1272758.0,26.3,101575.19,109.18,0.472,-2.947,9.412,-0.029,0.004,0.017,-17.998,-2.62,1214.957,54.306145,-5.583596,331115.53
1273007.0,26.3,101575.68,109.14,0.455,-2.964,9.402,-0.028,0.004,0.016,-18.069,-2.602,1215.19,54.306145,-5.583596,331115.53
1273256.0,26.3,101576.17,109.1,0.472,-2.95,9.38,-0.029,0.004,0.017,-18.015,-2.605,1215.418,54.306145,-5.583596,331115.53
1273506.0,26.3,101577.17,109.02,0.438,-2.945,9.407,-0.03,0.005,0.016,-17.986,-2.617,1215.648,54.306145,-5.583596,331115.53
1273759.0,26.3,101577.17,109.02,0.457,-2.969,9.421,-0.029,0.005,0.016,-17.987,-2.619,1215.879,54.306145,-5.583596,331115.53
1274006.0,26.3,101577.58,108.98,0.46,-2.966,9.4,-0.029,0.005,0.015,-18.127,-2.59,1216.108,54.306145,-5.583596,331115.53
1274255.0,26.3,101577.41,109.0,0.51,-3.069,9.421,-0.03,0.004,0.016,-18.123,-2.651,1216.336,54.306145,-5.583596,331115.53
1274504.0,26.3,101577.41,109.0,0.467,-2.969,9.395,-0.029,0.005,0.016,-18.183,-2.738,1216.563,54.306145,-5.583596,331115.53
1274757.0,26.3,101577.73,108.97,0.457,-2.971,9.416,-0.027,0.005,0.016,-18.074,-2.664,1216.799,54.306145,-5.583596,331115.53
1275007.0,26.3,101578.07,108.94,0.474,-2.969,9.392,-0.029,0.005,0.017,-18.093,-2.625,1217.031,54.306145,-5.583596,331115.53
1275256.0,26.31,101579.6,108.82,0.493,-2.978,9.395,-0.029,0.005,0.017,-18.043,-2.608,1217.263,54.306145,-5.583596,331115.53
1275506.0,26.31,101580.5,108.74,0.46,-2.993,9.404,-0.029,0.005,0.017,-18.022,-2.621,1217.495,54.306145,-5.583596,331115.53
1275759.0,26.31,101581.08,108.69,0.443,-2.971,9.407,-0.028,0.005,0.015,-18.008,-2.611,1217.729,54.306145,-5.583596,331115.53
1276008.0,26.31,101581.79,108.64,0.457,-2.976,9.404,-0.029,0.005,0.017,-18.056,-2.59,1217.962,54.306145,-5.583596,331115.53
1276257.0,26.31,101580.8,108.72,0.457,-2.952,9.392,-0.028,0.005,0.016,-18.004,-2.593,1218.193,54.306145,-5.583596,331115.53
1276506.0,26.31,101579.98,108.79,0.472,-2.974,9.4,-0.029,0.005,0.016,-17.995,-2.606,1218.422,54.306145,-5.583596,331115.53
1276759.0,26.31,101578.94,108.87,0.467,-2.988,9.378,-0.029,0.005,0.016,-18.008,-2.6,1218.655,54.306145,-5.583596,331115.53
1277005.0,26.31,101578.94,108.87,0.464,-2.952,9.392,-0.029,0.006,0.015,-18.127,-2.593,1218.881,54.306145,-5.583596,331115.53
1277254.0,26.31,101578.44,108.91,0.45,-2.971,9.402,-0.029,0.004,0.017,-18.045,-2.619,1219.109,54.306145,-5.583596,331115.53
1277503.0,26.31,101577.7,108.97,0.474,-2.978,9.397,-0.03,0.005,0.016,-18.013,-2.603,1219.339,54.306145,-5.583596,331115.53
1277757.0,26.31,101577.7,108.97,0.472,-2.966,9.378,-0.028,0.005,0.016,-18.007,-2.603,1219.574,54.306145,-5.583596,331115.53
1278004.0,26.31,101577.2,109.02,0.453,-2.966,9.397,-0.029,0.005,0.016,-18.081,-2.602,1219.802,54.306145,-5.583596,331115.53
1278253.0,26.31,101577.2,109.02,0.484,-2.954,9.4,-0.029,0.005,0.017,-18.037,-2.604,1220.034,54.306145,-5.583596,331115.53
1278508.0,26.31,101578.11,108.93,0.46,-2.988,9.39,-0.028,0.004,0.016,-18.011,-2.603,1220.27,54.306145,-5.583596,331115.53
1278755.0,26.31,101578.61,108.9,0.464,-2.964,9.392,-0.028,0.005,0.016,-18.003,-2.61,1220.499,54.306145,-5.583596,331115.53
1279003.0,26.31,101579.48,108.83,0.481,-2.971,9.395,-0.028,0.004,0.015,-18.061,-2.613,1220.726,54.306145,-5.583596,331115.53
1279258.0,26.32,101579.39,108.83,0.464,-2.974,9.407,-0.029,0.005,0.016,-17.99,-2.612,1220.962,54.306145,-5.583596,331115.53
1279507.0,26.32,101579.31,108.84,0.457,-2.966,9.392,-0.029,0.004,0.017,-17.969,-2.586,1221.189,54.306145,-5.583596,331115.53
1279755.0,26.32,101578.48,108.91,0.464,-2.981,9.421,-0.029,0.005,0.017,-17.958,-2.591,1221.417,54.306145,-5.583596,331115.53
1280007.0,26.32,101577.66,108.98,0.443,-2.969,9.364,-0.029,0.005,0.017,-18.053,-2.579,1221.649,54.306145,-5.583596,331115.53
1280256.0,26.32,101577.17,109.02,0.457,-2.974,9.39,-0.029,0.004,0.017,-18.232,-2.722,1221.879,54.306145,-5.583596,331115.53
1280505.0,26.32,101577.98,108.95,0.469,-2.947,9.395,-0.028,0.005,0.016,-18.109,-2.673,1222.109,54.306145,-5.583596,331115.53
1280758.0,26.32,101578.65,108.9,0.472,-2.988,9.421,-0.028,0.004,0.016,-18.05,-2.646,1222.343,54.306145,-5.583596,331115.53
1281007.0,26.32,101579.14,108.85,0.464,-2.969,9.397,-0.03,0.005,0.015,-18.106,-2.614,1222.574,54.306145,-5.583596,331115.53
1281256.0,26.32,101578.37,108.92,0.469,-2.964,9.39,-0.029,0.005,0.017,-18.036,-2.625,1222.807,54.306145,-5.583596,331115.53
1281505.0,26.32,101577.0,109.03,0.46,-2.995,9.409,-0.029,0.006,0.017,-17.982,-2.625,1223.038,54.306145,-5.583596,331115.53
1281758.0,26.32,101576.5,109.07,0.462,-2.966,9.385,-0.028,0.004,0.016,-17.981,-2.627,1223.268,54.306145,-5.583596,331115.53
1282003.0,26.32,101575.69,109.14,0.438,-2.976,9.392,-0.029,0.005,0.016,-18.077,-2.6,1223.498,54.306145,-5.583596,331115.53
1282253.0,26.32,101574.53,109.24,0.46,-2.983,9.404,-0.028,0.004,0.016,-18.016,-2.603,1223.73,54.306145,-5.583596,331115.53
1282508.0,26.32,101573.7,109.3,0.453,-2.986,9.419,-0.029,0.005,0.016,-18.015,-2.61,1223.964,54.306145,-5.583596,331115.53
1282755.0,26.32,101574.2,109.26,0.464,-2.964,9.412,-0.029,0.005,0.016,-18.008,-2.622,1224.195,54.306145,-5.583596,331115.53
1283008.0,26.32,101574.82,109.21,0.472,-2.981,9.392,-0.029,0.005,0.016,-18.154,-2.607,1224.43,54.306145,-5.583596,331115.53
1283258.0,26.32,101574.16,109.27,0.441,-2.974,9.4,-0.029,0.004,0.017,-18.057,-2.605,1224.662,54.306145,-5.583596,331115.53
1283507.0,26.33,101574.73,109.22,0.455,-2.964,9.409,-0.029,0.005,0.016,-18.021,-2.603,1224.894,54.306145,-5.583596,331115.53
1283754.0,26.33,101574.91,109.21,0.472,-2.99,9.426,-0.028,0.005,0.016,-18.008,-2.609,1225.121,54.306145,-5.583596,331115.53
1284006.0,26.33,101574.78,109.22,0.457,-2.962,9.402,-0.028,0.005,0.016,-18.066,-2.596,1225.356,54.306145,-5.583596,331115.53
1284255.0,26.33,101574.7,109.22,0.448,-2.969,9.38,-0.029,0.005,0.016,-18.026,-2.612,1225.589,54.306145,-5.583596,331115.53
1284504.0,26.33,101574.45,109.24,0.46,-2.947,9.385,-0.029,0.005,0.017,-17.997,-2.6,1225.819,54.306145,-5.583596,331115.53
1284758.0,26.33,101573.95,109.28,0.469,-2.99,9.409,-0.029,0.005,0.016,-17.997,-2.609,1226.052,54.306145,-5.583596,331115.53
1285006.0,26.33,101573.62,109.31,0.462,-2.959,9.426,-0.028,0.005,0.016,-18.114,-2.59,1226.284,54.306145,-5.583596,331115.53
1285255.0,26.33,101574.45,109.24,0.455,-3.0,9.38,-0.029,0.005,0.016,-18.038,-2.606,1226.515,54.306145,-5.583596,331115.53
1285505.0,26.33,101573.38,109.33,0.472,-2.964,9.404,-0.029,0.006,0.016,-18.007,-2.602,1226.746,54.306145,-5.583596,331115.53
1285758.0,26.33,101574.04,109.28,0.476,-2.976,9.404,-0.03,0.004,0.017,-18.003,-2.628,1226.981,54.306145,-5.583596,331115.53
1286004.0,26.33,101574.45,109.24,0.484,-2.954,9.402,-0.028,0.005,0.017,-18.164,-2.691,1227.21,54.306145,-5.583596,331115.53
1286254.0,26.33,101573.79,109.3,0.462,-2.976,9.407,-0.029,0.006,0.016,-18.12,-2.695,1227.441,54.306145,-5.583596,331115.53
1286503.0,26.34,101573.73,109.3,0.45,-2.952,9.404,-0.028,0.005,0.016,-18.022,-2.648,1227.673,54.306145,-5.583596,331115.53
1286756.0,26.34,101574.28,109.26,0.462,-2.964,9.392,-0.029,0.005,0.016,-17.997,-2.63,1227.904,54.306145,-5.583596,331115.53
1287003.0,26.34,101575.27,109.18,0.484,-2.971,9.409,-0.029,0.006,0.016,-18.077,-2.621,1228.134,54.306145,-5.583596,331115.53
1287258.0,26.34,101576.42,109.08,0.46,-2.964,9.414,-0.028,0.005,0.016,-18.027,-2.634,1228.37,54.306145,-5.583596,331115.53
1287507.0,26.34,101576.42,109.08,0.469,-2.969,9.404,-0.029,0.005,0.016,-17.999,-2.635,1228.602,54.306145,-5.583596,331115.53
1287755.0,26.34,101576.09,109.11,0.469,-2.971,9.414,-0.029,0.005,0.016,-17.986,-2.628,1228.83,54.306145,-5.583596,331115.53
1288004.0,26.34,101575.27,109.18,0.464,-2.966,9.38,-0.028,0.005,0.017,-18.06,-2.605,1229.065,54.306145,-5.583596,331115.53
1288253.0,26.34,101574.94,109.2,0.441,-2.971,9.404,-0.028,0.004,0.016,-18.031,-2.601,1229.295,54.306145,-5.583596,331115.53
1288508.0,26.34,101574.61,109.23,0.441,-2.969,9.383,-0.029,0.005,0.016,-18.02,-2.609,1229.533,54.306145,-5.583596,331115.53
1288755.0,26.34,101574.72,109.22,0.464,-2.964,9.376,-0.029,0.005,0.016,-18.022,-2.606,1229.759,54.306145,-5.583596,331115.53
1289003.0,26.34,101575.05,109.19,0.462,-2.981,9.383,-0.028,0.005,0.016,-18.095,-2.588,1229.993,54.306145,-5.583596,331115.53
1289258.0,26.34,101574.56,109.23,0.484,-2.952,9.404,-0.029,0.004,0.016,-18.043,-2.625,1230.229,54.306145,-5.583596,331115.53
1289507.0,26.34,101573.73,109.3,0.469,-2.959,9.404,-0.028,0.004,0.015,-18.022,-2.617,1230.459,54.306145,-5.583596,331115.53
1289760.0,26.34,101573.41,109.33,0.481,-2.981,9.407,-0.027,0.004,0.017,-18.004,-2.637,1230.691,54.306145,-5.583596,331115.53
1290004.0,26.34,101574.44,109.24,0.481,-2.957,9.402,-0.029,0.005,0.016,-18.076,-2.619,1230.924,54.306145,-5.583596,331115.53
1290254.0,26.34,101574.44,109.24,0.443,-2.957,9.392,-0.028,0.005,0.015,-18.02,-2.618,1231.156,54.306145,-5.583596,331115.53
1290503.0,26.34,101575.02,109.2,0.474,-2.957,9.428,-0.03,0.005,0.016,-17.989,-2.611,1231.39,54.306145,-5.583596,331115.53
1290756.0,26.34,101575.67,109.14,0.453,-2.988,9.426,-0.029,0.005,0.017,-17.986,-2.611,1231.624,54.306145,-5.583596,331115.53
1291031.0,26.34,101576.42,109.08,0.457,-2.957,9.407,-0.028,0.005,0.016,-18.148,-2.598,1231.879,54.306145,-5.583596,331115.53
1291258.0,26.34,101576.42,109.08,0.479,-2.974,9.404,-0.029,0.005,0.016,-18.073,-2.607,1232.09,54.306145,-5.583596,331115.53
1291507.0,26.34,101576.42,109.08,0.462,-3.007,9.407,-0.028,0.005,0.015,-18.019,-2.606,1232.323,54.306145,-5.583596,331115.53
1291755.0,26.34,101576.09,109.11,0.52,-3.057,9.419,-0.028,0.004,0.016,-18.165,-2.709,1232.553,54.306145,-5.583596,331115.53
1292006.0,26.34,101576.25,109.09,0.453,-2.971,9.419,-0.029,0.005,0.016,-18.231,-2.704,1232.79,54.306145,-5.583596,331115.53
1292255.0,26.34,101575.02,109.2,0.469,-2.969,9.395,-0.029,0.005,0.015,-18.081,-2.652,1233.021,54.306145,-5.583596,331115.53
1292504.0,26.34,101574.85,109.21,0.467,-2.966,9.402,-0.029,0.005,0.016,-18.021,-2.623,1233.25,54.306145,-5.583596,331115.53
1292757.0,26.34,101574.36,109.25,0.46,-2.971,9.402,-0.028,0.005,0.016,-18.02,-2.624,1233.485,54.306145,-5.583596,331115.53
1293025.0,26.34,101574.19,109.27,0.481,-2.971,9.388,-0.029,0.004,0.016,-18.141,-2.609,1233.735,54.306145,-5.583596,331115.53
1293257.0,26.34,101574.6,109.23,0.453,-2.974,9.407,-0.029,0.005,0.018,-18.055,-2.632,1233.952,54.306145,-5.583596,331115.53
1293506.0,26.35,101574.48,109.24,0.455,-2.966,9.4,-0.028,0.005,0.015,-17.999,-2.623,1234.182,54.306145,-5.583596,331115.53
1293759.0,26.35,101574.23,109.26,0.464,-2.962,9.392,-0.029,0.005,0.016,-17.995,-2.617,1234.416,54.306145,-5.583596,331115.53
1294005.0,26.35,101573.91,109.29,0.476,-2.983,9.416,-0.029,0.005,0.015,-18.057,-2.606,1234.641,54.306145,-5.583596,331115.53
1294254.0,26.35,101574.07,109.27,0.462,-2.959,9.395,-0.029,0.005,0.016,-17.989,-2.59,1234.872,54.306145,-5.583596,331115.53
1294503.0,26.35,101573.91,109.29,0.476,-2.954,9.395,-0.029,0.005,0.017,-18.004,-2.61,1235.103,54.306145,-5.583596,331115.53
1294757.0,26.35,101573.41,109.33,0.457,-2.954,9.409,-0.028,0.005,0.016,-18.001,-2.614,1235.339,54.306145,-5.583596,331115.53
1295003.0,26.35,101573.41,109.33,0.46,-2.966,9.416,-0.029,0.005,0.015,-18.06,-2.605,1235.572,54.306145,-5.583596,331115.53
1295258.0,26.35,101573.48,109.32,0.462,-2.974,9.385,-0.029,0.004,0.016,-18.012,-2.623,1235.81,54.306145,-5.583596,331115.53
1295507.0,26.35,101573.66,109.31,0.457,-2.959,9.416,-0.028,0.005,0.016,-17.984,-2.604,1236.038,54.306145,-5.583596,331115.53
1295754.0,26.35,101573.48,109.32,0.469,-2.983,9.378,-0.03,0.005,0.016,-17.998,-2.611,1236.263,54.306145,-5.583596,331115.53
1296004.0,26.35,101573.54,109.32,0.45,-2.954,9.433,-0.029,0.004,0.016,-18.071,-2.589,1236.495,54.306145,-5.583596,331115.53
1296253.0,26.35,101572.88,109.37,0.476,-2.957,9.383,-0.028,0.005,0.015,-18.025,-2.614,1236.725,54.306145,-5.583596,331115.53
1296508.0,26.35,101572.99,109.36,0.453,-2.981,9.409,-0.03,0.004,0.016,-18.013,-2.604,1236.96,54.306145,-5.583596,331115.53
1296756.0,26.35,101572.88,109.37,0.462,-2.978,9.407,-0.028,0.005,0.017,-18.02,-2.62,1237.189,54.306145,-5.583596,331115.53
1297008.0,26.35,101573.2,109.35,0.479,-2.966,9.373,-0.028,0.005,0.017,-18.087,-2.59,1237.426,54.306145,-5.583596,331115.53
1297257.0,26.36,101573.62,109.31,0.472,-2.969,9.402,-0.029,0.005,0.016,-18.041,-2.579,1237.655,54.306145,-5.583596,331115.53
1297506.0,26.36,101573.86,109.29,0.524,-3.086,9.385,-0.028,0.005,0.017,-18.102,-2.669,1237.886,54.306145,-5.583596,331115.53
1297760.0,26.36,101574.41,109.25,0.474,-2.954,9.4,-0.029,0.004,0.016,-18.211,-2.741,1238.118,54.306145,-5.583596,331115.53
1298014.0,26.36,101574.57,109.23,0.462,-2.957,9.412,-0.029,0.005,0.017,-18.183,-2.661,1238.354,54.306145,-5.583596,331115.53
1298258.0,26.36,101573.91,109.29,0.469,-2.978,9.4,-0.028,0.005,0.017,-18.074,-2.628,1238.585,54.306145,-5.583596,331115.53
1298507.0,26.36,101573.53,109.32,0.479,-2.976,9.383,-0.029,0.005,0.017,-18.045,-2.61,1238.816,54.306145,-5.583596,331115.53
1298755.0,26.36,101573.7,109.3,0.453,-2.952,9.412,-0.028,0.004,0.016,-18.018,-2.629,1239.045,54.306145,-5.583596,331115.53
1299018.0,26.36,101574.91,109.21,0.488,-2.971,9.388,-0.028,0.005,0.016,-18.099,-2.604,1239.291,54.306145,-5.583596,331115.53
1299256.0,26.36,101575.23,109.18,0.464,-2.964,9.397,-0.029,0.005,0.018,-18.053,-2.611,1239.515,54.306145,-5.583596,331115.53
1299505.0,26.36,101575.15,109.19,0.479,-2.959,9.39,-0.029,0.005,0.016,-17.999,-2.619,1239.745,54.306145,-5.583596,331115.53
1299758.0,26.36,101574.81,109.23,0.45,-2.986,9.397,-0.029,0.005,0.016,-18.006,-2.603,1239.977,54.306145,-5.583596,331115.53
1300058.0,26.37,101574.73,109.22,0.474,-2.969,9.407,-0.029,0.005,0.017,-18.151,-2.592,1240.259,54.306145,-5.583596,331115.53
1300257.0,26.37,101574.73,109.22,0.481,-2.966,9.392,-0.029,0.005,0.016,-18.079,-2.601,1240.44,54.306145,-5.583596,331115.53
1300506.0,26.37,101575.14,109.2,0.46,-2.986,9.376,-0.029,0.005,0.016,-18.015,-2.593,1240.667,54.306145,-5.583596,331115.53
1300759.0,26.37,101575.14,109.19,0.474,-2.964,9.392,-0.028,0.004,0.016,-18.014,-2.609,1240.9,54.306145,-5.583596,331115.53
1301042.0,26.37,101575.39,109.16,0.467,-2.981,9.395,-0.029,0.004,0.017,-18.123,-2.6,1241.167,54.306145,-5.583596,331115.53
1301258.0,26.37,101575.88,109.12,0.45,-2.969,9.416,-0.028,0.004,0.017,-18.031,-2.604,1241.367,54.306145,-5.583596,331115.53
1301507.0,26.37,101577.12,109.02,0.462,-2.981,9.412,-0.029,0.004,0.016,-18.001,-2.607,1241.598,54.306145,-5.583596,331115.53
1301754.0,26.37,101576.95,109.04,0.46,-2.964,9.424,-0.028,0.004,0.016,-17.992,-2.607,1241.826,54.306145,-5.583596,331115.53
1302008.0,26.37,101577.17,109.02,0.448,-2.974,9.397,-0.029,0.005,0.015,-18.069,-2.582,1242.061,54.306145,-5.583596,331115.53
1302257.0,26.37,101576.95,109.04,0.453,-2.966,9.397,-0.029,0.003,0.017,-18.028,-2.579,1242.294,54.306145,-5.583596,331115.53
1302507.0,26.37,101576.38,109.08,0.453,-2.952,9.388,-0.028,0.004,0.016,-17.99,-2.597,1242.526,54.306145,-5.583596,331115.53
1302754.0,26.37,101576.88,109.04,0.472,-2.962,9.404,-0.03,0.005,0.016,-17.987,-2.605,1242.754,54.306145,-5.583596,331115.53
1303011.0,26.37,101577.61,108.98,0.462,-2.971,9.392,-0.029,0.005,0.016,-18.048,-2.592,1242.993,54.306145,-5.583596,331115.53
1303255.0,26.37,101577.12,109.02,0.522,-3.06,9.4,-0.029,0.005,0.017,-18.083,-2.667,1243.218,54.306145,-5.583596,331115.53
1303504.0,26.37,101575.55,109.15,0.486,-2.986,9.388,-0.028,0.005,0.017,-18.168,-2.759,1243.449,54.306145,-5.583596,331115.53
1303757.0,26.36,101574.81,109.21,0.472,-2.964,9.409,-0.03,0.005,0.016,-18.07,-2.681,1243.685,54.306145,-5.583596,331115.53
1304016.0,26.36,101575.31,109.17,0.472,-2.962,9.376,-0.029,0.004,0.017,-18.104,-2.634,1243.93,54.306145,-5.583596,331115.53
1304254.0,26.36,101575.15,109.2,0.46,-2.954,9.378,-0.028,0.005,0.017,-18.019,-2.639,1244.151,54.306145,-5.583596,331115.53
1304504.0,26.36,101574.32,109.25,0.455,-2.969,9.397,-0.028,0.005,0.017,-18.011,-2.616,1244.382,54.306145,-5.583596,331115.53
1304757.0,26.36,101574.66,109.23,0.467,-2.95,9.395,-0.029,0.005,0.015,-18.002,-2.616,1244.614,54.306145,-5.583596,331115.53
1305024.0,26.37,101575.55,109.15,0.455,-2.959,9.392,-0.03,0.005,0.016,-18.081,-2.579,1244.863,54.306145,-5.583596,331115.53
1305257.0,26.37,101575.22,109.18,0.46,-2.966,9.404,-0.029,0.005,0.016,-18.033,-2.611,1245.079,54.306145,-5.583596,331115.53
1305506.0,26.37,101575.55,109.15,0.467,-2.969,9.407,-0.029,0.005,0.016,-18.001,-2.612,1245.31,54.306145,-5.583596,331115.53
1305759.0,26.37,101575.22,109.18,0.464,-2.978,9.409,-0.028,0.005,0.016,-17.994,-2.618,1245.541,54.306145,-5.583596,331115.53
1306030.0,26.37,101575.39,109.16,0.443,-2.99,9.388,-0.028,0.005,0.016,-18.084,-2.6,1245.796,54.306145,-5.583596,331115.53
1306256.0,26.37,101575.8,109.13,0.469,-2.952,9.404,-0.027,0.005,0.016,-18.023,-2.607,1246.005,54.306145,-5.583596,331115.53
1306505.0,26.37,101575.47,109.16,0.457,-2.969,9.397,-0.029,0.004,0.017,-18.006,-2.605,1246.235,54.306145,-5.583596,331115.53
1306759.0,26.37,101575.3,109.17,0.457,-2.971,9.383,-0.029,0.005,0.015,-17.988,-2.597,1246.47,54.306145,-5.583596,331115.53
1307038.0,26.37,101573.87,109.29,0.462,-2.952,9.369,-0.029,0.005,0.016,-18.091,-2.583,1246.732,54.306145,-5.583596,331115.53
1307253.0,26.37,101572.88,109.37,0.462,-2.978,9.397,-0.027,0.005,0.015,-18.045,-2.598,1246.931,54.306145,-5.583596,331115.53
1307508.0,26.37,101572.55,109.4,0.462,-2.969,9.392,-0.029,0.005,0.016,-18.02,-2.586,1247.167,54.306145,-5.583596,331115.53
1307755.0,26.37,101571.8,109.46,0.467,-2.974,9.409,-0.027,0.005,0.016,-18.006,-2.588,1247.391,54.306145,-5.583596,331115.53
1308076.0,26.38,101570.89,109.54,0.464,-2.966,9.39,-0.029,0.005,0.017,-18.161,-2.584,1247.696,54.306145,-5.583596,331115.53
1308258.0,26.38,101571.44,109.49,0.469,-2.959,9.369,-0.03,0.004,0.016,-18.085,-2.596,1247.863,54.306145,-5.583596,331115.53
1308507.0,26.38,101571.11,109.52,0.443,-2.978,9.397,-0.029,0.005,0.016,-18.046,-2.599,1248.094,54.306145,-5.583596,331115.53
1308755.0,26.38,101570.61,109.56,0.455,-2.964,9.392,-0.029,0.005,0.016,-18.008,-2.605,1248.324,54.306145,-5.583596,331115.53
1309060.0,26.38,101570.36,109.58,0.455,-2.995,9.392,-0.028,0.005,0.016,-18.117,-2.589,1248.607,54.306145,-5.583596,331115.53
1309253.0,26.38,101569.88,109.62,0.469,-2.99,9.424,-0.028,0.004,0.015,-18.226,-2.716,1248.785,54.306145,-5.583596,331115.53
1309503.0,26.38,101569.54,109.65,0.469,-2.99,9.409,-0.029,0.005,0.017,-18.114,-2.686,1249.015,54.306145,-5.583596,331115.53
1309756.0,26.38,101570.11,109.6,0.45,-2.957,9.388,-0.029,0.005,0.017,-18.053,-2.642,1249.249,54.306145,-5.583596,331115.53
1310026.0,26.38,101568.8,109.71,0.453,-2.971,9.376,-0.029,0.005,0.017,-18.102,-2.609,1249.503,54.306145,-5.583596,331115.53
1310253.0,26.38,101569.45,109.66,0.457,-2.966,9.395,-0.03,0.005,0.016,-18.035,-2.618,1249.712,54.306145,-5.583596,331115.53
1310508.0,26.39,101569.5,109.65,0.445,-2.974,9.371,-0.027,0.006,0.016,-18.013,-2.604,1249.948,54.306145,-5.583596,331115.53
1310755.0,26.39,101569.01,109.69,0.455,-2.959,9.402,-0.028,0.005,0.016,-18.005,-2.613,1250.175,54.306145,-5.583596,331115.53
1311033.0,26.39,101568.67,109.72,0.474,-2.969,9.385,-0.029,0.005,0.017,-18.08,-2.598,1250.433,54.306145,-5.583596,331115.53
1311254.0,26.39,101568.18,109.76,0.469,-2.974,9.412,-0.028,0.005,0.016,-18.034,-2.594,1250.639,54.306145,-5.583596,331115.53
1311504.0,26.38,101567.31,109.83,0.445,-2.966,9.412,-0.029,0.005,0.016,-18.017,-2.595,1250.87,54.306145,-5.583596,331115.53
1311757.0,26.38,101566.98,109.86,0.455,-2.981,9.395,-0.029,0.005,0.016,-17.992,-2.604,1251.102,54.306145,-5.583596,331115.53
1312038.0,26.38,101567.97,109.78,0.488,-2.976,9.392,-0.028,0.005,0.016,-18.087,-2.585,1251.363,54.306145,-5.583596,331115.53
1312254.0,26.38,101567.73,109.8,0.462,-2.964,9.419,-0.028,0.004,0.016,-18.021,-2.612,1251.562,54.306145,-5.583596,331115.53
1312503.0,26.38,101567.89,109.79,0.462,-2.983,9.412,-0.029,0.004,0.016,-17.992,-2.618,1251.794,54.306145,-5.583596,331115.53
1312756.0,26.38,101568.05,109.77,0.462,-2.969,9.395,-0.03,0.005,0.017,-17.989,-2.606,1252.03,54.306145,-5.583596,331115.53
1313040.0,26.38,101568.13,109.77,0.455,-2.978,9.383,-0.027,0.005,0.016,-18.059,-2.584,1252.294,54.306145,-5.583596,331115.53
1313255.0,26.39,101568.02,109.78,0.45,-2.969,9.402,-0.028,0.004,0.016,-18.028,-2.593,1252.495,54.306145,-5.583596,331115.53
1313504.0,26.39,101567.85,109.79,0.46,-2.974,9.357,-0.028,0.005,0.016,-18.015,-2.593,1252.73,54.306145,-5.583596,331115.53
1313758.0,26.39,101568.67,109.72,0.467,-2.969,9.378,-0.028,0.005,0.015,-18.018,-2.594,1252.964,54.306145,-5.583596,331115.53
1314045.0,26.39,101569.0,109.69,0.467,-2.964,9.402,-0.028,0.005,0.017,-18.096,-2.599,1253.232,54.306145,-5.583596,331115.53
1314255.0,26.39,101569.41,109.66,0.457,-2.976,9.388,-0.029,0.004,0.017,-18.024,-2.609,1253.428,54.306145,-5.583596,331115.53
1314504.0,26.39,101570.56,109.57,0.472,-2.957,9.402,-0.028,0.005,0.016,-18.016,-2.615,1253.658,54.306145,-5.583596,331115.53
1314757.0,26.39,101570.73,109.55,0.457,-2.976,9.397,-0.029,0.005,0.017,-18.002,-2.621,1253.891,54.306145,-5.583596,331115.53
1315051.0,26.4,101571.6,109.48,0.469,-2.981,9.364,-0.029,0.005,0.016,-18.21,-2.699,1254.164,54.306145,-5.583596,331115.53
1315256.0,26.4,101572.09,109.44,0.464,-2.966,9.402,-0.029,0.005,0.016,-18.141,-2.671,1254.355,54.306145,-5.583596,331115.53
1315505.0,26.4,101572.59,109.4,0.467,-2.974,9.385,-0.029,0.004,0.016,-18.058,-2.644,1254.583,54.306145,-5.583596,331115.53
1315758.0,26.4,101571.27,109.51,0.436,-2.966,9.428,-0.029,0.005,0.016,-18.023,-2.618,1254.815,54.306145,-5.583596,331115.53
1316089.0,26.4,101570.28,109.59,0.457,-2.962,9.385,-0.029,0.004,0.017,-18.169,-2.58,1255.125,54.306145,-5.583596,331115.53
1316254.0,26.4,101570.78,109.55,0.453,-2.974,9.39,-0.03,0.005,0.016,-18.099,-2.583,1255.279,54.306145,-5.583596,331115.53
1316503.0,26.4,101571.77,109.47,0.441,-2.981,9.4,-0.028,0.005,0.017,-18.029,-2.589,1255.507,54.306145,-5.583596,331115.53
1316756.0,26.4,101572.09,109.44,0.453,-2.952,9.402,-0.029,0.005,0.015,-18.0,-2.593,1255.739,54.306145,-5.583596,331115.53
1317078.0,26.4,101571.6,109.48,0.438,-2.976,9.397,-0.029,0.004,0.017,-18.114,-2.566,1256.036,54.306145,-5.583596,331115.53
1317254.0,26.4,101571.6,109.48,0.474,-2.969,9.385,-0.029,0.004,0.017,-18.05,-2.589,1256.2,54.306145,-5.583596,331115.53
1317503.0,26.4,101571.44,109.49,0.455,-2.983,9.383,-0.029,0.005,0.016,-18.03,-2.618,1256.431,54.306145,-5.583596,331115.53
1317756.0,26.4,101571.94,109.45,0.469,-2.976,9.39,-0.029,0.005,0.015,-18.02,-2.627,1256.663,54.306145,-5.583596,331115.53
1318041.0,26.4,101571.44,109.49,0.469,-2.966,9.412,-0.028,0.005,0.016,-18.066,-2.623,1256.928,54.306145,-5.583596,331115.53
1318257.0,26.4,101571.6,109.48,0.474,-2.957,9.4,-0.027,0.005,0.016,-18.031,-2.621,1257.128,54.306145,-5.583596,331115.53
1318506.0,26.4,101571.77,109.47,0.453,-2.957,9.4,-0.029,0.005,0.016,-18.007,-2.618,1257.36,54.306145,-5.583596,331115.53
1318759.0,26.4,101571.94,109.47,0.469,-2.976,9.412,-0.029,0.005,0.015,-18.02,-2.609,1257.593,54.306145,-5.583596,331115.53
1319048.0,26.4,101571.6,109.48,0.467,-2.974,9.407,-0.029,0.005,0.016,-18.078,-2.587,1257.864,54.306145,-5.583596,331115.53
1319258.0,26.4,101571.94,109.45,0.457,-2.978,9.392,-0.027,0.005,0.015,-18.018,-2.601,1258.06,54.306145,-5.583596,331115.53
1319507.0,26.39,101571.89,109.47,0.45,-2.954,9.402,-0.029,0.005,0.016,-17.996,-2.602,1258.291,54.306145,-5.583596,331115.53
1319755.0,26.39,101571.55,109.48,0.467,-2.983,9.402,-0.028,0.005,0.017,-17.983,-2.611,1258.518,54.306145,-5.583596,331115.53
1320052.0,26.39,101572.05,109.44,0.453,-2.971,9.373,-0.028,0.004,0.016,-18.069,-2.584,1258.795,54.306145,-5.583596,331115.53
1320257.0,26.4,101572.09,109.44,0.46,-2.959,9.404,-0.028,0.004,0.017,-18.029,-2.605,1258.985,54.306145,-5.583596,331115.53
1320506.0,26.39,101571.39,109.5,0.464,-2.981,9.376,-0.028,0.003,0.016,-18.014,-2.603,1259.216,54.306145,-5.583596,331115.53
1320759.0,26.39,101571.39,109.5,0.532,-3.084,9.392,-0.029,0.004,0.015,-18.148,-2.693,1259.447,54.306145,-5.583596,331115.53
1321059.0,26.39,101571.72,109.47,0.457,-2.993,9.428,-0.029,0.005,0.016,-18.225,-2.69,1259.726,54.306145,-5.583596,331115.53
1321258.0,26.39,101572.05,109.44,0.472,-2.983,9.409,-0.03,0.005,0.016,-18.091,-2.64,1259.909,54.306145,-5.583596,331115.53
1321507.0,26.4,101573.75,109.3,0.455,-2.962,9.402,-0.029,0.005,0.015,-18.014,-2.629,1260.14,54.306145,-5.583596,331115.53
1321754.0,26.4,101574.91,109.21,0.479,-2.983,9.395,-0.028,0.005,0.016,-17.996,-2.622,1260.366,54.306145,-5.583596,331115.53
1322003.0,26.39,101575.34,109.17,0.431,-2.969,9.376,-0.028,0.004,0.016,-17.991,-2.621,1260.598,54.306145,-5.583596,331115.53
1322255.0,26.39,101575.02,109.2,0.462,-2.983,9.385,-0.029,0.004,0.017,-18.031,-2.61,1260.833,54.306145,-5.583596,331115.53
1322504.0,26.39,101574.85,109.21,0.455,-2.974,9.388,-0.029,0.004,0.015,-17.998,-2.604,1261.065,54.306145,-5.583596,331115.53
1322757.0,26.39,101573.86,109.29,0.45,-2.974,9.378,-0.029,0.005,0.016,-17.995,-2.623,1261.297,54.306145,-5.583596,331115.53
1323006.0,26.39,101573.53,109.32,0.462,-2.971,9.371,-0.028,0.004,0.016,-17.981,-2.608,1261.532,54.306145,-5.583596,331115.53
1323256.0,26.39,101573.62,109.31,0.472,-2.966,9.385,-0.029,0.004,0.017,-18.016,-2.607,1261.767,54.306145,-5.583596,331115.53
1323505.0,26.39,101573.38,109.33,0.46,-2.981,9.383,-0.029,0.004,0.017,-18.005,-2.612,1262.002,54.306145,-5.583596,331115.53
1323758.0,26.39,101573.38,109.33,0.462,-2.959,9.392,-0.028,0.004,0.016,-18.001,-2.613,1262.235,54.306145,-5.583596,331115.53
1324008.0,26.39,101571.47,109.49,0.438,-2.962,9.4,-0.029,0.005,0.016,-17.983,-2.609,1262.466,54.306145,-5.583596,331115.53
1324253.0,26.39,101570.73,109.55,0.455,-2.971,9.369,-0.029,0.004,0.016,-18.071,-2.587,1262.691,54.306145,-5.583596,331115.53
1324508.0,26.39,101569.91,109.62,0.45,-2.954,9.397,-0.028,0.004,0.015,-18.007,-2.592,1262.927,54.306145,-5.583596,331115.53
1324755.0,26.39,101570.07,109.61,0.472,-2.962,9.39,-0.028,0.004,0.016,-18.008,-2.614,1263.156,54.306145,-5.583596,331115.53
1325004.0,26.39,101570.56,109.57,0.455,-2.957,9.392,-0.029,0.005,0.017,-17.985,-2.602,1263.386,54.306145,-5.583596,331115.53
1325254.0,26.39,101570.23,109.59,0.448,-2.976,9.392,-0.028,0.005,0.016,-18.056,-2.607,1263.616,54.306145,-5.583596,331115.53
1325503.0,26.39,101569.99,109.61,0.481,-2.966,9.369,-0.028,0.005,0.016,-18.022,-2.604,1263.848,54.306145,-5.583596,331115.53
1325756.0,26.39,101569.33,109.67,0.455,-2.978,9.4,-0.028,0.004,0.016,-17.996,-2.607,1264.082,54.306145,-5.583596,331115.53
1326005.0,26.39,101568.83,109.71,0.45,-2.964,9.409,-0.029,0.004,0.016,-17.998,-2.596,1264.314,54.306145,-5.583596,331115.53
1326257.0,26.39,101568.51,109.74,0.469,-2.945,9.392,-0.029,0.005,0.017,-18.019,-2.607,1264.548,54.306145,-5.583596,331115.53
1326507.0,26.39,101568.02,109.78,0.555,-3.05,9.378,-0.028,0.005,0.016,-18.077,-2.679,1264.783,54.306145,-5.583596,331115.53
1326754.0,26.39,101567.68,109.8,0.46,-2.964,9.39,-0.028,0.004,0.016,-18.184,-2.731,1265.012,54.306145,-5.583596,331115.53
1327003.0,26.39,101567.52,109.8,0.464,-2.966,9.4,-0.029,0.003,0.017,-18.059,-2.659,1265.244,54.306145,-5.583596,331115.53
1327253.0,26.39,101568.26,109.76,0.462,-2.966,9.404,-0.029,0.006,0.016,-18.056,-2.619,1265.475,54.306145,-5.583596,331115.53
1327508.0,26.39,101569.25,109.67,0.441,-2.974,9.414,-0.029,0.004,0.016,-18.026,-2.612,1265.713,54.306145,-5.583596,331115.53
1327756.0,26.39,101569.58,109.65,0.453,-2.962,9.414,-0.029,0.005,0.016,-17.998,-2.617,1265.939,54.306145,-5.583595,331115.59
1328005.0,26.39,101569.08,109.69,0.443,-2.95,9.402,-0.029,0.005,0.016,-17.982,-2.618,1266.171,54.306145,-5.583595,331115.59
1328257.0,26.39,101569.41,109.66,0.481,-2.966,9.416,-0.027,0.004,0.016,-18.01,-2.611,1266.408,54.306145,-5.583595,331115.59
1328506.0,26.39,101569.41,109.66,0.453,-2.959,9.378,-0.03,0.005,0.016,-17.996,-2.609,1266.637,54.306145,-5.583595,331115.59
1328760.0,26.4,101570.12,109.6,0.481,-2.969,9.392,-0.028,0.005,0.016,-18.011,-2.61,1266.871,54.306145,-5.583595,331115.59
1329003.0,26.4,101570.45,109.57,0.45,-2.978,9.4,-0.028,0.005,0.016,-17.999,-2.615,1267.099,54.306145,-5.583595,331115.59
1329258.0,26.4,101570.94,109.53,0.443,-2.983,9.38,-0.029,0.004,0.016,-18.042,-2.606,1267.335,54.306145,-5.583595,331115.59
1329507.0,26.4,101571.44,109.49,0.476,-2.954,9.378,-0.029,0.005,0.017,-18.012,-2.613,1267.569,54.306145,-5.583595,331115.59
1329755.0,26.4,101572.42,109.41,0.445,-2.981,9.402,-0.029,0.005,0.016,-18.015,-2.615,1267.797,54.306145,-5.583595,331115.59
1330004.0,26.4,101572.76,109.38,0.45,-2.966,9.388,-0.029,0.005,0.016,-18.001,-2.609,1268.032,54.306145,-5.583595,331115.59
1330255.0,26.4,101571.94,109.45,0.46,-2.964,9.385,-0.029,0.005,0.016,-18.03,-2.597,1268.266,54.306145,-5.583595,331115.59
1330505.0,26.39,101569.91,109.62,0.469,-2.952,9.397,-0.028,0.005,0.016,-18.009,-2.602,1268.498,54.306145,-5.583595,331115.59
1330758.0,26.39,101569.25,109.67,0.464,-2.964,9.395,-0.028,0.004,0.016,-18.019,-2.61,1268.728,54.306145,-5.583595,331115.59
1331007.0,26.39,101568.75,109.72,0.464,-2.971,9.39,-0.029,0.005,0.016,-18.004,-2.606,1268.959,54.306145,-5.583595,331115.59
1331256.0,26.39,101568.51,109.74,0.467,-2.99,9.407,-0.028,0.005,0.015,-18.048,-2.601,1269.19,54.306145,-5.583595,331115.59
1331505.0,26.39,101568.58,109.73,0.457,-2.969,9.419,-0.029,0.004,0.016,-18.001,-2.594,1269.422,54.306145,-5.583595,331115.59
1331758.0,26.39,101568.42,109.74,0.453,-2.952,9.395,-0.029,0.005,0.015,-17.987,-2.609,1269.658,54.306145,-5.583595,331115.59
1332007.0,26.39,101569.08,109.69,0.45,-2.957,9.436,-0.028,0.005,0.017,-17.971,-2.604,1269.89,54.306145,-5.583595,331115.59
1332253.0,26.4,101570.94,109.53,0.52,-3.072,9.402,-0.029,0.004,0.015,-18.097,-2.659,1270.12,54.306145,-5.583595,331115.59
1332508.0,26.4,101571.6,109.48,0.464,-2.971,9.388,-0.029,0.005,0.016,-18.188,-2.77,1270.356,54.306145,-5.583595,331115.59
1332755.0,26.4,101571.84,109.46,0.45,-2.978,9.407,-0.029,0.005,0.017,-18.097,-2.671,1270.584,54.306145,-5.583595,331115.59
1333005.0,26.4,101571.92,109.45,0.45,-2.99,9.385,-0.028,0.005,0.016,-18.041,-2.644,1270.818,54.306145,-5.583595,331115.59
1333257.0,26.4,101570.82,109.54,0.457,-2.969,9.404,-0.029,0.005,0.016,-18.173,-2.6,1271.058,54.306145,-5.583595,331115.59
1333506.0,26.4,101570.33,109.58,0.474,-2.952,9.412,-0.029,0.005,0.016,-18.047,-2.615,1271.288,54.306145,-5.583595,331115.59
1333759.0,26.4,101569.62,109.64,0.476,-2.971,9.412,-0.03,0.004,0.017,-18.016,-2.61,1271.521,54.306145,-5.583595,331115.59
1334003.0,26.4,101569.45,109.66,0.481,-2.976,9.397,-0.03,0.004,0.016,-18.015,-2.599,1271.749,54.306145,-5.583595,331115.59
1334255.0,26.4,101569.12,109.68,0.453,-2.988,9.397,-0.029,0.005,0.016,-18.054,-2.597,1271.98,54.306145,-5.583595,331115.59
1334505.0,26.4,101569.29,109.67,0.474,-2.966,9.388,-0.028,0.004,0.016,-18.022,-2.606,1272.214,54.306145,-5.583595,331115.59
1334758.0,26.4,101568.95,109.7,0.462,-2.974,9.366,-0.029,0.005,0.017,-18.0,-2.605,1272.448,54.306145,-5.583595,331115.59
1335007.0,26.4,101568.8,109.71,0.472,-2.988,9.407,-0.029,0.003,0.016,-18.005,-2.622,1272.679,54.306145,-5.583595,331115.59
1335255.0,26.4,101568.55,109.73,0.457,-2.957,9.397,-0.029,0.005,0.017,-18.034,-2.622,1272.913,54.306145,-5.583595,331115.59
1335504.0,26.4,101569.05,109.69,0.472,-2.962,9.404,-0.029,0.005,0.016,-18.003,-2.622,1273.147,54.306145,-5.583595,331115.59
1335757.0,26.4,101568.88,109.71,0.457,-2.969,9.431,-0.029,0.005,0.016,-17.998,-2.629,1273.38,54.306145,-5.583595,331115.59
1336007.0,26.4,101568.22,109.76,0.46,-2.954,9.39,-0.03,0.005,0.016,-17.988,-2.609,1273.614,54.306145,-5.583595,331115.59
1336258.0,26.4,101568.13,109.77,0.464,-2.954,9.424,-0.029,0.004,0.017,-18.03,-2.616,1273.848,54.306145,-5.583595,331115.59
1336508.0,26.4,101567.97,109.78,0.472,-2.978,9.397,-0.028,0.004,0.016,-17.997,-2.622,1274.08,54.306145,-5.583595,331115.59
1336755.0,26.4,101568.52,109.73,0.457,-2.957,9.4,-0.029,0.005,0.016,-18.008,-2.627,1274.307,54.306145,-5.583595,331115.59
1337004.0,26.4,101568.62,109.73,0.45,-2.974,9.388,-0.029,0.005,0.017,-18.023,-2.617,1274.543,54.306145,-5.583595,331115.59
1337253.0,26.4,101569.66,109.64,0.467,-2.976,9.383,-0.029,0.005,0.016,-18.084,-2.616,1274.778,54.306145,-5.583595,331115.59
1337508.0,26.4,101570.28,109.59,0.474,-2.981,9.378,-0.029,0.005,0.016,-18.036,-2.609,1275.016,54.306145,-5.583595,331115.59
1337755.0,26.4,101571.1,109.52,0.472,-2.971,9.4,-0.029,0.005,0.017,-18.013,-2.609,1275.242,54.306145,-5.583595,331115.59
1338004.0,26.4,101571.59,109.48,0.457,-2.976,9.4,-0.029,0.005,0.016,-18.011,-2.599,1275.473,54.306145,-5.583595,331115.59
1338257.0,26.4,101571.1,109.52,0.474,-2.986,9.38,-0.028,0.005,0.016,-18.256,-2.722,1275.702,54.306145,-5.583595,331115.59
1338506.0,26.4,101570.61,109.56,0.467,-2.978,9.402,-0.029,0.005,0.016,-18.115,-2.67,1275.933,54.306145,-5.583595,331115.59
1338759.0,26.4,101570.77,109.55,0.469,-2.976,9.38,-0.029,0.004,0.016,-18.055,-2.628,1276.164,54.306145,-5.583595,331115.59
1339008.0,26.4,101570.11,109.6,0.448,-2.952,9.371,-0.029,0.005,0.016,-18.027,-2.616,1276.396,54.306145,-5.583595,331115.59
1339256.0,26.4,101569.5,109.65,0.46,-2.971,9.426,-0.029,0.004,0.015,-18.063,-2.608,1276.622,54.306145,-5.583595,331115.59
1339506.0,26.4,101569.17,109.68,0.445,-2.962,9.4,-0.029,0.005,0.017,-18.023,-2.602,1276.855,54.306145,-5.583595,331115.59
1339759.0,26.4,101569.34,109.67,0.479,-2.969,9.385,-0.03,0.005,0.017,-18.019,-2.612,1277.088,54.306145,-5.583595,331115.59
1340008.0,26.4,101569.5,109.65,0.462,-2.966,9.366,-0.029,0.004,0.016,-18.018,-2.604,1277.318,54.306145,-5.583595,331115.59
1340255.0,26.4,101568.84,109.71,0.469,-2.976,9.383,-0.029,0.005,0.016,-18.065,-2.593,1277.547,54.306145,-5.583595,331115.59
1340505.0,26.4,101568.34,109.75,0.472,-2.952,9.395,-0.029,0.005,0.016,-18.015,-2.593,1277.777,54.306145,-5.583595,331115.59
1340758.0,26.41,101568.42,109.76,0.457,-2.966,9.39,-0.029,0.005,0.016,-18.008,-2.604,1278.01,54.306145,-5.583595,331115.59
1341007.0,26.41,101567.93,109.78,0.491,-2.99,9.412,-0.029,0.005,0.016,-17.99,-2.608,1278.243,54.306145,-5.583595,331115.59
1341255.0,26.41,101568.34,109.75,0.453,-2.971,9.414,-0.028,0.005,0.016,-18.158,-2.581,1278.466,54.306145,-5.583595,331115.59
1341504.0,26.41,101568.67,109.72,0.457,-2.981,9.426,-0.03,0.005,0.016,-18.042,-2.595,1278.698,54.306145,-5.583595,331115.59
1341757.0,26.41,101568.88,109.7,0.467,-2.976,9.385,-0.029,0.005,0.017,-18.006,-2.599,1278.932,54.306145,-5.583595,331115.59
1342007.0,26.41,101568.55,109.73,0.46,-2.976,9.419,-0.029,0.004,0.017,-17.994,-2.599,1279.163,54.306145,-5.583595,331115.59
1342257.0,26.41,101568.02,109.78,0.469,-2.976,9.404,-0.028,0.004,0.016,-18.029,-2.602,1279.395,54.306145,-5.583595,331115.59
1342506.0,26.41,101567.68,109.8,0.474,-3.0,9.412,-0.028,0.005,0.016,-18.015,-2.599,1279.627,54.306145,-5.583595,331115.59
1342759.0,26.41,101566.69,109.89,0.455,-2.964,9.395,-0.028,0.004,0.016,-18.02,-2.587,1279.86,54.306145,-5.583595,331115.59
1343003.0,26.41,101566.28,109.92,0.455,-2.964,9.412,-0.028,0.004,0.016,-17.989,-2.589,1280.087,54.306145,-5.583595,331115.59
1343256.0,26.41,101566.28,109.92,0.455,-2.976,9.392,-0.028,0.004,0.016,-18.037,-2.591,1280.321,54.306145,-5.583595,331115.59
1343505.0,26.41,101566.61,109.89,0.467,-2.957,9.392,-0.029,0.005,0.016,-18.016,-2.603,1280.549,54.306145,-5.583595,331115.59
1343758.0,26.41,101566.36,109.91,0.457,-2.978,9.407,-0.029,0.005,0.016,-18.008,-2.619,1280.779,54.306145,-5.583595,331115.59
1344007.0,26.41,101566.36,109.91,0.486,-3.005,9.369,-0.029,0.004,0.017,-18.113,-2.722,1281.012,54.306145,-5.583595,331115.59
1344258.0,26.41,101566.45,109.91,0.45,-2.971,9.392,-0.029,0.004,0.017,-18.108,-2.665,1281.247,54.306145,-5.583595,331115.59
1344507.0,26.41,101567.11,109.85,0.462,-2.971,9.404,-0.028,0.003,0.017,-18.034,-2.629,1281.478,54.306145,-5.583595,331115.59
1344755.0,26.41,101566.94,109.87,0.464,-2.983,9.395,-0.028,0.005,0.016,-18.006,-2.637,1281.706,54.306145,-5.583595,331115.59
1345004.0,26.41,101567.27,109.84,0.472,-2.962,9.39,-0.028,0.004,0.016,-17.996,-2.609,1281.938,54.306145,-5.583595,331115.59
1345257.0,26.41,101567.52,109.82,0.46,-2.974,9.383,-0.029,0.004,0.017,-18.039,-2.603,1282.171,54.306145,-5.583595,331115.59
1345506.0,26.41,101568.02,109.78,0.455,-2.962,9.421,-0.029,0.005,0.016,-18.016,-2.612,1282.405,54.306145,-5.583595,331115.59
1345759.0,26.41,101568.83,109.71,0.455,-2.947,9.388,-0.028,0.005,0.015,-17.997,-2.598,1282.638,54.306145,-5.583595,331115.59
1346008.0,26.41,101567.6,109.81,0.448,-2.971,9.414,-0.03,0.005,0.015,-17.982,-2.6,1282.87,54.306145,-5.583595,331115.59
1346253.0,26.41,101567.44,109.82,0.455,-2.976,9.397,-0.029,0.004,0.016,-18.05,-2.599,1283.101,54.306145,-5.583595,331115.59
1346508.0,26.41,101567.44,109.82,0.457,-2.974,9.402,-0.028,0.005,0.017,-18.01,-2.611,1283.339,54.306145,-5.583595,331115.59
1346755.0,26.41,101567.19,109.84,0.462,-2.959,9.419,-0.029,0.005,0.016,-18.005,-2.618,1283.566,54.306145,-5.583595,331115.59
1347004.0,26.41,101567.02,109.86,0.46,-2.969,9.402,-0.028,0.005,0.016,-17.982,-2.617,1283.797,54.306145,-5.583595,331115.59
1347257.0,26.41,101565.7,109.97,0.453,-2.964,9.38,-0.028,0.004,0.017,-18.039,-2.599,1284.034,54.306145,-5.583595,331115.59
1347506.0,26.41,101565.12,110.02,0.457,-2.971,9.4,-0.029,0.005,0.016,-18.004,-2.6,1284.265,54.306145,-5.583595,331115.59
1347760.0,26.41,101565.7,109.97,0.443,-2.988,9.388,-0.028,0.004,0.017,-18.006,-2.612,1284.498,54.306145,-5.583595,331115.59
1348003.0,26.41,101565.87,109.95,0.464,-2.947,9.4,-0.029,0.005,0.016,-18.018,-2.609,1284.726,54.306145,-5.583595,331115.59
1348254.0,26.41,101565.87,109.95,0.464,-2.969,9.385,-0.029,0.005,0.016,-18.06,-2.596,1284.961,54.306145,-5.583595,331115.59
1348503.0,26.41,101566.03,109.94,0.469,-2.964,9.402,-0.029,0.004,0.017,-18.003,-2.602,1285.194,54.306145,-5.583595,331115.59
1348756.0,26.41,101566.57,109.9,0.455,-2.959,9.416,-0.028,0.005,0.017,-17.999,-2.586,1285.426,54.306145,-5.583595,331115.59
1349006.0,26.41,101566.41,109.91,0.469,-2.964,9.402,-0.029,0.005,0.016,-17.996,-2.611,1285.661,54.306145,-5.583595,331115.59
1349256.0,26.41,101567.15,109.85,0.457,-2.954,9.385,-0.028,0.005,0.016,-18.155,-2.583,1285.897,54.306145,-5.583595,331115.59
1349505.0,26.41,101567.31,109.83,0.476,-2.959,9.4,-0.029,0.005,0.017,-18.065,-2.593,1286.125,54.306145,-5.583595,331115.59
1349759.0,26.41,101567.98,109.78,0.529,-3.069,9.395,-0.029,0.005,0.017,-18.177,-2.697,1286.362,54.306145,-5.583595,331115.59
1350008.0,26.41,101568.3,109.75,0.457,-2.978,9.388,-0.028,0.005,0.016,-18.143,-2.727,1286.594,54.306145,-5.583595,331115.59
1350257.0,26.41,101569.45,109.66,0.469,-2.954,9.4,-0.028,0.005,0.016,-18.104,-2.662,1286.825,54.306145,-5.583595,331115.59
1350506.0,26.41,101569.12,109.68,0.474,-2.971,9.392,-0.028,0.004,0.016,-18.026,-2.632,1287.057,54.306145,-5.583595,331115.59
1350754.0,26.41,101568.39,109.75,0.457,-2.974,9.407,-0.029,0.005,0.017,-18.01,-2.641,1287.287,54.306145,-5.583595,331115.59
1351003.0,26.41,101567.84,109.79,0.462,-2.959,9.424,-0.028,0.004,0.016,-17.985,-2.633,1287.519,54.306145,-5.583595,331115.59
1351257.0,26.41,101568.02,109.78,0.457,-2.988,9.385,-0.028,0.004,0.017,-18.043,-2.604,1287.755,54.306145,-5.583595,331115.59
1351506.0,26.41,101568.02,109.78,0.464,-2.974,9.392,-0.029,0.005,0.016,-18.025,-2.616,1287.986,54.306145,-5.583595,331115.59
1351759.0,26.41,101568.39,109.75,0.453,-2.995,9.424,-0.029,0.004,0.016,-18.014,-2.627,1288.22,54.306145,-5.583595,331115.59
1352003.0,26.41,101567.84,109.79,0.453,-2.974,9.39,-0.027,0.005,0.015,-18.004,-2.625,1288.449,54.306145,-5.583595,331115.59
1352253.0,26.41,101568.23,109.76,0.455,-2.964,9.4,-0.028,0.004,0.017,-18.051,-2.604,1288.68,54.306145,-5.583595,331115.59
1352508.0,26.41,101568.39,109.75,0.455,-2.962,9.376,-0.029,0.004,0.016,-18.01,-2.617,1288.918,54.306145,-5.583595,331115.59
1352756.0,26.41,101567.89,109.79,0.457,-2.976,9.419,-0.027,0.004,0.016,-18.006,-2.638,1289.148,54.306145,-5.583595,331115.59
1353005.0,26.41,101568.39,109.75,0.467,-2.969,9.378,-0.029,0.005,0.017,-18.01,-2.62,1289.385,54.306145,-5.583595,331115.59
1353258.0,26.41,101568.88,109.7,0.462,-2.969,9.385,-0.029,0.004,0.016,-18.062,-2.599,1289.619,54.306145,-5.583595,331115.59
1353507.0,26.41,101569.38,109.66,0.443,-2.983,9.369,-0.029,0.004,0.017,-18.032,-2.603,1289.85,54.306145,-5.583595,331115.59
1353755.0,26.41,101569.88,109.62,0.481,-2.966,9.397,-0.03,0.005,0.016,-18.021,-2.612,1290.079,54.306145,-5.583595,331115.59
1354005.0,26.41,101570.2,109.59,0.462,-2.945,9.431,-0.029,0.004,0.015,-17.995,-2.612,1290.308,54.306145,-5.583595,331115.59
1354254.0,26.41,101570.53,109.57,0.476,-2.971,9.392,-0.029,0.005,0.016,-18.028,-2.609,1290.538,54.306145,-5.583595,331115.59
1354503.0,26.41,101570.2,109.59,0.472,-2.981,9.395,-0.028,0.005,0.015,-18.021,-2.608,1290.768,54.306145,-5.583595,331115.59
1354757.0,26.41,101569.55,109.65,0.462,-2.974,9.369,-0.029,0.005,0.017,-18.002,-2.602,1291.001,54.306145,-5.583595,331115.59
1355006.0,26.41,101569.38,109.66,0.469,-2.969,9.38,-0.029,0.004,0.017,-17.996,-2.615,1291.232,54.306145,-5.583595,331115.59
1355253.0,26.41,101569.21,109.68,0.462,-2.966,9.407,-0.028,0.003,0.017,-18.033,-2.608,1291.462,54.306145,-5.583595,331115.59
1355508.0,26.41,101568.72,109.72,0.539,-3.065,9.402,-0.029,0.005,0.017,-18.084,-2.685,1291.701,54.306145,-5.583595,331115.59
1355756.0,26.41,101568.23,109.76,0.476,-2.969,9.395,-0.029,0.005,0.015,-18.213,-2.751,1291.927,54.306145,-5.583595,331115.59
1356005.0,26.41,101568.14,109.77,0.462,-2.954,9.39,-0.029,0.003,0.017,-18.085,-2.675,1292.162,54.306145,-5.583595,331115.59
1356253.0,26.41,101567.98,109.78,0.453,-2.974,9.419,-0.028,0.005,0.016,-18.088,-2.62,1292.391,54.306145,-5.583595,331115.59
1356508.0,26.42,101567.89,109.79,0.464,-2.976,9.412,-0.029,0.004,0.016,-18.023,-2.612,1292.628,54.306145,-5.583595,331115.59
1356756.0,26.42,101566.73,109.88,0.46,-2.969,9.407,-0.028,0.005,0.016,-17.996,-2.604,1292.857,54.306145,-5.583595,331115.59
1357005.0,26.42,101566.23,109.92,0.474,-2.993,9.412,-0.029,0.004,0.017,-18.002,-2.605,1293.089,54.306145,-5.583595,331115.59
1357254.0,26.42,101565.75,109.96,0.457,-2.976,9.392,-0.029,0.005,0.017,-18.118,-2.59,1293.321,54.306145,-5.583595,331115.59
1357503.0,26.42,101565.75,109.96,0.457,-2.966,9.431,-0.029,0.005,0.016,-18.05,-2.61,1293.553,54.306145,-5.583595,331115.59
1357757.0,26.42,101565.75,109.96,0.445,-2.942,9.373,-0.029,0.004,0.016,-18.015,-2.608,1293.786,54.306145,-5.583595,331115.59
1358006.0,26.42,101565.75,109.96,0.467,-2.971,9.407,-0.029,0.004,0.015,-18.011,-2.622,1294.024,54.306145,-5.583595,331115.59
1358253.0,26.42,101565.58,109.98,0.443,-2.978,9.38,-0.029,0.004,0.016,-18.121,-2.598,1294.25,54.306145,-5.583595,331115.59
1358508.0,26.42,101565.91,109.95,0.453,-2.988,9.392,-0.029,0.004,0.016,-18.048,-2.602,1294.484,54.306145,-5.583595,331115.59
1358755.0,26.42,101565.75,109.96,0.474,-2.966,9.397,-0.028,0.005,0.017,-18.034,-2.616,1294.716,54.306145,-5.583595,331115.59
1359004.0,26.42,101566.23,109.92,0.467,-2.969,9.4,-0.028,0.005,0.016,-18.014,-2.597,1294.949,54.306145,-5.583595,331115.59
1359255.0,26.42,101566.41,109.91,0.493,-2.954,9.407,-0.029,0.005,0.016,-18.034,-2.596,1295.18,54.306145,-5.583595,331115.59
1359505.0,26.42,101566.56,109.9,0.455,-2.969,9.397,-0.028,0.006,0.015,-18.008,-2.605,1295.407,54.306145,-5.583595,331115.59
1359758.0,26.42,101567.73,109.8,0.45,-2.976,9.373,-0.03,0.005,0.016,-17.999,-2.611,1295.641,54.306145,-5.583595,331115.59
1360007.0,26.42,101567.73,109.8,0.46,-2.962,9.373,-0.028,0.005,0.016,-18.001,-2.609,1295.878,54.306145,-5.583595,331115.59
1360257.0,26.42,101568.05,109.77,0.448,-2.952,9.39,-0.029,0.005,0.017,-18.041,-2.604,1296.111,54.306145,-5.583595,331115.59
1360506.0,26.42,101568.05,109.77,0.467,-2.969,9.419,-0.029,0.005,0.016,-17.997,-2.609,1296.343,54.306145,-5.583595,331115.59
1360759.0,26.42,101567.73,109.8,0.455,-2.988,9.395,-0.028,0.004,0.016,-18.006,-2.617,1296.573,54.306145,-5.583595,331115.59
1361008.0,26.42,101567.94,109.78,0.46,-2.962,9.402,-0.029,0.005,0.017,-18.016,-2.615,1296.809,54.306145,-5.583595,331115.59
1361254.0,26.42,101568.34,109.75,0.553,-3.089,9.385,-0.029,0.005,0.016,-18.115,-2.656,1297.042,54.306145,-5.583595,331115.59
1361504.0,26.42,101568.34,109.75,0.481,-2.983,9.397,-0.028,0.004,0.016,-18.189,-2.775,1297.275,54.306145,-5.583595,331115.59
1361757.0,26.42,101569.25,109.67,0.469,-2.981,9.38,-0.028,0.005,0.016,-18.086,-2.683,1297.509,54.306145,-5.583595,331115.59
1362006.0,26.42,101568.67,109.72,0.467,-2.957,9.438,-0.029,0.004,0.017,-18.016,-2.638,1297.742,54.306145,-5.583595,331115.59
1362256.0,26.42,101568.1,109.77,0.467,-2.962,9.409,-0.029,0.005,0.017,-18.077,-2.603,1297.975,54.306145,-5.583595,331115.59
1362506.0,26.42,101568.27,109.76,0.467,-2.978,9.385,-0.029,0.005,0.016,-18.023,-2.617,1298.208,54.306145,-5.583595,331115.59
1362759.0,26.42,101567.94,109.78,0.448,-2.978,9.378,-0.029,0.005,0.015,-18.003,-2.62,1298.443,54.306145,-5.583595,331115.59
1363008.0,26.42,101568.27,109.76,0.467,-2.962,9.38,-0.028,0.004,0.016,-18.003,-2.604,1298.677,54.306145,-5.583595,331115.59
1363254.0,26.42,101569.09,109.69,0.457,-2.957,9.419,-0.029,0.004,0.016,-18.047,-2.586,1298.904,54.306145,-5.583595,331115.59
1363503.0,26.42,101568.71,109.72,0.476,-2.986,9.4,-0.029,0.005,0.016,-18.027,-2.603,1299.134,54.306145,-5.583595,331115.59
1363756.0,26.42,101568.22,109.76,0.469,-2.954,9.397,-0.029,0.005,0.016,-18.007,-2.617,1299.369,54.306145,-5.583595,331115.59
1364005.0,26.42,101568.22,109.76,0.462,-2.964,9.407,-0.028,0.005,0.016,-17.986,-2.63,1299.6,54.306145,-5.583595,331115.59
1364255.0,26.42,101568.77,109.71,0.457,-2.962,9.397,-0.028,0.004,0.017,-18.056,-2.61,1299.832,54.306145,-5.583595,331115.59
1364504.0,26.42,101568.92,109.7,0.472,-2.981,9.392,-0.028,0.005,0.017,-18.008,-2.597,1300.064,54.306145,-5.583595,331115.59
1364757.0,26.42,101569.34,109.67,0.441,-2.964,9.39,-0.029,0.004,0.017,-18.009,-2.593,1300.297,54.306145,-5.583595,331115.59
1365006.0,26.42,101569.41,109.66,0.493,-2.978,9.39,-0.028,0.005,0.015,-18.004,-2.605,1300.53,54.306145,-5.583595,331115.59
1365254.0,26.43,101568.83,109.71,0.472,-2.966,9.378,-0.029,0.004,0.015,-18.129,-2.578,1300.759,54.306145,-5.583595,331115.59
1365503.0,26.42,101567.93,109.78,0.467,-2.978,9.404,-0.029,0.003,0.016,-18.043,-2.593,1300.992,54.306145,-5.583595,331115.59
1365757.0,26.42,101567.69,109.8,0.472,-2.962,9.407,-0.029,0.004,0.015,-18.014,-2.614,1301.225,54.306145,-5.583595,331115.59
1366006.0,26.42,101567.52,109.82,0.453,-2.981,9.421,-0.029,0.005,0.016,-17.991,-2.6,1301.458,54.306145,-5.583595,331115.59
1366257.0,26.42,101566.7,109.89,0.479,-2.964,9.416,-0.029,0.004,0.016,-18.105,-2.614,1301.692,54.306145,-5.583595,331115.59
1366507.0,26.42,101566.37,109.91,0.476,-2.964,9.392,-0.029,0.005,0.016,-18.029,-2.606,1301.925,54.306145,-5.583595,331115.59
1366760.0,26.42,101566.53,109.9,0.472,-2.962,9.412,-0.029,0.004,0.016,-18.006,-2.597,1302.161,54.306145,-5.583595,331115.59
1367003.0,26.42,101567.03,109.86,0.469,-2.954,9.383,-0.028,0.006,0.016,-17.989,-2.616,1302.388,54.306145,-5.583595,331115.59
1367254.0,26.42,101567.6,109.82,0.464,-2.993,9.395,-0.029,0.005,0.016,-18.254,-2.743,1302.62,54.306145,-5.583595,331115.59
1367504.0,26.42,101567.44,109.82,0.45,-2.952,9.388,-0.028,0.005,0.017,-18.131,-2.674,1302.853,54.306145,-5.583595,331115.59
1367757.0,26.42,101567.6,109.81,0.472,-2.962,9.39,-0.028,0.005,0.016,-18.047,-2.652,1303.086,54.306145,-5.583595,331115.59
1368006.0,26.42,101567.69,109.8,0.457,-2.966,9.424,-0.028,0.006,0.016,-18.011,-2.611,1303.32,54.306145,-5.583595,331115.59
1368253.0,26.42,101567.19,109.84,0.467,-2.969,9.395,-0.029,0.004,0.017,-18.061,-2.6,1303.549,54.306145,-5.583595,331115.59
1368508.0,26.42,101566.37,109.91,0.464,-2.966,9.395,-0.029,0.005,0.016,-18.033,-2.601,1303.787,54.306145,-5.583595,331115.59
1368756.0,26.42,101566.2,109.91,0.46,-2.976,9.392,-0.029,0.005,0.016,-18.002,-2.62,1304.018,54.306145,-5.583595,331115.59
1369005.0,26.42,101565.54,109.98,0.462,-2.969,9.39,-0.029,0.004,0.015,-17.999,-2.617,1304.249,54.306145,-5.583595,331115.59
1369255.0,26.42,101565.54,109.98,0.484,-2.974,9.416,-0.029,0.004,0.016,-18.057,-2.6,1304.479,54.306145,-5.583595,331115.59
1369504.0,26.42,101565.38,109.99,0.455,-2.969,9.4,-0.028,0.005,0.017,-18.019,-2.595,1304.71,54.306145,-5.583595,331115.59
1369758.0,26.42,101565.54,109.98,0.457,-2.978,9.419,-0.029,0.005,0.016,-18.013,-2.605,1304.942,54.306145,-5.583595,331115.59
1370007.0,26.42,101566.03,109.94,0.464,-2.976,9.409,-0.028,0.005,0.016,-18.0,-2.618,1305.172,54.306145,-5.583595,331115.59
1370258.0,26.42,101566.2,109.93,0.469,-2.959,9.412,-0.03,0.005,0.017,-18.061,-2.595,1305.404,54.306145,-5.583595,331115.59
1370507.0,26.42,101566.12,109.93,0.45,-2.962,9.39,-0.028,0.005,0.016,-18.026,-2.614,1305.637,54.306145,-5.583595,331115.59
1370755.0,26.42,101566.12,109.93,0.469,-2.957,9.397,-0.029,0.005,0.016,-17.998,-2.625,1305.868,54.306145,-5.583595,331115.59
1371004.0,26.42,101566.45,109.91,0.476,-2.981,9.371,-0.029,0.004,0.016,-17.982,-2.627,1306.097,54.306145,-5.583595,331115.59
1371254.0,26.42,101566.28,109.92,0.453,-2.983,9.395,-0.029,0.004,0.017,-18.046,-2.602,1306.327,54.306145,-5.583595,331115.59
1371504.0,26.42,101566.12,109.93,0.457,-2.981,9.392,-0.028,0.005,0.016,-18.025,-2.608,1306.559,54.306145,-5.583595,331115.59
1371757.0,26.42,101566.53,109.9,0.443,-2.964,9.402,-0.029,0.004,0.016,-18.013,-2.593,1306.792,54.306145,-5.583595,331115.59
1372006.0,26.42,101566.12,109.93,0.476,-2.974,9.397,-0.029,0.004,0.017,-18.01,-2.594,1307.021,54.306145,-5.583595,331115.59
1372253.0,26.42,101565.8,109.96,0.457,-2.978,9.419,-0.029,0.005,0.016,-18.077,-2.594,1307.251,54.306145,-5.583595,331115.59
1372503.0,26.42,101565.3,110.02,0.479,-2.954,9.409,-0.028,0.005,0.016,-18.005,-2.597,1307.486,54.306145,-5.583595,331115.59
1372756.0,26.42,101564.75,110.05,0.46,-2.966,9.373,-0.029,0.004,0.015,-18.004,-2.606,1307.718,54.306145,-5.583595,331115.59
1373005.0,26.42,101563.77,110.13,0.486,-2.976,9.4,-0.029,0.005,0.016,-18.089,-2.703,1307.95,54.306145,-5.583595,331115.59
1373255.0,26.42,101563.77,110.13,0.469,-2.971,9.407,-0.029,0.005,0.016,-18.283,-2.716,1308.182,54.306145,-5.583595,331115.59
1373504.0,26.42,101564.8,110.04,0.443,-2.962,9.407,-0.028,0.004,0.016,-18.097,-2.649,1308.411,54.306145,-5.583595,331115.59
1373757.0,26.42,101564.64,110.06,0.448,-2.981,9.412,-0.028,0.005,0.017,-18.048,-2.609,1308.645,54.306145,-5.583595,331115.59
1374006.0,26.42,101564.3,110.08,0.453,-2.962,9.402,-0.029,0.005,0.016,-18.037,-2.585,1308.879,54.306145,-5.583595,331115.59
1374253.0,26.42,101564.72,110.05,0.476,-2.962,9.426,-0.029,0.005,0.017,-18.153,-2.587,1309.11,54.306145,-5.583595,331115.59
1374503.0,26.42,101565.05,110.02,0.457,-2.974,9.4,-0.028,0.005,0.016,-18.041,-2.598,1309.344,54.306145,-5.583595,331115.59
1374756.0,26.42,101564.39,110.08,0.448,-2.976,9.395,-0.03,0.005,0.017,-18.032,-2.604,1309.58,54.306145,-5.583595,331115.59
1375005.0,26.42,101564.22,110.09,0.453,-2.974,9.414,-0.028,0.004,0.017,-18.006,-2.607,1309.813,54.306145,-5.583595,331115.59
1375255.0,26.42,101564.47,110.07,0.455,-2.966,9.395,-0.029,0.005,0.015,-18.048,-2.6,1310.043,54.306145,-5.583595,331115.59
1375504.0,26.42,101564.22,110.09,0.469,-2.971,9.409,-0.027,0.005,0.016,-17.998,-2.59,1310.274,54.306145,-5.583595,331115.59
1375757.0,26.42,101564.3,110.08,0.457,-2.969,9.392,-0.029,0.005,0.016,-17.994,-2.598,1310.511,54.306145,-5.583595,331115.59
1376006.0,26.42,101564.97,110.03,0.469,-2.969,9.39,-0.029,0.004,0.016,-18.003,-2.621,1310.743,54.306145,-5.583595,331115.59
1376254.0,26.42,101565.13,110.02,0.464,-2.974,9.397,-0.03,0.004,0.015,-18.057,-2.606,1310.974,54.306145,-5.583595,331115.59
1376503.0,26.42,101565.22,110.01,0.462,-2.962,9.421,-0.029,0.005,0.015,-18.005,-2.592,1311.204,54.306145,-5.583595,331115.59
1376756.0,26.42,101564.88,110.04,0.462,-2.964,9.395,-0.03,0.005,0.016,-17.982,-2.604,1311.437,54.306145,-5.583595,331115.59
1377005.0,26.42,101564.39,110.08,0.457,-2.981,9.407,-0.029,0.004,0.017,-17.996,-2.6,1311.669,54.306145,-5.583595,331115.59
1377256.0,26.42,101564.72,110.05,0.474,-2.971,9.395,-0.029,0.005,0.016,-18.05,-2.591,1311.9,54.306145,-5.583595,331115.59
1377505.0,26.42,101565.05,110.02,0.443,-2.995,9.414,-0.028,0.005,0.016,-18.021,-2.585,1312.134,54.306145,-5.583595,331115.59
1377759.0,26.42,101565.22,110.01,0.448,-2.962,9.385,-0.029,0.003,0.017,-18.019,-2.602,1312.369,54.306145,-5.583595,331115.59
1378008.0,26.42,101565.54,109.98,0.46,-2.959,9.419,-0.028,0.004,0.016,-18.0,-2.608,1312.603,54.306145,-5.583595,331115.59
1378254.0,26.42,101565.47,109.99,0.467,-2.966,9.416,-0.028,0.004,0.016,-18.069,-2.595,1312.835,54.306145,-5.583595,331115.59
1378503.0,26.42,101565.09,110.02,0.462,-2.957,9.402,-0.028,0.004,0.016,-18.007,-2.597,1313.066,54.306145,-5.583595,331115.59
1378756.0,26.42,101565.75,109.96,0.529,-3.079,9.409,-0.029,0.004,0.016,-18.129,-2.703,1313.298,54.306145,-5.583595,331115.59
1379005.0,26.42,101565.09,110.02,0.436,-2.962,9.407,-0.028,0.005,0.017,-18.133,-2.705,1313.532,54.306145,-5.583595,331115.59
1379255.0,26.42,101565.62,109.97,0.453,-2.966,9.416,-0.029,0.005,0.016,-18.13,-2.64,1313.765,54.306145,-5.583595,331115.59
1379504.0,26.42,101565.62,109.97,0.453,-2.981,9.392,-0.03,0.005,0.016,-18.058,-2.623,1313.996,54.306145,-5.583595,331115.59
1379758.0,26.42,101564.97,110.03,0.457,-2.981,9.404,-0.029,0.004,0.016,-18.031,-2.612,1314.231,54.306145,-5.583595,331115.59
1380007.0,26.42,101564.64,110.06,0.474,-2.969,9.4,-0.028,0.004,0.017,-18.009,-2.612,1314.464,54.306145,-5.583595,331115.59
1380253.0,26.42,101564.8,110.04,0.438,-2.986,9.395,-0.029,0.005,0.016,-18.084,-2.59,1314.691,54.306145,-5.583595,331115.59
1380508.0,26.42,101565.47,109.99,0.462,-2.971,9.388,-0.029,0.005,0.017,-18.034,-2.587,1314.928,54.306145,-5.583595,331115.59
1380755.0,26.42,101565.41,109.99,0.469,-2.971,9.395,-0.03,0.005,0.016,-17.993,-2.604,1315.155,54.306145,-5.583595,331115.59
1381004.0,26.42,101565.75,109.96,0.467,-2.964,9.397,-0.027,0.004,0.016,-17.982,-2.609,1315.389,54.306145,-5.583595,331115.59
1381256.0,26.42,101565.75,109.96,0.467,-2.976,9.392,-0.029,0.005,0.017,-18.133,-2.583,1315.626,54.306145,-5.583595,331115.59
1381505.0,26.42,101565.91,109.95,0.457,-2.966,9.39,-0.029,0.005,0.016,-18.041,-2.588,1315.858,54.306145,-5.583595,331115.59
1381758.0,26.42,101566.07,109.94,0.455,-2.959,9.407,-0.028,0.005,0.017,-18.003,-2.604,1316.09,54.306145,-5.583595,331115.59
1382007.0,26.42,101566.23,109.92,0.474,-2.966,9.414,-0.028,0.005,0.016,-17.986,-2.618,1316.323,54.306145,-5.583595,331115.59
1382257.0,26.42,101566.45,109.91,0.462,-2.966,9.395,-0.029,0.004,0.016,-18.061,-2.586,1316.556,54.306145,-5.583595,331115.59
1382506.0,26.42,101566.62,109.89,0.457,-2.966,9.392,-0.029,0.006,0.016,-18.024,-2.588,1316.787,54.306145,-5.583595,331115.59
1382760.0,26.42,101566.07,109.94,0.484,-2.959,9.412,-0.029,0.004,0.015,-18.004,-2.599,1317.022,54.306145,-5.583595,331115.59
1383003.0,26.42,101566.07,109.94,0.476,-2.962,9.39,-0.028,0.005,0.016,-17.995,-2.61,1317.251,54.306145,-5.583595,331115.59
1383258.0,26.41,101565.5,109.98,0.464,-2.993,9.392,-0.029,0.004,0.017,-18.145,-2.584,1317.49,54.306145,-5.583595,331115.59
1383507.0,26.41,101564.84,110.04,0.457,-2.947,9.421,-0.029,0.004,0.016,-18.031,-2.587,1317.724,54.306145,-5.583595,331115.59
1383754.0,26.41,101564.34,110.08,0.453,-2.986,9.371,-0.029,0.005,0.017,-18.018,-2.579,1317.955,54.306145,-5.583595,331115.59
1384003.0,26.42,101564.92,110.03,0.469,-2.983,9.412,-0.03,0.006,0.017,-17.997,-2.593,1318.187,54.306145,-5.583595,331115.59
1384254.0,26.42,101564.92,110.03,0.438,-2.959,9.38,-0.028,0.005,0.016,-18.059,-2.591,1318.417,54.306145,-5.583595,331115.59
1384503.0,26.42,101564.64,110.06,0.536,-3.069,9.414,-0.029,0.005,0.016,-18.08,-2.663,1318.647,54.306145,-5.583595,331115.59
1384756.0,26.42,101564.8,110.04,0.464,-2.971,9.407,-0.029,0.005,0.016,-18.205,-2.734,1318.879,54.306145,-5.583595,331115.59
1385005.0,26.42,101564.14,110.1,0.455,-2.964,9.392,-0.03,0.004,0.015,-18.083,-2.661,1319.11,54.306145,-5.583595,331115.59
1385255.0,26.42,101564.8,110.04,0.462,-2.976,9.378,-0.028,0.005,0.016,-18.111,-2.628,1319.339,54.306145,-5.583595,331115.59
1385504.0,26.42,101564.97,110.03,0.469,-2.971,9.39,-0.029,0.005,0.017,-18.031,-2.609,1319.571,54.306145,-5.583595,331115.59
1385757.0,26.42,101564.75,110.05,0.474,-2.978,9.4,-0.027,0.005,0.017,-18.01,-2.611,1319.804,54.306145,-5.583595,331115.59
1386006.0,26.42,101564.42,110.07,0.464,-2.971,9.395,-0.03,0.005,0.016,-17.992,-2.619,1320.037,54.306145,-5.583595,331115.59
1386254.0,26.42,101564.8,110.04,0.472,-2.959,9.392,-0.029,0.004,0.016,-18.067,-2.597,1320.261,54.306145,-5.583595,331115.59
1386503.0,26.42,101564.64,110.06,0.474,-2.976,9.397,-0.028,0.004,0.017,-18.015,-2.607,1320.492,54.306145,-5.583595,331115.59
1386756.0,26.42,101564.64,110.06,0.464,-2.976,9.404,-0.029,0.005,0.017,-18.006,-2.592,1320.723,54.306145,-5.583595,331115.59
1387005.0,26.42,101564.8,110.04,0.457,-2.95,9.392,-0.028,0.005,0.016,-17.977,-2.597,1320.955,54.306145,-5.583595,331115.59
1387254.0,26.42,101564.3,110.08,0.45,-2.969,9.412,-0.029,0.005,0.016,-18.06,-2.588,1321.184,54.306145,-5.583595,331115.59
1387503.0,26.42,101564.3,110.08,0.455,-2.969,9.385,-0.028,0.005,0.017,-18.01,-2.607,1321.412,54.306145,-5.583595,331115.59
1387757.0,26.42,101564.3,110.08,0.453,-2.993,9.388,-0.029,0.004,0.016,-18.003,-2.613,1321.643,54.306145,-5.583595,331115.59
1388006.0,26.42,101564.97,110.03,0.462,-2.954,9.402,-0.028,0.005,0.017,-17.988,-2.604,1321.876,54.306145,-5.583595,331115.59
1388254.0,26.42,101564.8,110.04,0.462,-2.988,9.421,-0.029,0.005,0.017,-18.063,-2.589,1322.109,54.306145,-5.583595,331115.59
1388503.0,26.42,101564.88,110.04,0.46,-2.976,9.404,-0.029,0.005,0.015,-18.02,-2.605,1322.337,54.306145,-5.583595,331115.59
1388757.0,26.42,101565.05,110.02,0.445,-2.976,9.39,-0.029,0.004,0.017,-18.003,-2.594,1322.571,54.306145,-5.583595,331115.59
1389006.0,26.42,101563.81,110.12,0.464,-2.969,9.412,-0.029,0.005,0.015,-18.007,-2.589,1322.804,54.306145,-5.583595,331115.59
1389258.0,26.42,101563.98,110.12,0.462,-2.995,9.385,-0.028,0.006,0.015,-18.144,-2.571,1323.032,54.306145,-5.583595,331115.59
1389507.0,26.42,101564.14,110.1,0.455,-2.988,9.412,-0.028,0.004,0.016,-18.054,-2.6,1323.263,54.306145,-5.583595,331115.59
1389755.0,26.42,101563.81,110.12,0.453,-2.978,9.392,-0.028,0.004,0.016,-18.028,-2.598,1323.493,54.306145,-5.583595,331115.59
1390004.0,26.42,101563.81,110.12,0.443,-2.959,9.383,-0.029,0.005,0.016,-18.006,-2.595,1323.725,54.306145,-5.583595,331115.59
1390253.0,26.42,101563.81,110.12,0.505,-3.074,9.419,-0.029,0.006,0.017,-18.155,-2.633,1323.952,54.306145,-5.583595,331115.59
1390503.0,26.42,101564.05,110.1,0.493,-2.976,9.397,-0.03,0.005,0.016,-18.177,-2.78,1324.184,54.306145,-5.583595,331115.59
1390756.0,26.42,101563.81,110.12,0.476,-2.95,9.409,-0.029,0.005,0.016,-18.054,-2.674,1324.415,54.306145,-5.583595,331115.59
1391005.0,26.42,101564.22,110.09,0.469,-2.957,9.402,-0.03,0.005,0.016,-18.022,-2.627,1324.648,54.306145,-5.583595,331115.59
1391264.0,26.42,101565.12,110.02,0.464,-2.983,9.407,-0.029,0.005,0.016,-18.168,-2.609,1324.889,54.306145,-5.583595,331115.59
1391508.0,26.42,101565.12,110.02,0.455,-2.978,9.414,-0.029,0.005,0.016,-18.068,-2.598,1325.114,54.306145,-5.583595,331115.59
1391756.0,26.42,101565.29,110.0,0.436,-2.988,9.414,-0.029,0.005,0.016,-18.042,-2.599,1325.344,54.306145,-5.583595,331115.59
1392005.0,26.42,101565.45,109.99,0.464,-2.978,9.416,-0.029,0.005,0.016,-18.014,-2.608,1325.577,54.306145,-5.583595,331115.59
1392255.0,26.42,101565.78,109.96,0.46,-2.974,9.397,-0.029,0.005,0.016,-18.042,-2.604,1325.809,54.306145,-5.583595,331115.59
1392505.0,26.42,101565.78,109.96,0.453,-2.974,9.404,-0.028,0.005,0.017,-18.028,-2.603,1326.041,54.306145,-5.583595,331115.59
1392758.0,26.42,101565.95,109.95,0.462,-2.981,9.404,-0.028,0.004,0.017,-18.018,-2.604,1326.273,54.306145,-5.583595,331115.59
1393007.0,26.43,101566.03,109.94,0.46,-2.986,9.409,-0.028,0.004,0.016,-18.003,-2.599,1326.507,54.306145,-5.583595,331115.59
1393254.0,26.43,101565.7,109.97,0.457,-2.969,9.383,-0.029,0.005,0.016,-18.067,-2.598,1326.735,54.306145,-5.583595,331115.59
1393503.0,26.43,101565.04,110.02,0.46,-2.969,9.428,-0.029,0.005,0.016,-18.027,-2.61,1326.967,54.306145,-5.583595,331115.59
1393756.0,26.43,101564.55,110.08,0.462,-2.976,9.397,-0.029,0.005,0.016,-18.004,-2.62,1327.201,54.306145,-5.583595,331115.59
1394005.0,26.43,101564.05,110.11,0.479,-2.974,9.424,-0.028,0.005,0.015,-17.987,-2.595,1327.434,54.306145,-5.583595,331115.59
1394256.0,26.42,101563.8,110.12,0.472,-2.971,9.39,-0.028,0.005,0.016,-18.052,-2.591,1327.668,54.306145,-5.583595,331115.59
1394505.0,26.42,101563.64,110.14,0.453,-2.974,9.404,-0.029,0.005,0.016,-18.014,-2.602,1327.899,54.306145,-5.583595,331115.59
1394758.0,26.43,101564.38,110.08,0.474,-2.993,9.414,-0.029,0.005,0.016,-18.003,-2.608,1328.135,54.306145,-5.583595,331115.59
1395007.0,26.43,101564.22,110.09,0.457,-2.964,9.383,-0.029,0.005,0.017,-17.991,-2.601,1328.369,54.306145,-5.583595,331115.59
1395255.0,26.42,101563.64,110.15,0.457,-2.978,9.412,-0.03,0.005,0.015,-18.064,-2.585,1328.599,54.306145,-5.583595,331115.59
1395504.0,26.42,101562.98,110.19,0.455,-2.966,9.407,-0.029,0.004,0.017,-18.029,-2.599,1328.833,54.306145,-5.583595,331115.59
1395757.0,26.42,101561.99,110.28,0.476,-2.966,9.409,-0.029,0.005,0.016,-17.991,-2.594,1329.064,54.306145,-5.583595,331115.59
1396006.0,26.42,101561.66,110.3,0.467,-2.981,9.392,-0.029,0.005,0.016,-17.991,-2.608,1329.295,54.306145,-5.583595,331115.59
1396258.0,26.43,101562.41,110.24,0.481,-2.966,9.404,-0.028,0.005,0.017,-18.25,-2.734,1329.531,54.306145,-5.583595,331115.59
1396507.0,26.43,101562.89,110.2,0.45,-2.957,9.404,-0.029,0.005,0.016,-18.124,-2.678,1329.766,54.306145,-5.583595,331115.59
1396755.0,26.43,101563.77,110.11,0.464,-2.971,9.416,-0.028,0.005,0.017,-18.071,-2.648,1329.996,54.306145,-5.583593,331115.66
1397004.0,26.43,101564.1,110.1,0.448,-2.964,9.409,-0.028,0.005,0.016,-18.016,-2.622,1330.231,54.306145,-5.583593,331115.66
1397276.0,26.43,101565.09,110.02,0.46,-2.957,9.4,-0.028,0.004,0.016,-18.14,-2.579,1330.485,54.306145,-5.583593,331115.66
1397503.0,26.43,101565.5,109.98,0.462,-2.962,9.4,-0.029,0.005,0.017,-18.065,-2.605,1330.697,54.306145,-5.583593,331115.66
1397756.0,26.43,101565.25,110.0,0.45,-2.962,9.409,-0.029,0.005,0.017,-18.003,-2.608,1330.93,54.306145,-5.583593,331115.66
1398005.0,26.43,101564.59,110.06,0.455,-2.957,9.395,-0.029,0.005,0.016,-17.993,-2.607,1331.162,54.306145,-5.583593,331115.66
1398254.0,26.43,101563.61,110.16,0.472,-2.976,9.4,-0.028,0.005,0.016,-18.081,-2.6,1331.394,54.306145,-5.583593,331115.66
1398503.0,26.43,101562.45,110.24,0.469,-2.99,9.395,-0.029,0.004,0.016,-18.029,-2.595,1331.625,54.306145,-5.583593,331115.66
1398756.0,26.43,101561.95,110.28,0.445,-2.95,9.419,-0.029,0.005,0.016,-18.011,-2.605,1331.856,54.306145,-5.583593,331115.66
1399005.0,26.43,101562.03,110.27,0.464,-2.974,9.404,-0.029,0.005,0.017,-18.005,-2.603,1332.092,54.306145,-5.583593,331115.66
1399277.0,26.43,101561.54,110.31,0.438,-2.974,9.392,-0.029,0.005,0.016,-18.143,-2.578,1332.343,54.306145,-5.583593,331115.66
1399504.0,26.43,101561.88,110.28,0.469,-2.964,9.414,-0.029,0.005,0.017,-18.048,-2.608,1332.551,54.306145,-5.583593,331115.66
1399757.0,26.43,101561.78,110.29,0.472,-2.959,9.388,-0.029,0.005,0.016,-18.002,-2.597,1332.784,54.306145,-5.583593,331115.66
1400006.0,26.43,101561.54,110.31,0.469,-2.995,9.4,-0.029,0.005,0.016,-17.997,-2.592,1333.016,54.306145,-5.583593,331115.66
1400255.0,26.43,101561.38,110.33,0.479,-2.969,9.392,-0.028,0.005,0.016,-18.051,-2.61,1333.245,54.306145,-5.583593,331115.66
1400505.0,26.43,101561.12,110.35,0.469,-2.976,9.409,-0.029,0.005,0.016,-18.01,-2.608,1333.477,54.306145,-5.583593,331115.66
1400758.0,26.43,101561.3,110.33,0.46,-2.988,9.395,-0.029,0.004,0.017,-17.998,-2.605,1333.709,54.306145,-5.583595,331115.59
1401007.0,26.43,101562.11,110.27,0.455,-2.971,9.39,-0.028,0.005,0.017,-17.991,-2.59,1333.943,54.306145,-5.583595,331115.59
1401254.0,26.43,101563.11,110.18,0.476,-2.966,9.39,-0.03,0.005,0.017,-18.054,-2.593,1334.172,54.306145,-5.583595,331115.59
1401503.0,26.43,101563.92,110.12,0.457,-2.978,9.376,-0.029,0.005,0.016,-18.022,-2.585,1334.402,54.306145,-5.583595,331115.59
1401756.0,26.43,101563.92,110.12,0.467,-2.981,9.428,-0.028,0.004,0.017,-18.014,-2.619,1334.634,54.306145,-5.583593,331115.66
1402005.0,26.43,101564.26,110.09,0.486,-2.974,9.385,-0.027,0.005,0.016,-18.101,-2.73,1334.866,54.306145,-5.583593,331115.66
1402254.0,26.43,101564.75,110.05,0.443,-2.974,9.39,-0.029,0.005,0.016,-18.184,-2.72,1335.097,54.306145,-5.583593,331115.66
1402503.0,26.43,101564.92,110.03,0.46,-2.969,9.392,-0.029,0.005,0.016,-18.084,-2.653,1335.325,54.306145,-5.583593,331115.66
1402757.0,26.43,101565.0,110.03,0.467,-2.978,9.407,-0.028,0.004,0.016,-18.027,-2.637,1335.558,54.306145,-5.583593,331115.66
1403006.0,26.43,101564.84,110.04,0.474,-2.966,9.404,-0.028,0.005,0.016,-18.0,-2.633,1335.79,54.306145,-5.583593,331115.66
1403257.0,26.43,101564.17,110.09,0.453,-2.959,9.412,-0.029,0.004,0.016,-18.042,-2.61,1336.021,54.306145,-5.583593,331115.66
1403506.0,26.43,101564.02,110.11,0.453,-2.974,9.407,-0.029,0.004,0.016,-18.017,-2.612,1336.252,54.306145,-5.583593,331115.66
1403759.0,26.43,101563.69,110.13,0.464,-2.964,9.4,-0.029,0.006,0.016,-18.02,-2.607,1336.483,54.306145,-5.583593,331115.66
1404003.0,26.43,101563.85,110.12,0.448,-2.962,9.412,-0.029,0.004,0.016,-18.018,-2.6,1336.708,54.306145,-5.583593,331115.66
1404257.0,26.43,101563.36,110.16,0.479,-2.976,9.404,-0.028,0.005,0.016,-18.079,-2.603,1336.944,54.306145,-5.583593,331115.66
1404507.0,26.43,101563.11,110.18,0.472,-2.976,9.412,-0.029,0.005,0.016,-18.024,-2.603,1337.176,54.306145,-5.583593,331115.66
1404760.0,26.43,101563.69,110.13,0.45,-2.971,9.388,-0.029,0.005,0.016,-18.0,-2.609,1337.41,54.306145,-5.583593,331115.66
1405003.0,26.43,101564.02,110.11,0.46,-2.959,9.409,-0.029,0.005,0.016,-17.973,-2.617,1337.638,54.306145,-5.583593,331115.66
1405291.0,26.43,101563.85,110.12,0.464,-2.978,9.407,-0.028,0.004,0.017,-18.126,-2.591,1337.909,54.306145,-5.583593,331115.66
1405506.0,26.43,101564.34,110.08,0.46,-2.981,9.426,-0.029,0.004,0.016,-18.064,-2.595,1338.109,54.306145,-5.583593,331115.66
1405759.0,26.43,101564.17,110.09,0.464,-2.974,9.412,-0.028,0.005,0.016,-18.021,-2.601,1338.344,54.306145,-5.583593,331115.66
1406003.0,26.43,101565.09,110.02,0.462,-2.957,9.366,-0.028,0.005,0.018,-17.996,-2.604,1338.573,54.306145,-5.583593,331115.66
1406256.0,26.43,101565.75,109.96,0.448,-2.959,9.397,-0.028,0.005,0.016,-18.07,-2.572,1338.805,54.306145,-5.583593,331115.66
1406505.0,26.43,101565.58,109.98,0.479,-2.976,9.397,-0.028,0.004,0.016,-18.023,-2.603,1339.036,54.306145,-5.583593,331115.66
1406759.0,26.43,101566.12,109.93,0.46,-2.983,9.395,-0.029,0.005,0.017,-18.017,-2.615,1339.272,54.306145,-5.583593,331115.66
1407008.0,26.43,101565.91,109.95,0.474,-2.971,9.39,-0.029,0.005,0.017,-18.009,-2.615,1339.507,54.306145,-5.583593,331115.66
1407258.0,26.43,101565.09,110.02,0.464,-2.969,9.385,-0.028,0.005,0.016,-18.089,-2.591,1339.737,54.306145,-5.583593,331115.66
1407507.0,26.43,101564.59,110.06,0.472,-2.981,9.397,-0.028,0.005,0.016,-18.019,-2.595,1339.972,54.306145,-5.583593,331115.66
1407754.0,26.43,101564.09,110.1,0.546,-3.077,9.404,-0.028,0.005,0.016,-18.151,-2.691,1340.2,54.306145,-5.583593,331115.66
1408004.0,26.43,101564.42,110.07,0.453,-2.976,9.407,-0.028,0.004,0.017,-18.122,-2.715,1340.433,54.306145,-5.583593,331115.66
1408295.0,26.43,101565.0,110.03,0.464,-2.964,9.397,-0.029,0.004,0.017,-18.218,-2.644,1340.706,54.306145,-5.583593,331115.66
1408505.0,26.43,101565.5,109.98,0.448,-2.978,9.424,-0.028,0.005,0.016,-18.093,-2.635,1340.9,54.306145,-5.583593,331115.66
1408758.0,26.43,101565.34,110.0,0.46,-2.974,9.397,-0.029,0.005,0.017,-18.032,-2.614,1341.135,54.306145,-5.583593,331115.66
1409007.0,26.43,101565.83,109.96,0.45,-2.962,9.397,-0.028,0.004,0.016,-18.014,-2.609,1341.366,54.306145,-5.583593,331115.66
1409253.0,26.43,101566.32,109.92,0.453,-2.986,9.404,-0.029,0.004,0.016,-18.064,-2.592,1341.593,54.306145,-5.583593,331115.66
1409508.0,26.43,101566.81,109.88,0.457,-2.976,9.414,-0.029,0.005,0.016,-18.013,-2.593,1341.83,54.306145,-5.583593,331115.66
1409756.0,26.43,101566.9,109.87,0.45,-2.969,9.371,-0.029,0.005,0.017,-18.0,-2.6,1342.061,54.306145,-5.583593,331115.66
1410005.0,26.43,101566.16,109.93,0.45,-2.959,9.412,-0.029,0.004,0.016,-17.989,-2.597,1342.297,54.306145,-5.583593,331115.66
1410254.0,26.43,101565.5,109.98,0.457,-2.978,9.385,-0.029,0.005,0.016,-18.054,-2.599,1342.529,54.306145,-5.583593,331115.66
1410503.0,26.43,101565.5,109.98,0.453,-2.983,9.402,-0.03,0.004,0.016,-17.999,-2.603,1342.758,54.306145,-5.583593,331115.66
1410756.0,26.43,101565.66,109.97,0.46,-2.974,9.426,-0.029,0.004,0.017,-17.995,-2.612,1342.991,54.306145,-5.583593,331115.66
1411005.0,26.43,101564.92,110.03,0.484,-2.959,9.39,-0.029,0.005,0.016,-17.997,-2.602,1343.222,54.306145,-5.583593,331115.66
1411256.0,26.43,101564.27,110.09,0.462,-2.952,9.421,-0.027,0.005,0.016,-18.073,-2.594,1343.453,54.306145,-5.583593,331115.66
1411506.0,26.43,101564.43,110.07,0.464,-2.952,9.416,-0.027,0.004,0.017,-18.013,-2.611,1343.686,54.306145,-5.583593,331115.66
1411759.0,26.43,101563.94,110.11,0.45,-2.986,9.416,-0.028,0.005,0.017,-17.992,-2.596,1343.923,54.306145,-5.583593,331115.66
1412008.0,26.43,101564.1,110.1,0.448,-2.947,9.392,-0.027,0.005,0.015,-17.984,-2.613,1344.156,54.306145,-5.583593,331115.66
1412263.0,26.43,101563.85,110.12,0.464,-2.978,9.409,-0.028,0.005,0.016,-18.049,-2.597,1344.391,54.306145,-5.583593,331115.66
1412507.0,26.43,101563.85,110.12,0.462,-2.95,9.388,-0.028,0.004,0.015,-18.005,-2.6,1344.619,54.306145,-5.583593,331115.66
1412755.0,26.43,101563.19,110.18,0.476,-2.964,9.38,-0.028,0.005,0.017,-17.981,-2.622,1344.845,54.306145,-5.583593,331115.66
1413004.0,26.43,101563.19,110.18,0.441,-2.969,9.39,-0.029,0.005,0.016,-17.978,-2.612,1345.078,54.306145,-5.583593,331115.66
1413301.0,26.43,101563.36,110.16,0.462,-2.971,9.416,-0.028,0.004,0.016,-18.116,-2.592,1345.351,54.306145,-5.583593,331115.66
1413505.0,26.43,101563.52,110.15,0.527,-3.062,9.39,-0.028,0.004,0.016,-18.129,-2.663,1345.544,54.306145,-5.583593,331115.66
1413759.0,26.43,101562.86,110.2,0.481,-2.974,9.409,-0.028,0.005,0.017,-18.212,-2.743,1345.779,54.306145,-5.583593,331115.66
1414008.0,26.43,101563.6,110.14,0.46,-2.971,9.383,-0.027,0.004,0.017,-18.083,-2.648,1346.015,54.306145,-5.583593,331115.66
1414271.0,26.43,101564.42,110.07,0.464,-2.981,9.4,-0.029,0.005,0.015,-18.119,-2.63,1346.258,54.306145,-5.583593,331115.66
1414504.0,26.43,101564.92,110.03,0.46,-2.983,9.392,-0.029,0.004,0.016,-18.049,-2.609,1346.474,54.306145,-5.583593,331115.66
1414757.0,26.43,101565.0,110.03,0.474,-2.978,9.392,-0.029,0.004,0.016,-18.036,-2.613,1346.706,54.306145,-5.583593,331115.66
1415006.0,26.43,101565.17,110.01,0.46,-2.964,9.395,-0.029,0.005,0.016,-18.01,-2.614,1346.939,54.306145,-5.583593,331115.66
1415277.0,26.43,101564.67,110.05,0.464,-2.966,9.395,-0.029,0.005,0.016,-18.076,-2.602,1347.189,54.306145,-5.583593,331115.66
1415503.0,26.43,101564.84,110.04,0.476,-2.986,9.395,-0.028,0.005,0.015,-18.015,-2.604,1347.395,54.306145,-5.583593,331115.66
1415757.0,26.43,101563.77,110.13,0.457,-2.966,9.392,-0.029,0.005,0.016,-17.997,-2.613,1347.628,54.306145,-5.583593,331115.66
1416006.0,26.43,101564.43,110.07,0.467,-2.957,9.385,-0.028,0.005,0.016,-17.978,-2.605,1347.863,54.306145,-5.583593,331115.66
1416319.0,26.43,101564.51,110.07,0.467,-2.971,9.424,-0.028,0.005,0.016,-18.136,-2.566,1348.149,54.306145,-5.583593,331115.66
1416506.0,26.43,101565.09,110.02,0.46,-2.976,9.397,-0.029,0.005,0.016,-18.057,-2.583,1348.322,54.306145,-5.583593,331115.66
1416759.0,26.43,101565.09,110.02,0.469,-2.974,9.412,-0.028,0.005,0.016,-18.024,-2.599,1348.555,54.306145,-5.583593,331115.66
1417008.0,26.43,101565.62,109.97,0.469,-2.971,9.4,-0.028,0.004,0.016,-17.996,-2.599,1348.785,54.306145,-5.583593,331115.66
1417270.0,26.43,101566.41,109.91,0.457,-2.974,9.383,-0.028,0.005,0.017,-18.044,-2.6,1349.031,54.306145,-5.583593,331115.66
1417503.0,26.43,101567.06,109.85,0.46,-2.966,9.378,-0.03,0.005,0.016,-18.019,-2.614,1349.249,54.306145,-5.583593,331115.66
1417756.0,26.43,101567.39,109.83,0.481,-2.978,9.397,-0.028,0.005,0.016,-18.001,-2.617,1349.482,54.306145,-5.583593,331115.66
1418005.0,26.43,101567.39,109.83,0.457,-2.969,9.39,-0.029,0.005,0.016,-17.979,-2.613,1349.714,54.306145,-5.583593,331115.66
1418275.0,26.43,101566.41,109.91,0.469,-2.964,9.409,-0.029,0.004,0.016,-18.047,-2.596,1349.963,54.306145,-5.583593,331115.66
1418507.0,26.43,101565.95,109.95,0.46,-2.976,9.392,-0.029,0.004,0.016,-18.029,-2.594,1350.179,54.306145,-5.583593,331115.66
1418755.0,26.43,101565.13,110.02,0.472,-2.957,9.4,-0.029,0.005,0.017,-17.999,-2.583,1350.407,54.306145,-5.583593,331115.66
1419004.0,26.44,101565.05,110.02,0.462,-2.976,9.397,-0.028,0.006,0.016,-18.006,-2.601,1350.641,54.306145,-5.583593,331115.66
1419285.0,26.43,101564.47,110.07,0.481,-2.981,9.402,-0.029,0.005,0.015,-18.089,-2.598,1350.9,54.306145,-5.583593,331115.66
1419506.0,26.43,101564.42,110.07,0.469,-2.978,9.412,-0.029,0.005,0.016,-18.177,-2.746,1351.106,54.306145,-5.583593,331115.66
1419759.0,26.43,101564.84,110.04,0.467,-2.945,9.376,-0.029,0.005,0.017,-18.059,-2.655,1351.338,54.306145,-5.583593,331115.66
1420008.0,26.43,101565.5,109.98,0.469,-2.959,9.409,-0.028,0.004,0.016,-18.029,-2.638,1351.573,54.306145,-5.583593,331115.66
1420289.0,26.43,101565.59,109.98,0.462,-2.969,9.409,-0.029,0.006,0.017,-18.08,-2.625,1351.836,54.306145,-5.583593,331115.66
1420505.0,26.43,101566.25,109.92,0.45,-2.971,9.402,-0.029,0.004,0.017,-18.022,-2.605,1352.037,54.306145,-5.583593,331115.66
1420758.0,26.43,101566.73,109.88,0.453,-2.986,9.383,-0.028,0.005,0.015,-18.012,-2.615,1352.269,54.306145,-5.583593,331115.66
1421007.0,26.43,101566.41,109.91,0.476,-2.986,9.407,-0.027,0.004,0.017,-17.991,-2.612,1352.502,54.306145,-5.583593,331115.66
1421334.0,26.43,101565.38,109.99,0.457,-2.966,9.385,-0.028,0.005,0.016,-18.141,-2.581,1352.804,54.306145,-5.583593,331115.66
1421505.0,26.43,101564.55,110.06,0.46,-2.959,9.383,-0.028,0.005,0.017,-18.066,-2.601,1352.962,54.306145,-5.583593,331115.66
1421758.0,26.43,101563.89,110.12,0.462,-2.971,9.404,-0.029,0.004,0.016,-18.028,-2.6,1353.194,54.306145,-5.583593,331115.66
1422007.0,26.42,101563.48,110.15,0.455,-2.94,9.407,-0.029,0.005,0.017,-17.993,-2.599,1353.424,54.306145,-5.583593,331115.66
1422301.0,26.43,101563.89,110.12,0.467,-2.966,9.404,-0.028,0.004,0.016,-18.078,-2.595,1353.695,54.306145,-5.583593,331115.66
1422505.0,26.43,101563.72,110.13,0.464,-2.981,9.39,-0.029,0.004,0.016,-18.043,-2.622,1353.882,54.306145,-5.583593,331115.66
1422758.0,26.43,101564.38,110.08,0.453,-2.954,9.404,-0.029,0.005,0.016,-18.009,-2.609,1354.112,54.306145,-5.583593,331115.66
1423007.0,26.43,101564.55,110.06,0.472,-2.954,9.392,-0.029,0.005,0.016,-17.986,-2.607,1354.344,54.306145,-5.583593,331115.66
1423301.0,26.43,101564.88,110.04,0.464,-2.971,9.397,-0.029,0.005,0.016,-18.076,-2.58,1354.618,54.306145,-5.583593,331115.66
1423506.0,26.43,101565.38,109.99,0.467,-2.983,9.395,-0.029,0.005,0.016,-18.03,-2.594,1354.81,54.306145,-5.583593,331115.66
1423759.0,26.43,101566.41,109.91,0.445,-2.962,9.395,-0.029,0.003,0.017,-18.01,-2.585,1355.042,54.306145,-5.583593,331115.66
1424008.0,26.43,101566.57,109.9,0.438,-2.959,9.414,-0.029,0.005,0.016,-17.987,-2.61,1355.271,54.306145,-5.583593,331115.66
1424337.0,26.43,101565.25,110.0,0.464,-2.971,9.39,-0.029,0.004,0.016,-18.134,-2.601,1355.573,54.306145,-5.583593,331115.66
1424507.0,26.42,101564.3,110.08,0.457,-2.966,9.385,-0.029,0.005,0.017,-18.085,-2.602,1355.731,54.306145,-5.583593,331115.66
1424755.0,26.42,101563.73,110.13,0.476,-2.981,9.409,-0.03,0.004,0.015,-18.036,-2.62,1355.958,54.306145,-5.583593,331115.66
1425004.0,26.42,101563.16,110.18,0.448,-2.966,9.397,-0.03,0.004,0.015,-18.005,-2.611,1356.194,54.306145,-5.583593,331115.66
1425286.0,26.42,101563.48,110.15,0.546,-3.151,9.383,-0.029,0.004,0.016,-18.308,-2.78,1356.457,54.306145,-5.583593,331115.66
1425508.0,26.42,101564.3,110.08,0.462,-2.964,9.404,-0.028,0.005,0.016,-18.14,-2.697,1356.664,54.306145,-5.583593,331115.66
1425755.0,26.42,101564.14,110.1,0.46,-2.957,9.388,-0.028,0.005,0.016,-18.041,-2.637,1356.892,54.306145,-5.583593,331115.66
1426004.0,26.42,101564.39,110.08,0.472,-2.966,9.414,-0.029,0.005,0.017,-17.996,-2.611,1357.126,54.306145,-5.583593,331115.66
1426290.0,26.42,101563.32,110.17,0.476,-2.971,9.378,-0.028,0.004,0.016,-18.034,-2.593,1357.392,54.306145,-5.583593,331115.66
1426506.0,26.42,101563.32,110.17,0.443,-2.947,9.416,-0.028,0.004,0.016,-18.005,-2.582,1357.591,54.306145,-5.583593,331115.66
1426759.0,26.42,101563.98,110.11,0.455,-2.978,9.407,-0.029,0.005,0.016,-17.981,-2.579,1357.826,54.306145,-5.583593,331115.66
1427008.0,26.42,101564.14,110.1,0.457,-2.971,9.402,-0.029,0.005,0.015,-17.956,-2.588,1358.056,54.306145,-5.583593,331115.66
1427297.0,26.42,101563.98,110.11,0.467,-2.971,9.392,-0.028,0.005,0.016,-18.039,-2.585,1358.325,54.306145,-5.583593,331115.66
1427507.0,26.42,101564.42,110.07,0.472,-2.964,9.397,-0.029,0.004,0.017,-18.007,-2.601,1358.518,54.306145,-5.583593,331115.66
1427755.0,26.42,101564.59,110.06,0.486,-2.983,9.385,-0.029,0.005,0.016,-17.996,-2.602,1358.748,54.306145,-5.583593,331115.66
1428004.0,26.42,101565.3,110.0,0.476,-2.976,9.397,-0.029,0.004,0.016,-17.98,-2.609,1358.981,54.306145,-5.583593,331115.66
1428300.0,26.42,101564.92,110.03,0.467,-2.969,9.407,-0.028,0.004,0.015,-18.05,-2.593,1359.256,54.306145,-5.583593,331115.66
1428504.0,26.42,101565.25,110.0,0.46,-2.952,9.395,-0.028,0.005,0.017,-18.017,-2.601,1359.444,54.306145,-5.583593,331115.66
1428758.0,26.42,101564.75,110.05,0.472,-2.969,9.428,-0.029,0.005,0.015,-17.993,-2.622,1359.674,54.306145,-5.583593,331115.66
1429007.0,26.42,101564.75,110.05,0.46,-2.966,9.404,-0.029,0.005,0.017,-17.968,-2.612,1359.907,54.306145,-5.583593,331115.66
1429342.0,26.42,101566.2,109.93,0.476,-2.971,9.388,-0.029,0.005,0.017,-18.124,-2.58,1360.222,54.306145,-5.583593,331115.66
1429506.0,26.42,101566.2,109.93,0.472,-2.974,9.433,-0.029,0.005,0.015,-18.049,-2.576,1360.375,54.306145,-5.583593,331115.66
1429760.0,26.42,101566.45,109.91,0.46,-2.976,9.402,-0.029,0.005,0.015,-18.012,-2.583,1360.608,54.306145,-5.583593,331115.66
1430003.0,26.42,101565.62,109.97,0.455,-2.974,9.369,-0.028,0.005,0.016,-18.005,-2.581,1360.833,54.306145,-5.583593,331115.66
1430309.0,26.42,101565.62,109.97,0.462,-2.95,9.388,-0.029,0.004,0.016,-18.06,-2.573,1361.118,54.306145,-5.583593,331115.66
1430508.0,26.42,101565.45,109.99,0.46,-2.952,9.414,-0.028,0.005,0.016,-18.008,-2.565,1361.299,54.306145,-5.583593,331115.66
1430756.0,26.42,101564.39,110.08,0.481,-2.966,9.397,-0.029,0.005,0.016,-18.012,-2.583,1361.526,54.306145,-5.583593,331115.66
1431005.0,26.42,101563.81,110.12,0.476,-2.986,9.407,-0.028,0.005,0.016,-18.077,-2.709,1361.76,54.306145,-5.583593,331115.66
1431254.0,26.42,101563.48,110.15,0.469,-2.976,9.414,-0.028,0.004,0.016,-18.084,-2.711,1361.987,54.306145,-5.583593,331115.66
1431508.0,26.42,101563.98,110.11,0.45,-2.978,9.412,-0.029,0.004,0.017,-18.082,-2.642,1362.224,54.306145,-5.583593,331115.66
1431755.0,26.42,101563.32,110.17,0.472,-2.976,9.39,-0.029,0.004,0.015,-18.038,-2.626,1362.453,54.306145,-5.583593,331115.66
1432004.0,26.42,101563.07,110.19,0.469,-2.957,9.383,-0.029,0.004,0.017,-18.013,-2.616,1362.684,54.306145,-5.583593,331115.66
1432254.0,26.42,101562.33,110.25,0.476,-2.971,9.397,-0.029,0.005,0.016,-18.008,-2.61,1362.915,54.306145,-5.583593,331115.66
1432503.0,26.42,101561.33,110.33,0.474,-2.978,9.388,-0.029,0.005,0.015,-18.04,-2.616,1363.148,54.306145,-5.583593,331115.66
1432757.0,26.42,101560.84,110.37,0.462,-2.978,9.39,-0.029,0.005,0.016,-17.997,-2.607,1363.382,54.306145,-5.583593,331115.66
1433006.0,26.43,101561.74,110.3,0.467,-2.971,9.407,-0.029,0.005,0.016,-17.99,-2.608,1363.614,54.306145,-5.583593,331115.66
1433255.0,26.43,101561.58,110.31,0.448,-2.974,9.404,-0.03,0.005,0.016,-17.974,-2.599,1363.845,54.306145,-5.583593,331115.66
1433508.0,26.43,101562.45,110.24,0.453,-2.978,9.392,-0.029,0.005,0.017,-18.077,-2.588,1364.079,54.306145,-5.583593,331115.66
1433756.0,26.43,101563.52,110.15,0.464,-2.986,9.404,-0.029,0.005,0.017,-18.021,-2.59,1364.31,54.306145,-5.583593,331115.66
1434005.0,26.43,101563.19,110.18,0.46,-2.954,9.404,-0.027,0.005,0.016,-17.994,-2.605,1364.545,54.306145,-5.583593,331115.66
1434254.0,26.43,101563.77,110.13,0.46,-2.976,9.419,-0.029,0.005,0.016,-17.993,-2.601,1364.777,54.306145,-5.583593,331115.66
1434506.0,26.43,101564.75,110.05,0.453,-2.954,9.402,-0.029,0.005,0.016,-18.02,-2.588,1365.011,54.306145,-5.583593,331115.66
1434759.0,26.43,101565.25,110.0,0.443,-2.964,9.39,-0.029,0.005,0.016,-17.999,-2.622,1365.246,54.306145,-5.583593,331115.66
1435003.0,26.43,101565.41,109.99,0.448,-2.952,9.409,-0.029,0.005,0.017,-17.981,-2.622,1365.474,54.306145,-5.583593,331115.66
1435258.0,26.43,101565.09,110.02,0.467,-2.959,9.419,-0.029,0.005,0.016,-17.985,-2.61,1365.71,54.306145,-5.583593,331115.66
1435506.0,26.43,101564.51,110.07,0.476,-2.971,9.39,-0.027,0.005,0.016,-18.002,-2.596,1365.938,54.306145,-5.583593,331115.66
1435760.0,26.43,101564.67,110.05,0.46,-2.942,9.416,-0.029,0.005,0.017,-17.979,-2.606,1366.17,54.306149,-5.583593,331116.0
1436003.0,26.43,101564.92,110.03,0.474,-2.964,9.412,-0.029,0.005,0.017,-17.963,-2.621,1366.401,54.306149,-5.583593,331116.0
1436258.0,26.43,101564.88,110.04,0.46,-2.978,9.383,-0.027,0.005,0.015,-17.961,-2.609,1366.637,54.306149,-5.583593,331116.0
1436504.0,26.42,101563.64,110.14,0.476,-2.964,9.404,-0.03,0.005,0.016,-18.006,-2.596,1366.867,54.306149,-5.583593,331116.0
1436757.0,26.42,101563.48,110.15,0.536,-3.1,9.383,-0.029,0.005,0.017,-18.142,-2.708,1367.1,54.306149,-5.583593,331116.0
1437006.0,26.43,101564.38,110.08,0.448,-2.971,9.392,-0.029,0.005,0.015,-18.113,-2.718,1367.329,54.306149,-5.583593,331116.0
1437256.0,26.43,101564.38,110.08,0.445,-2.978,9.409,-0.029,0.005,0.017,-18.036,-2.663,1367.557,54.306149,-5.583593,331116.0
1437507.0,26.43,101564.38,110.08,0.479,-2.976,9.4,-0.029,0.006,0.017,-18.079,-2.624,1367.793,54.306149,-5.583593,331116.0
1437755.0,26.42,101564.47,110.07,0.457,-2.969,9.421,-0.029,0.004,0.016,-18.019,-2.606,1368.019,54.306149,-5.583593,331116.0
1438004.0,26.42,101564.47,110.07,0.474,-2.959,9.392,-0.028,0.005,0.017,-17.996,-2.615,1368.253,54.306149,-5.583593,331116.0
1438253.0,26.42,101565.45,109.99,0.464,-2.974,9.402,-0.03,0.005,0.017,-17.985,-2.607,1368.484,54.306149,-5.583593,331116.0
1438504.0,26.42,101566.28,109.92,0.457,-2.954,9.38,-0.028,0.005,0.016,-18.038,-2.591,1368.714,54.306149,-5.583593,331116.0
1438757.0,26.43,101567.19,109.84,0.462,-2.947,9.4,-0.028,0.005,0.016,-18.007,-2.599,1368.949,54.306149,-5.583591,331116.06
1439006.0,26.43,101567.23,109.84,0.457,-2.957,9.39,-0.029,0.004,0.017,-18.001,-2.595,1369.181,54.306149,-5.583591,331116.06
1439255.0,26.43,101567.06,109.85,0.469,-2.974,9.39,-0.028,0.004,0.017,-17.983,-2.61,1369.415,54.306149,-5.583591,331116.06
1439503.0,26.43,101567.15,109.85,0.455,-2.969,9.404,-0.028,0.005,0.016,-18.039,-2.599,1369.641,54.306149,-5.583591,331116.06
1439757.0,26.43,101567.31,109.83,0.448,-2.964,9.404,-0.028,0.005,0.016,-18.0,-2.602,1369.875,54.306149,-5.583591,331116.06
1440006.0,26.43,101567.06,109.85,0.45,-2.976,9.421,-0.029,0.005,0.016,-17.989,-2.598,1370.106,54.306149,-5.583591,331116.06
1440255.0,26.43,101565.7,109.97,0.455,-2.969,9.409,-0.03,0.005,0.016,-17.99,-2.611,1370.336,54.306149,-5.583591,331116.06
1440505.0,26.42,101564.8,110.04,0.46,-2.959,9.412,-0.029,0.003,0.017,-18.038,-2.591,1370.564,54.306149,-5.583591,331116.06
1440758.0,26.42,101565.12,110.02,0.474,-2.969,9.402,-0.029,0.004,0.017,-17.997,-2.603,1370.797,54.306149,-5.583591,331116.06
1441007.0,26.42,101564.72,110.05,0.46,-2.962,9.39,-0.029,0.005,0.017,-18.007,-2.602,1371.032,54.306149,-5.583591,331116.06
1441256.0,26.42,101564.88,110.04,0.469,-2.974,9.397,-0.029,0.005,0.016,-17.991,-2.598,1371.263,54.306149,-5.583591,331116.06
1441503.0,26.42,101565.88,109.95,0.457,-2.983,9.395,-0.03,0.005,0.016,-18.083,-2.592,1371.495,54.306149,-5.583591,331116.06
1441757.0,26.42,101565.38,109.99,0.462,-2.966,9.407,-0.029,0.004,0.016,-18.023,-2.604,1371.729,54.306149,-5.583591,331116.06
1442006.0,26.42,101564.72,110.05,0.45,-2.969,9.388,-0.029,0.004,0.016,-17.994,-2.601,1371.962,54.306149,-5.583591,331116.06
1442255.0,26.42,101564.72,110.05,0.469,-2.962,9.4,-0.028,0.004,0.016,-17.973,-2.601,1372.192,54.306149,-5.583591,331116.06
1442505.0,26.42,101564.72,110.05,0.548,-3.043,9.392,-0.029,0.004,0.016,-18.083,-2.662,1372.422,54.306149,-5.583591,331116.06
1442758.0,26.42,101564.47,110.07,0.464,-2.952,9.414,-0.028,0.004,0.016,-18.191,-2.763,1372.655,54.306149,-5.583591,331116.06
1443007.0,26.42,101565.25,110.0,0.46,-2.981,9.397,-0.029,0.005,0.018,-18.058,-2.681,1372.89,54.306149,-5.583591,331116.06
1443257.0,26.42,101565.91,109.95,0.474,-2.952,9.404,-0.029,0.005,0.015,-18.012,-2.642,1373.12,54.306149,-5.583591,331116.06
1443507.0,26.42,101565.91,109.95,0.457,-2.969,9.39,-0.029,0.005,0.016,-18.038,-2.612,1373.348,54.306149,-5.583591,331116.06
1443754.0,26.42,101565.58,109.98,0.457,-2.971,9.407,-0.029,0.005,0.017,-18.023,-2.609,1373.577,54.306149,-5.583591,331116.06
1444003.0,26.42,101565.09,110.02,0.455,-2.964,9.409,-0.029,0.005,0.016,-17.988,-2.605,1373.807,54.306149,-5.583591,331116.06
1444258.0,26.42,101564.75,110.05,0.474,-2.969,9.409,-0.029,0.005,0.015,-17.974,-2.597,1374.041,54.306149,-5.583591,331116.06
1444508.0,26.42,101564.64,110.06,0.448,-2.966,9.378,-0.029,0.004,0.016,-18.001,-2.583,1374.272,54.306149,-5.583591,331116.06
1444756.0,26.42,101564.47,110.07,0.472,-2.964,9.412,-0.028,0.005,0.016,-17.995,-2.595,1374.499,54.306149,-5.583591,331116.06
1445005.0,26.42,101564.8,110.04,0.46,-2.971,9.397,-0.029,0.005,0.017,-17.982,-2.587,1374.733,54.306149,-5.583591,331116.06
1445254.0,26.42,101565.8,109.96,0.467,-2.974,9.409,-0.028,0.005,0.015,-17.977,-2.57,1374.963,54.306149,-5.583591,331116.06
1445503.0,26.42,101566.45,109.91,0.453,-2.971,9.395,-0.029,0.005,0.016,-18.069,-2.573,1375.195,54.306149,-5.583591,331116.06
1445756.0,26.42,101566.95,109.87,0.45,-2.931,9.385,-0.029,0.003,0.016,-18.015,-2.587,1375.428,54.306149,-5.583591,331116.06
1446005.0,26.42,101566.95,109.83,0.448,-2.966,9.39,-0.029,0.005,0.017,-17.993,-2.612,1375.659,54.306149,-5.583591,331116.06
1446255.0,26.42,101566.28,109.92,0.469,-2.952,9.412,-0.029,0.004,0.017,-17.993,-2.625,1375.892,54.306149,-5.583591,331116.06
1446504.0,26.42,101566.12,109.93,0.472,-2.959,9.388,-0.029,0.005,0.017,-18.028,-2.613,1376.128,54.306149,-5.583591,331116.06
1446757.0,26.42,101566.78,109.91,0.457,-2.964,9.392,-0.029,0.004,0.016,-18.019,-2.607,1376.361,54.306149,-5.583591,331116.06
1447006.0,26.42,101566.23,109.92,0.474,-2.995,9.409,-0.029,0.004,0.017,-17.989,-2.61,1376.593,54.306149,-5.583591,331116.06
1447256.0,26.41,101566.66,109.89,0.46,-2.962,9.395,-0.029,0.005,0.015,-17.987,-2.604,1376.828,54.306149,-5.583591,331116.06
1447507.0,26.41,101566.66,109.89,0.45,-2.959,9.376,-0.029,0.004,0.015,-18.024,-2.592,1377.057,54.306149,-5.583591,331116.06
1447755.0,26.41,101565.75,109.96,0.457,-2.954,9.397,-0.028,0.005,0.017,-17.984,-2.597,1377.286,54.306149,-5.583591,331116.06
1448004.0,26.41,101564.88,110.04,0.443,-2.969,9.388,-0.028,0.005,0.017,-17.996,-2.605,1377.521,54.306149,-5.583591,331116.06
1448253.0,26.41,101564.72,110.05,0.541,-3.089,9.395,-0.029,0.005,0.016,-18.072,-2.658,1377.753,54.306149,-5.583591,331116.06
1448508.0,26.41,101564.88,110.04,0.474,-3.0,9.407,-0.029,0.005,0.016,-18.201,-2.743,1377.994,54.306149,-5.583591,331116.06
1448756.0,26.41,101564.88,110.04,0.453,-2.983,9.409,-0.028,0.005,0.016,-18.068,-2.664,1378.223,54.306149,-5.583591,331116.06
1449005.0,26.41,101564.47,110.07,0.462,-2.974,9.402,-0.028,0.005,0.016,-18.024,-2.64,1378.456,54.306149,-5.583591,331116.06
1449254.0,26.41,101564.63,110.06,0.479,-2.969,9.402,-0.029,0.005,0.016,-17.991,-2.602,1378.686,54.306149,-5.583591,331116.06
1449507.0,26.4,101564.55,110.06,0.462,-2.947,9.412,-0.029,0.004,0.016,-18.075,-2.578,1378.921,54.306149,-5.583591,331116.06
1449755.0,26.4,101564.88,110.04,0.453,-2.969,9.39,-0.028,0.004,0.017,-18.029,-2.589,1379.15,54.306149,-5.583591,331116.06
1450004.0,26.41,101564.8,110.04,0.448,-2.981,9.44,-0.029,0.005,0.015,-18.008,-2.593,1379.38,54.306149,-5.583591,331116.06
1450253.0,26.41,101564.47,110.07,0.441,-2.954,9.424,-0.028,0.005,0.016,-17.994,-2.588,1379.609,54.306149,-5.583591,331116.06
1450504.0,26.41,101565.12,110.05,0.467,-2.974,9.407,-0.028,0.004,0.015,-18.031,-2.585,1379.84,54.306149,-5.583591,331116.06
1450757.0,26.4,101565.22,110.01,0.467,-2.957,9.419,-0.029,0.005,0.016,-18.011,-2.59,1380.073,54.306149,-5.583591,331116.06
1451006.0,26.4,101565.38,109.99,0.472,-2.95,9.39,-0.028,0.005,0.016,-17.986,-2.602,1380.307,54.306149,-5.583591,331116.06
1451256.0,26.4,101565.5,109.98,0.462,-2.962,9.455,-0.028,0.005,0.016,-17.974,-2.598,1380.539,54.306149,-5.583591,331116.06
1451503.0,26.4,101566.37,109.91,0.457,-2.976,9.392,-0.029,0.005,0.017,-18.022,-2.584,1380.769,54.306149,-5.583591,331116.06
1451757.0,26.4,101566.53,109.9,0.445,-2.978,9.371,-0.027,0.005,0.016,-17.999,-2.582,1381.006,54.306149,-5.583591,331116.06
1452006.0,26.4,101566.31,109.92,0.481,-2.954,9.39,-0.03,0.004,0.017,-17.984,-2.584,1381.239,54.306149,-5.583591,331116.06
1452255.0,26.4,101566.48,109.9,0.455,-2.978,9.404,-0.029,0.005,0.016,-17.99,-2.589,1381.473,54.306149,-5.583591,331116.06
1452505.0,26.4,101566.65,109.89,0.462,-2.962,9.383,-0.029,0.004,0.017,-18.037,-2.575,1381.704,54.306149,-5.583591,331116.06
1452758.0,26.4,101566.81,109.88,0.45,-2.962,9.419,-0.029,0.005,0.016,-17.993,-2.599,1381.934,54.306149,-5.583591,331116.06
1453007.0,26.4,101566.23,109.92,0.472,-2.971,9.412,-0.028,0.005,0.015,-17.99,-2.609,1382.169,54.306149,-5.583591,331116.06
1453256.0,26.4,101565.91,109.95,0.457,-2.966,9.39,-0.028,0.004,0.016,-17.972,-2.619,1382.402,54.306149,-5.583591,331116.06
1453507.0,26.4,101565.75,109.96,0.467,-2.964,9.39,-0.029,0.005,0.016,-18.069,-2.594,1382.63,54.306149,-5.583591,331116.06
1453755.0,26.4,101566.41,109.91,0.474,-2.966,9.404,-0.029,0.006,0.017,-18.012,-2.598,1382.862,54.306149,-5.58359,331116.12
1454004.0,26.4,101567.06,109.85,0.445,-2.981,9.404,-0.029,0.004,0.016,-17.989,-2.587,1383.094,54.306149,-5.58359,331116.12
1454253.0,26.4,101566.98,109.86,0.464,-2.986,9.402,-0.028,0.005,0.016,-18.233,-2.765,1383.326,54.306149,-5.58359,331116.12
1454503.0,26.4,101566.81,109.88,0.462,-2.959,9.395,-0.028,0.005,0.016,-18.184,-2.677,1383.557,54.306149,-5.58359,331116.12
1454756.0,26.4,101566.48,109.9,0.474,-2.964,9.385,-0.03,0.004,0.016,-18.065,-2.647,1383.793,54.306149,-5.58359,331116.12
1455006.0,26.4,101567.64,109.81,0.45,-2.962,9.404,-0.029,0.005,0.016,-18.01,-2.614,1384.025,54.306149,-5.58359,331116.12
1455255.0,26.4,101567.64,109.81,0.462,-2.99,9.412,-0.029,0.005,0.016,-18.008,-2.604,1384.255,54.306149,-5.58359,331116.12
1455508.0,26.4,101567.15,109.85,0.474,-2.952,9.392,-0.029,0.005,0.016,-18.051,-2.568,1384.488,54.306149,-5.58359,331116.12
1455756.0,26.4,101567.48,109.82,0.469,-2.971,9.397,-0.028,0.004,0.017,-18.026,-2.595,1384.716,54.306149,-5.58359,331116.12
1456005.0,26.4,101567.89,109.79,0.455,-2.952,9.412,-0.029,0.005,0.016,-17.993,-2.594,1384.951,54.306149,-5.58359,331116.12
1456255.0,26.4,101567.64,109.81,0.46,-2.976,9.416,-0.028,0.005,0.016,-17.975,-2.6,1385.18,54.306149,-5.58359,331116.12
1456503.0,26.4,101567.23,109.84,0.45,-2.976,9.395,-0.029,0.005,0.016,-18.021,-2.582,1385.404,54.306149,-5.58359,331116.12
1456757.0,26.4,101566.32,109.92,0.457,-2.976,9.409,-0.029,0.005,0.017,-17.997,-2.583,1385.638,54.306149,-5.58359,331116.12
1457006.0,26.39,101565.95,109.95,0.464,-2.986,9.433,-0.029,0.005,0.017,-18.004,-2.601,1385.872,54.306149,-5.58359,331116.12
1457255.0,26.39,101566.28,109.92,0.464,-2.976,9.397,-0.028,0.005,0.016,-17.99,-2.616,1386.104,54.306149,-5.58359,331116.12
1457506.0,26.39,101565.7,109.97,0.472,-2.976,9.414,-0.03,0.005,0.016,-18.047,-2.592,1386.337,54.306149,-5.58359,331116.12
1457760.0,26.39,101564.97,110.03,0.474,-2.962,9.397,-0.029,0.005,0.016,-18.017,-2.601,1386.572,54.306149,-5.58359,331116.12
1458003.0,26.39,101564.22,110.09,0.469,-2.962,9.388,-0.028,0.005,0.017,-17.972,-2.605,1386.798,54.306149,-5.58359,331116.12
1458253.0,26.39,101564.22,110.09,0.481,-2.983,9.4,-0.028,0.004,0.017,-17.985,-2.601,1387.029,54.306149,-5.58359,331116.12
1458507.0,26.39,101564.39,110.08,0.476,-2.959,9.419,-0.028,0.005,0.017,-18.072,-2.601,1387.267,54.306149,-5.58359,331116.12
1458755.0,26.39,101564.72,110.05,0.445,-2.959,9.404,-0.029,0.006,0.016,-18.022,-2.593,1387.496,54.306149,-5.58359,331116.12
1459004.0,26.38,101564.84,110.04,0.486,-2.952,9.421,-0.029,0.005,0.016,-17.992,-2.6,1387.728,54.306149,-5.58359,331116.12
1459253.0,26.38,101565.98,109.94,0.455,-2.974,9.409,-0.029,0.005,0.016,-17.979,-2.597,1387.962,54.306149,-5.58359,331116.12
1459505.0,26.39,101566.2,109.93,0.467,-2.976,9.433,-0.029,0.004,0.016,-18.002,-2.58,1388.197,54.306149,-5.58359,331116.12
1459758.0,26.39,101566.37,109.91,0.462,-2.978,9.412,-0.028,0.005,0.016,-17.997,-2.575,1388.432,54.306149,-5.58359,331116.12
1460008.0,26.39,101565.88,109.95,0.51,-3.005,9.404,-0.028,0.004,0.017,-18.091,-2.693,1388.666,54.306149,-5.58359,331116.12
1460257.0,26.38,101565.33,110.0,0.479,-2.969,9.412,-0.029,0.006,0.016,-18.079,-2.702,1388.898,54.306149,-5.58359,331116.12
1460506.0,26.38,101565.16,110.01,0.457,-2.976,9.39,-0.028,0.005,0.017,-18.075,-2.642,1389.129,54.306149,-5.58359,331116.12
1460754.0,26.38,101565.66,109.97,0.46,-2.966,9.4,-0.029,0.004,0.017,-18.005,-2.638,1389.361,54.306149,-5.58359,331116.12
1461004.0,26.38,101565.83,109.96,0.45,-2.99,9.426,-0.028,0.005,0.016,-17.988,-2.626,1389.594,54.306149,-5.58359,331116.12
1461253.0,26.39,101566.2,109.93,0.467,-2.964,9.404,-0.029,0.005,0.016,-17.976,-2.626,1389.824,54.306149,-5.58359,331116.12
1461508.0,26.38,101565.66,109.97,0.469,-2.945,9.361,-0.028,0.005,0.016,-18.07,-2.6,1390.063,54.306149,-5.58359,331116.12
1461756.0,26.38,101564.67,110.05,0.455,-2.978,9.419,-0.029,0.005,0.017,-18.012,-2.588,1390.291,54.306149,-5.58359,331116.12
1462005.0,26.38,101564.26,110.09,0.474,-2.959,9.383,-0.029,0.005,0.017,-17.994,-2.589,1390.523,54.306149,-5.58359,331116.12
1462255.0,26.38,101564.42,110.07,0.462,-2.952,9.409,-0.028,0.005,0.015,-17.956,-2.599,1390.757,54.306149,-5.58359,331116.12
1462508.0,26.38,101563.6,110.14,0.455,-2.962,9.409,-0.028,0.004,0.016,-18.006,-2.594,1390.989,54.306149,-5.58359,331116.12
1462756.0,26.38,101563.36,110.16,0.462,-2.981,9.412,-0.029,0.005,0.017,-17.987,-2.601,1391.221,54.306149,-5.58359,331116.12
1463005.0,26.38,101563.64,110.14,0.464,-2.981,9.426,-0.029,0.004,0.017,-17.981,-2.6,1391.457,54.306149,-5.58359,331116.12
1463255.0,26.37,101564.72,110.05,0.464,-2.971,9.407,-0.029,0.005,0.016,-17.982,-2.609,1391.689,54.306149,-5.58359,331116.12
1463506.0,26.37,101565.38,109.99,0.462,-2.981,9.392,-0.029,0.004,0.016,-18.034,-2.591,1391.922,54.306149,-5.58359,331116.12
1463760.0,26.37,101565.2,110.01,0.462,-2.976,9.421,-0.028,0.005,0.016,-18.008,-2.586,1392.155,54.306149,-5.58359,331116.12
1464003.0,26.37,101565.38,109.99,0.46,-2.971,9.409,-0.028,0.005,0.016,-18.007,-2.59,1392.384,54.306149,-5.58359,331116.12
1464253.0,26.37,101565.04,110.02,0.457,-2.957,9.383,-0.029,0.004,0.017,-17.977,-2.592,1392.616,54.306149,-5.58359,331116.12
1464506.0,26.37,101565.04,110.02,0.45,-2.971,9.409,-0.029,0.004,0.016,-18.035,-2.592,1392.855,54.306149,-5.58359,331116.12
1464754.0,26.37,101565.53,109.98,0.464,-2.971,9.424,-0.028,0.004,0.016,-17.991,-2.597,1393.085,54.306149,-5.58359,331116.12
1465004.0,26.37,101564.97,110.03,0.467,-2.974,9.402,-0.029,0.004,0.017,-18.001,-2.602,1393.319,54.306149,-5.58359,331116.12
1465253.0,26.37,101563.76,110.13,0.472,-2.974,9.414,-0.029,0.005,0.016,-17.985,-2.615,1393.553,54.306149,-5.58359,331116.12
1465505.0,26.37,101563.92,110.12,0.453,-2.974,9.395,-0.029,0.005,0.016,-18.05,-2.612,1393.786,54.306149,-5.58359,331116.12
1465759.0,26.37,101564.25,110.1,0.553,-3.105,9.414,-0.028,0.005,0.016,-18.147,-2.723,1394.019,54.306149,-5.58359,331116.12
1466008.0,26.37,101564.42,110.07,0.464,-2.969,9.385,-0.029,0.005,0.016,-18.149,-2.722,1394.254,54.306149,-5.58359,331116.12
1466257.0,26.37,101565.33,110.0,0.462,-2.962,9.433,-0.028,0.005,0.016,-18.029,-2.642,1394.488,54.306149,-5.58359,331116.12
1466504.0,26.37,101565.33,110.0,0.453,-2.976,9.4,-0.029,0.005,0.017,-18.122,-2.605,1394.716,54.306149,-5.58359,331116.12
1466758.0,26.36,101564.59,110.06,0.469,-2.971,9.421,-0.029,0.005,0.016,-18.047,-2.599,1394.953,54.306149,-5.58359,331116.12
1467007.0,26.37,101565.33,110.0,0.46,-2.962,9.383,-0.029,0.005,0.016,-17.997,-2.593,1395.188,54.306149,-5.58359,331116.12
1467256.0,26.37,101564.5,110.08,0.476,-2.978,9.388,-0.028,0.005,0.016,-17.985,-2.615,1395.417,54.306149,-5.58359,331116.12
1467508.0,26.37,101564.17,110.09,0.46,-2.962,9.409,-0.029,0.005,0.016,-18.017,-2.593,1395.652,54.306149,-5.58359,331116.12
1467756.0,26.37,101564.17,110.09,0.453,-2.976,9.392,-0.028,0.005,0.016,-17.986,-2.594,1395.879,54.306149,-5.58359,331116.12
1468005.0,26.37,101564.34,110.08,0.453,-2.959,9.402,-0.029,0.005,0.017,-17.975,-2.598,1396.113,54.306149,-5.58359,331116.12
1468255.0,26.37,101565.0,110.03,0.46,-2.957,9.395,-0.028,0.004,0.016,-17.982,-2.588,1396.345,54.306149,-5.58359,331116.12
1468503.0,26.36,101566.07,109.94,0.453,-2.978,9.409,-0.028,0.004,0.016,-18.019,-2.589,1396.575,54.306149,-5.58359,331116.12
1468757.0,26.36,101566.9,109.88,0.464,-2.957,9.388,-0.028,0.005,0.017,-17.994,-2.601,1396.809,54.306149,-5.58359,331116.12
1469006.0,26.36,101565.83,109.96,0.457,-2.969,9.414,-0.029,0.005,0.016,-17.991,-2.606,1397.043,54.306149,-5.58359,331116.12
1469255.0,26.36,101566.16,109.93,0.462,-2.969,9.412,-0.029,0.005,0.017,-17.974,-2.605,1397.276,54.306149,-5.58359,331116.12
1469504.0,26.36,101566.81,109.88,0.464,-2.957,9.392,-0.028,0.004,0.016,-18.095,-2.599,1397.51,54.306149,-5.58359,331116.12
1469758.0,26.36,101567.81,109.79,0.467,-2.971,9.39,-0.03,0.005,0.016,-18.031,-2.595,1397.743,54.306149,-5.58359,331116.12
1470007.0,26.36,101567.77,109.8,0.464,-2.954,9.409,-0.027,0.005,0.017,-17.985,-2.586,1397.978,54.306149,-5.58359,331116.12
1470256.0,26.36,101567.1,109.85,0.457,-2.978,9.388,-0.029,0.005,0.017,-17.996,-2.594,1398.21,54.306149,-5.58359,331116.12
1470508.0,26.36,101567.59,109.81,0.464,-2.952,9.39,-0.029,0.005,0.016,-18.04,-2.597,1398.443,54.306149,-5.58359,331116.12
1470756.0,26.36,101568.3,109.75,0.469,-2.981,9.407,-0.029,0.005,0.017,-18.004,-2.597,1398.674,54.306149,-5.58359,331116.12
1471005.0,26.36,101568.42,109.74,0.469,-2.988,9.397,-0.028,0.006,0.016,-18.003,-2.597,1398.908,54.306149,-5.58359,331116.12
1471255.0,26.36,101568.8,109.71,0.448,-2.964,9.397,-0.028,0.004,0.016,-17.983,-2.6,1399.142,54.306149,-5.58359,331116.12
1471505.0,26.36,101569.3,109.67,0.534,-3.079,9.402,-0.029,0.005,0.016,-18.106,-2.655,1399.374,54.306149,-5.58359,331116.12
1471759.0,26.36,101568.58,109.73,0.469,-2.964,9.414,-0.028,0.005,0.015,-18.185,-2.736,1399.609,54.306149,-5.58359,331116.12
1472008.0,26.36,101569.25,109.67,0.457,-2.962,9.424,-0.029,0.004,0.016,-18.039,-2.662,1399.842,54.306149,-5.58359,331116.12
1472257.0,26.36,101567.68,109.8,0.443,-2.971,9.369,-0.029,0.005,0.017,-18.003,-2.618,1400.071,54.306149,-5.58359,331116.12
1472505.0,26.36,101567.02,109.86,0.472,-2.964,9.433,-0.028,0.004,0.016,-18.037,-2.615,1400.301,54.306149,-5.58359,331116.12
1472758.0,26.35,101566.61,109.89,0.453,-2.966,9.39,-0.028,0.005,0.016,-18.001,-2.6,1400.532,54.306149,-5.58359,331116.12
1473007.0,26.35,101567.11,109.85,0.488,-2.971,9.431,-0.028,0.005,0.017,-17.978,-2.603,1400.766,54.306149,-5.58359,331116.12
1473257.0,26.35,101566.56,109.9,0.46,-2.964,9.409,-0.028,0.006,0.016,-17.963,-2.595,1400.996,54.306149,-5.58359,331116.12
1473506.0,26.35,101566.28,109.92,0.45,-2.962,9.395,-0.029,0.005,0.016,-18.033,-2.596,1401.228,54.306149,-5.58359,331116.12
1473754.0,26.35,101565.91,109.95,0.469,-2.971,9.39,-0.029,0.005,0.017,-17.983,-2.6,1401.459,54.306149,-5.58359,331116.12
1474004.0,26.35,101565.91,109.95,0.469,-2.971,9.419,-0.029,0.005,0.017,-17.97,-2.601,1401.693,54.306149,-5.58359,331116.12
1474253.0,26.35,101565.73,109.97,0.441,-2.964,9.433,-0.029,0.006,0.017,-17.971,-2.592,1401.926,54.306149,-5.58359,331116.12
1474506.0,26.35,101566.12,109.93,0.457,-2.954,9.395,-0.03,0.004,0.016,-18.095,-2.574,1402.157,54.306149,-5.58359,331116.12
1474760.0,26.35,101565.08,110.02,0.453,-2.964,9.402,-0.029,0.004,0.016,-18.017,-2.583,1402.396,54.306149,-5.58359,331116.12
1475003.0,26.35,101565.24,110.01,0.46,-2.978,9.433,-0.029,0.006,0.016,-17.984,-2.598,1402.623,54.306149,-5.58359,331116.12
1475253.0,26.35,101565.41,109.99,0.455,-2.986,9.409,-0.029,0.005,0.015,-17.982,-2.583,1402.85,54.306149,-5.58359,331116.12
1475504.0,26.35,101565.58,109.98,0.464,-2.971,9.428,-0.028,0.005,0.017,-18.015,-2.588,1403.083,54.306149,-5.58359,331116.12
1475757.0,26.35,101564.75,110.05,0.467,-2.969,9.414,-0.03,0.005,0.016,-17.994,-2.613,1403.315,54.306149,-5.58359,331116.12
1476007.0,26.35,101564.42,110.07,0.45,-2.964,9.419,-0.029,0.005,0.016,-17.976,-2.605,1403.548,54.306149,-5.58359,331116.12
1476256.0,26.35,101564.09,110.1,0.474,-2.981,9.395,-0.029,0.004,0.017,-17.985,-2.612,1403.777,54.306149,-5.58359,331116.12
1476505.0,26.35,101563.59,110.14,0.443,-2.954,9.414,-0.028,0.005,0.016,-18.027,-2.585,1404.005,54.306149,-5.58359,331116.12
1476758.0,26.35,101562.69,110.22,0.579,-3.405,10.259,-0.087,0.009,0.011,-17.916,-2.637,1404.244,54.306149,-5.58359,331116.12
1477007.0,26.35,101562.03,110.27,1.003,-9.965,13.161,-1.852,-0.387,0.403,-38.714,-2.623,1409.154,54.306149,-5.58359,331116.12
1477257.0,26.35,101559.97,110.44,0.074,-7.556,4.444,-2.336,-1.23,0.36,-64.652,-12.605,1415.218,54.306149,-5.58359,331116.12
1477507.0,26.34,101555.3,110.83,1.731,-6.711,-0.299,-2.374,-1.432,-0.163,-97.883,-25.697,1416.542,54.306149,-5.58359,331116.12
1477755.0,26.34,101549.86,111.28,-0.527,-7.52,-6.048,-1.299,-0.816,-0.242,-126.665,-22.541,1412.623,54.306149,-5.58359,331116.12
1478004.0,26.35,101544.3,111.74,-0.769,-6.469,-6.548,-0.879,-0.047,-0.698,-136.006,-4.523,1407.738,54.306149,-5.58359,331116.12
1478253.0,26.35,101535.8,112.45,-2.33,-2.291,-6.644,-0.759,-0.052,-1.007,-148.065,-1.711,1395.424,54.306149,-5.58359,331116.12
1478507.0,26.35,101530.61,112.88,1.836,-2.868,-9.009,0.353,0.035,-0.118,-146.899,-4.412,1385.591,54.306149,-5.58359,331116.12
1478755.0,26.35,101528.19,113.08,0.673,-4.293,-9.026,0.152,-0.001,0.016,-150.295,-5.436,1386.4,54.306156,-5.583593,331116.66
1479004.0,26.36,101526.95,113.18,0.864,-4.762,-7.927,0.119,0.044,-0.001,-150.726,-5.323,1385.925,54.306156,-5.583593,331116.66
1479253.0,26.35,101526.53,113.21,0.553,-4.702,-7.003,0.239,-0.91,-0.576,-146.541,-10.018,1382.011,54.306156,-5.583593,331116.66
1479506.0,26.35,101525.66,113.29,-3.78,-8.511,-9.938,0.546,-1.035,-0.333,-141.893,-19.473,1380.23,54.306156,-5.583593,331116.66
1479760.0,26.35,101525.58,113.29,-1.475,-3.05,-7.685,-0.489,0.661,-0.019,-145.37,2.054,1380.07,54.306164,-5.583599,331117.12
1480003.0,26.35,101523.69,113.45,-1.429,-10.305,-11.586,1.967,0.051,0.846,-129.253,22.234,1379.507,54.306164,-5.583599,331117.12
1480253.0,26.35,101522.61,113.54,-0.599,-2.191,-2.224,-0.549,0.577,-0.105,-130.256,12.464,1384.732,54.306164,-5.583599,331117.12
1480504.0,26.35,101523.19,113.49,-0.268,-8.432,-8.557,0.517,0.599,0.11,-131.307,9.237,1390.324,54.306164,-5.583599,331117.12
1480758.0,26.35,101521.7,113.61,0.591,-4.853,-6.862,1.531,0.893,0.376,-132.696,9.479,1391.433,54.306164,-5.583599,331117.12
1481007.0,26.35,101521.88,113.6,0.12,-8.722,-1.879,2.009,1.204,0.883,-107.855,12.356,1401.682,54.306164,-5.583599,331117.12
1481256.0,26.35,101526.81,113.19,-2.394,-10.338,5.037,1.58,1.195,0.745,-73.593,20.434,1413.206,54.306164,-5.583599,331117.12
1481505.0,26.35,101532.59,112.71,-4.302,-10.961,5.452,0.585,0.9,0.366,-55.815,28.681,1421.099,54.306164,-5.583599,331117.12
1481758.0,26.35,101535.23,112.49,-5.157,-7.798,2.914,-0.681,0.903,-0.433,-63.054,37.809,1422.602,54.306164,-5.583599,331117.12
1482007.0,26.35,101538.08,112.26,-3.912,-8.31,2.964,0.405,0.009,0.078,-73.366,33.051,1417.644,54.306164,-5.583599,331117.12
1482257.0,26.35,101540.06,112.09,-2.14,-5.78,1.935,1.208,-0.985,-0.674,-68.127,25.432,1414.685,54.306164,-5.583599,331117.12
1482508.0,26.36,101542.28,111.91,-1.094,-8.545,8.341,2.036,-0.822,0.78,-49.281,5.428,1416.283,54.306164,-5.583599,331117.12
1482756.0,26.36,101543.11,111.84,-3.567,-4.561,9.017,0.114,0.001,1.006,-30.077,7.995,1431.489,54.306164,-5.5836,331117.09
1483005.0,26.36,101543.52,111.81,-3.733,-3.148,8.31,-0.392,0.023,0.392,-27.079,16.815,1441.609,54.306164,-5.5836,331117.09
1483254.0,26.36,101544.22,111.75,-3.752,-3.754,8.789,-0.084,-0.002,0.28,-27.137,19.666,1445.479,54.306164,-5.5836,331117.09
1483505.0,26.37,101544.72,111.71,-4.626,-5.521,8.135,-1.483,0.207,-0.369,-32.579,22.076,1447.611,54.306164,-5.5836,331117.09
1483758.0,26.37,101545.17,111.67,-3.129,-7.86,3.424,-3.345,0.303,-1.011,-68.593,25.507,1434.212,54.306164,-5.5836,331117.09
1484007.0,26.37,101545.25,111.66,-1.221,-9.076,-1.118,-0.67,0.382,-0.524,-96.096,20.028,1422.813,54.306164,-5.5836,331117.09
1484256.0,26.38,101544.88,111.69,1.02,-10.635,-3.536,-1.393,0.408,-0.214,-108.703,10.867,1417.292,54.306164,-5.5836,331117.09
1484504.0,26.38,101544.05,111.76,1.18,-6.457,-6.821,-0.878,0.248,0.363,-131.933,5.44,1419.96,54.306164,-5.5836,331117.09
1484757.0,26.39,101544.27,111.74,0.362,-8.047,-6.601,0.919,-0.058,0.488,-130.311,0.987,1424.898,54.306164,-5.583601,331117.03
1485006.0,26.39,101544.75,111.7,-1.894,-11.396,-5.394,2.801,-0.7,1.203,-110.19,-0.919,1436.039,54.306164,-5.583601,331117.03
1485255.0,26.4,101544.88,111.69,-5.152,-5.981,4.544,3.013,0.71,1.065,-61.76,13.168,1455.63,54.306164,-5.583601,331117.03
1485508.0,26.4,101544.96,111.69,-5.82,-4.154,5.361,0.502,0.115,-0.091,-37.295,31.469,1459.825,54.306164,-5.583601,331117.03
1485756.0,26.4,101545.12,111.67,-5.859,-3.452,4.767,-0.731,-0.099,-0.277,-39.209,37.809,1457.747,54.306164,-5.583599,331117.12
1486005.0,26.4,101545.12,111.67,-3.156,-9.938,-1.02,-3.445,0.385,-1.842,-82.88,35.537,1440.274,54.306164,-5.583599,331117.12
1486255.0,26.4,101545.45,111.65,0.225,-9.969,-5.906,-1.019,0.439,-0.707,-117.984,22.356,1420.631,54.306164,-5.583599,331117.12
1486506.0,26.4,101546.28,111.58,1.276,-6.383,-7.769,-0.86,0.025,-0.01,-137.97,9.363,1417.668,54.306164,-5.583599,331117.12
1486759.0,26.4,101545.88,111.61,0.642,-5.387,-7.829,-0.14,-0.031,-0.16,-146.951,0.799,1416.457,54.306164,-5.583593,331117.34
1487003.0,26.4,101545.95,111.6,0.874,-5.42,-7.724,0.788,-0.426,0.007,-143.882,-3.546,1415.177,54.306164,-5.583593,331117.34
1487258.0,26.4,101546.41,111.57,-0.903,-8.25,-7.532,0.08,-0.323,0.204,-128.315,-7.646,1417.141,54.306164,-5.583593,331117.34
1487505.0,26.41,101545.83,111.61,-1.154,-7.788,-7.08,-1.304,0.164,-0.13,-136.611,-0.616,1415.989,54.306164,-5.583593,331117.34
1487759.0,26.41,101545.58,111.64,0.783,-1.717,-6.642,-1.617,0.734,-0.806,-165.892,1.63,1411.756,54.306171,-5.58359,331118.16
1488008.0,26.41,101545.25,111.66,2.844,-3.78,-10.441,-0.405,0.226,-0.261,-164.057,3.322,1404.505,54.306171,-5.58359,331118.16
1488257.0,26.41,101545.58,111.64,3.048,-0.51,-8.827,-1.008,0.626,-0.289,-173.23,-5.48,1401.649,54.306171,-5.58359,331118.16
1488507.0,26.41,101545.58,111.64,5.827,-0.12,-8.902,0.033,0.649,0.007,-74.999,-7.526,1399.846,54.306171,-5.58359,331118.16
1488755.0,26.41,101545.74,111.62,5.849,0.656,-8.1,-0.535,0.319,-0.193,-55.331,-19.532,1398.905,54.306171,-5.583593,331118.03
1489003.0,26.41,101544.42,111.73,6.165,1.279,-7.798,-0.008,-0.005,0.112,76.913,-29.325,1399.002,54.306171,-5.583593,331118.03
1489258.0,26.41,101543.59,111.8,6.649,1.199,-7.59,-0.025,0.2,0.101,131.984,-34.579,1399.876,54.306171,-5.583593,331118.03
1489506.0,26.41,101543.59,111.8,6.213,0.979,-7.075,-0.074,0.21,-0.008,151.871,-35.925,1401.387,54.306171,-5.583593,331118.03
1489759.0,26.41,101543.93,111.77,7.151,0.699,-7.156,0.084,0.177,0.121,165.471,-38.531,1402.41,54.306171,-5.58359,331118.16
1490008.0,26.41,101543.11,111.87,7.405,0.486,-6.637,-0.046,0.037,0.065,170.912,-42.319,1403.13,54.306171,-5.58359,331118.16
1490257.0,26.41,101541.87,111.94,7.709,0.376,-6.752,0.04,0.091,0.154,174.97,-45.086,1404.677,54.306171,-5.58359,331118.16
1490503.0,26.41,101542.94,111.85,7.216,-0.244,-6.725,-0.056,-0.406,0.106,129.289,-47.955,1406.412,54.306171,-5.58359,331118.16
1490756.0,26.41,101542.94,111.85,6.397,-0.644,-7.168,0.712,-0.155,0.538,49.48,-48.926,1410.359,54.306171,-5.583591,331118.09
1491005.0,26.41,101542.66,111.88,4.417,-3.381,-8.392,1.672,-0.224,0.423,-68.156,-44.153,1417.364,54.306171,-5.583591,331118.09
1491254.0,26.41,101542.28,111.91,4.954,-3.85,-7.226,-0.327,-0.671,-0.153,-114.957,-40.828,1418.27,54.306171,-5.583591,331118.09
1491509.0,26.41,101542.16,111.92,4.676,-3.405,-7.479,0.195,-0.599,-0.101,-131.658,-43.608,1416.143,54.306171,-5.583591,331118.09
1491756.0,26.41,101542.28,111.91,3.445,-4.678,-8.952,0.25,-0.375,-0.123,-136.04,-36.325,1415.637,54.306171,-5.583591,331118.09
1492005.0,26.41,101542.98,111.85,3.608,-4.02,-6.457,-0.379,0.737,-1.137,-142.841,-24.479,1407.897,54.306171,-5.583591,331118.09
1492254.0,26.41,101542.98,111.85,8.037,-4.322,-6.809,-0.432,0.621,-0.411,-145.892,-23.753,1395.456,54.306171,-5.583591,331118.09
1492506.0,26.41,101543.16,111.84,7.4,-2.914,-6.613,-0.611,-0.361,0.16,-153.746,-34.389,1394.044,54.306171,-5.583591,331118.09
1492759.0,26.41,101544.14,111.75,5.574,-3.651,-7.748,0.218,-1.77,1.127,-156.591,-48.848,1403.861,54.306171,-5.583591,331118.09
1493008.0,26.41,101545.46,111.65,0.821,-3.637,-7.956,-0.447,-0.318,0.036,-153.424,-38.643,1415.438,54.306171,-5.583591,331118.09
1493257.0,26.41,101547.36,111.49,0.84,-3.347,-8.164,-0.084,0.996,-0.829,-156.105,-16.568,1411.152,54.306171,-5.583591,331118.09
1493508.0,26.41,101547.02,111.52,8.308,-3.156,-7.556,-0.564,1.448,-0.758,-160.664,-0.89,1396.548,54.306171,-5.583591,331118.09
1493756.0,26.42,101545.95,111.6,7.764,-1.961,-6.309,-0.192,0.08,-0.017,-163.658,-23.245,1391.987,54.306171,-5.583591,331118.09
1494005.0,26.42,101544.8,111.7,7.8,-1.75,-5.99,-0.162,0.078,0.203,-164.796,-39.376,1394.547,54.306171,-5.583591,331118.09
1494254.0,26.42,101543.03,111.85,6.948,-0.821,-5.468,-0.759,0.382,-0.203,-171.946,-44.1,1394.593,54.306171,-5.583591,331118.09
1494504.0,26.42,101541.3,111.99,9.117,-1.482,-4.92,0.263,0.888,0.088,-170.915,-43.291,1394.214,54.306171,-5.583591,331118.09
1494757.0,26.42,101539.31,112.15,9.5,-1.408,-3.481,-0.09,0.343,-0.056,-162.606,-50.688,1393.847,54.306171,-5.583593,331118.03
1495006.0,26.42,101537.91,112.27,9.905,-1.12,-1.954,-0.138,0.106,0.035,-164.368,-63.548,1394.37,54.306171,-5.583593,331118.03
1495255.0,26.42,101537.42,112.33,9.45,-0.804,-1.887,-0.255,0.45,-0.061,-159.931,-69.298,1395.286,54.306171,-5.583593,331118.03
1495504.0,26.42,101536.42,112.39,9.756,-0.508,-1.341,-0.162,0.115,-0.004,-159.12,-71.746,1394.224,54.306171,-5.583593,331118.03
1495757.0,26.42,101538.08,112.26,9.919,-0.692,-1.178,-0.075,-0.028,0.074,-156.658,-78.381,1394.169,54.306175,-5.583596,331118.25
1496006.0,26.42,101538.82,112.2,9.869,-0.888,-1.42,0.034,-0.004,0.165,-152.817,-80.203,1396.227,54.306175,-5.583596,331118.25
1496255.0,26.42,101538.91,112.19,10.056,-0.965,-1.702,-0.133,-0.019,0.097,-147.876,-79.728,1397.68,54.306175,-5.583596,331118.25
1496506.0,26.42,101537.5,112.3,9.756,-1.221,-1.539,-0.039,-0.032,0.043,-147.127,-79.518,1398.799,54.306175,-5.583596,331118.25
1496759.0,26.42,101536.84,112.36,9.663,-0.697,-2.502,-0.276,-0.34,-0.375,-153.664,-78.9,1396.266,54.306175,-5.5836,331118.09
1497003.0,26.42,101535.86,112.44,10.003,-0.318,-1.456,-0.099,0.019,-0.091,-164.963,-80.912,1392.148,54.306175,-5.5836,331118.09
1497257.0,26.42,101537.17,112.33,10.307,0.077,-2.433,0.018,0.191,0.387,-74.451,-78.342,1393.439,54.306175,-5.5836,331118.09
1497506.0,26.42,101538.0,112.26,10.245,-3.273,-4.061,-0.232,-1.849,1.625,-111.919,-83.236,1411.887,54.306175,-5.5836,331118.09
1497759.0,26.42,101540.14,112.09,6.364,-4.791,-4.855,0.176,-1.245,1.227,-122.736,-83.31,1429.753,54.306175,-5.5836,331118.09
1498008.0,26.42,101543.27,111.83,0.984,-7.005,-5.473,0.753,-1.205,1.804,-125.92,-54.886,1452.132,54.306175,-5.5836,331118.09
1498257.0,26.42,101546.08,111.59,-2.844,-5.952,-7.764,-1.694,-0.767,0.695,-135.767,-23.429,1470.433,54.306175,-5.5836,331118.09
1498508.0,26.42,101547.23,111.5,-4.451,-1.322,-8.933,-1.984,-0.493,0.108,-171.569,-6.011,1476.087,54.306175,-5.5836,331118.09
1498756.0,26.42,101548.22,111.42,-5.844,1.829,-7.798,-1.073,-0.28,-0.187,-17.586,12.828,1475.732,54.306175,-5.5836,331118.09
1499005.0,26.42,101548.39,111.4,-6.225,2.315,-6.771,-0.171,-0.823,-0.468,83.429,21.082,1471.856,54.306175,-5.5836,331118.09
1499254.0,26.42,101549.45,111.31,-7.57,1.199,-5.497,-0.418,-0.358,-0.282,132.474,33.191,1464.929,54.306175,-5.5836,331118.09
1499518.0,26.43,101550.69,111.21,-8.21,1.391,-5.315,-0.208,-0.016,-0.21,142.885,42.28,1461.489,54.306175,-5.5836,331118.09
1499760.0,26.42,101551.6,111.14,-8.294,0.776,-5.006,-0.168,0.0,-0.313,155.821,51.071,1457.88,54.306175,-5.583599,331118.16
1500003.0,26.42,101552.43,111.07,-7.997,0.515,-5.176,-0.233,0.18,-0.409,161.731,55.593,1453.253,54.306175,-5.583599,331118.16
1500258.0,26.41,101553.12,111.01,-7.269,-0.745,-4.492,0.994,0.52,-0.97,0.989,60.788,1443.854,54.306175,-5.583599,331118.16
1500505.0,26.41,101551.52,111.14,-7.137,-5.076,-7.477,0.531,-0.171,-0.501,-65.736,55.132,1430.888,54.306175,-5.583599,331118.16
1500758.0,26.4,101549.17,111.34,-6.972,-4.731,-5.272,-0.678,-0.319,-0.046,-115.364,44.423,1428.211,54.306175,-5.583596,331118.25
1501007.0,26.39,101550.61,111.22,-6.95,-3.847,-4.891,-0.242,0.134,0.085,-133.021,44.84,1428.997,54.306175,-5.583596,331118.25
1501256.0,26.39,101551.93,111.11,-6.974,-4.757,-5.849,0.197,0.126,0.094,-136.722,46.643,1429.173,54.306175,-5.583596,331118.25
1501514.0,26.38,101553.12,111.01,-6.831,-4.611,-5.61,0.024,0.023,0.335,-136.513,45.579,1432.649,54.306175,-5.583596,331118.25
1501756.0,26.37,101550.45,111.23,-7.398,-4.027,-5.262,0.5,-0.047,0.154,-135.66,45.253,1436.963,54.306175,-5.583595,331118.31
1502005.0,26.36,101550.0,111.27,-7.415,-4.41,-4.872,0.114,0.054,0.042,-136.035,46.79,1438.107,54.306175,-5.583595,331118.31
1502254.0,26.35,101548.8,111.37,-7.525,-4.456,-4.776,0.105,0.028,0.032,-135.852,48.386,1438.733,54.306175,-5.583595,331118.31
1502506.0,26.35,101548.14,111.42,-7.3,-4.537,-4.769,-0.036,0.062,0.019,-135.894,48.712,1439.125,54.306175,-5.583595,331118.31
1502760.0,26.35,101546.82,111.53,-7.999,-4.178,-5.047,-0.066,0.257,0.116,-137.171,50.52,1439.764,54.306183,-5.583595,331118.97
1503003.0,26.36,101544.17,111.75,-7.049,-4.451,-3.251,1.088,0.433,0.48,-134.006,55.113,1445.134,54.306183,-5.583595,331118.97
1503258.0,26.36,101540.84,112.03,-8.059,-5.988,-4.233,1.782,0.713,0.605,-109.358,55.616,1454.163,54.306183,-5.583595,331118.97
1503505.0,26.36,101540.02,112.1,-6.972,-6.158,-4.142,0.37,0.424,0.102,-108.072,57.048,1458.862,54.306183,-5.583595,331118.97
1503759.0,26.36,101540.34,112.07,-7.59,-6.926,-3.122,-0.308,0.197,-0.166,-117.07,51.5,1454.888,54.306183,-5.583595,331118.97
1504008.0,26.36,101540.92,112.02,-7.772,-5.092,-4.085,-0.081,0.118,0.302,-122.015,52.175,1459.227,54.306183,-5.583595,331118.97
1504257.0,26.36,101541.95,111.94,-4.719,-6.615,-5.954,0.658,0.696,0.573,-117.011,46.029,1461.805,54.306183,-5.583595,331118.97
1504508.0,26.35,101541.38,111.98,-6.558,-4.939,-4.187,0.173,0.339,0.567,-120.359,46.929,1471.302,54.306183,-5.583595,331118.97
1504755.0,26.35,101541.66,111.96,-5.739,-4.583,-4.968,-0.367,-0.146,0.237,-130.76,47.437,1476.78,54.306183,-5.583593,331119.03
1505004.0,26.35,101542.81,111.86,-9.208,-2.701,-5.09,-0.551,-0.846,1.51,-139.374,40.36,1489.245,54.306183,-5.583593,331119.03
1505253.0,26.35,101542.41,111.9,-9.222,-0.294,-1.906,0.083,0.418,0.848,-144.719,54.914,1506.723,54.306183,-5.583593,331119.03
1505506.0,26.35,101542.48,111.89,-8.842,0.802,-3.029,-0.171,-0.097,0.1,-0.394,65.169,1511.584,54.306183,-5.583593,331119.03
1505759.0,26.34,101543.44,111.81,-8.926,1.346,-2.902,-0.479,0.088,-0.314,86.566,68.717,1510.492,54.30619,-5.583596,331119.59
1506008.0,26.34,101543.19,111.83,-7.647,-1.228,-2.516,-0.039,0.171,-0.533,22.553,70.905,1503.369,54.30619,-5.583596,331119.59
1506257.0,26.34,101541.7,111.96,-9.254,-1.475,-4.796,-0.833,0.428,-1.357,-94.355,70.246,1490.532,54.30619,-5.583596,331119.59
1506507.0,26.34,101541.95,111.94,-6.831,-1.836,-7.415,-2.113,1.137,-0.799,-143.423,71.259,1474.877,54.30619,-5.583596,331119.59
1506755.0,26.34,101543.11,111.84,-4.401,-1.578,-7.563,-0.953,0.883,-0.706,-173.891,56.42,1464.534,54.306194,-5.583595,331120.0
1507004.0,26.34,101545.53,111.64,-8.013,-1.034,-9.787,1.442,-0.759,-0.359,-164.37,46.998,1455.616,54.306194,-5.583595,331120.0
1507258.0,26.33,101545.18,111.67,-8.114,-5.1,-4.269,4.827,-1.96,1.136,-136.267,28.449,1458.227,54.306194,-5.583595,331120.0
1507544.0,26.33,101542.73,111.87,-9.103,0.077,-0.316,2.729,1.268,1.267,-66.302,51.603,1484.449,54.306194,-5.583595,331120.0
1507758.0,26.33,101542.58,111.88,-9.34,-1.264,-0.838,0.917,0.793,1.289,-35.47,71.445,1497.066,54.306194,-5.583593,331120.06
1508007.0,26.32,101543.48,111.81,-7.163,1.101,-4.444,-0.39,0.627,0.692,27.814,78.727,1511.584,54.306194,-5.583593,331120.06
1508256.0,26.32,101546.49,111.56,-8.952,5.035,-2.09,-0.071,0.004,-0.247,84.604,66.99,1516.745,54.306194,-5.583593,331120.06
1508508.0,26.3,101551.02,111.18,-9.232,2.042,-2.832,0.975,0.353,-0.201,105.353,71.311,1509.575,54.306194,-5.583593,331120.06
1508756.0,26.29,101555.64,110.8,-9.06,1.307,-4.726,0.302,-0.09,-0.558,137.077,66.423,1502.579,54.306202,-5.5836,331120.47
1509005.0,26.27,101557.34,110.66,-11.315,1.568,-4.961,0.018,-0.06,0.569,154.783,64.392,1503.718,54.306202,-5.5836,331120.47
1509254.0,26.26,101558.07,110.6,-9.687,2.914,-4.269,0.013,0.777,0.246,150.354,66.059,1510.155,54.306202,-5.5836,331120.47
1509537.0,26.26,101558.41,110.57,-4.733,3.117,-5.174,-0.33,1.167,0.35,143.683,74.569,1515.282,54.306202,-5.5836,331120.47
1509757.0,26.25,101557.62,110.64,-3.515,4.42,-6.148,-0.297,0.961,0.483,142.971,58.926,1520.285,54.306202,-5.5836,331120.47
1510006.0,26.24,101556.92,110.7,-2.863,5.569,-7.994,-0.135,0.517,0.159,142.771,41.906,1525.556,54.306202,-5.5836,331120.47
1510255.0,26.23,101555.89,110.78,-1.978,5.662,-7.896,-0.201,0.337,-0.102,143.209,28.17,1525.858,54.306202,-5.5836,331120.47
1510505.0,26.22,101556.12,110.76,-1.633,5.411,-7.664,-0.005,0.081,-0.147,143.892,21.033,1523.876,54.306202,-5.5836,331120.47
1510758.0,26.21,101554.94,110.86,-1.836,5.543,-8.114,-0.234,0.062,-0.181,144.535,15.192,1521.831,54.306213,-5.583603,331121.34
1511007.0,26.19,101554.19,110.92,-2.356,5.564,-7.939,-0.058,0.018,-0.206,144.002,14.083,1518.517,54.306213,-5.583603,331121.34
1511256.0,26.18,101553.98,110.94,-2.456,5.765,-7.918,0.037,0.109,-0.134,144.975,14.528,1515.878,54.306213,-5.583603,331121.34
1511509.0,26.17,101554.23,110.92,-2.887,5.174,-7.599,-0.04,0.328,-0.617,144.077,17.739,1510.937,54.306213,-5.583603,331121.34
1511756.0,26.15,101554.72,110.88,-2.274,5.849,-8.112,-0.822,0.608,-1.213,139.068,22.384,1497.955,54.306213,-5.58361,331121.09
1512005.0,26.14,101554.52,110.89,-2.327,5.722,-7.707,-0.412,0.524,-0.612,137.934,22.185,1483.618,54.306213,-5.58361,331121.09
1512254.0,26.13,101553.77,110.96,-2.739,5.389,-7.709,0.104,0.189,-0.22,138.678,20.76,1478.687,54.306213,-5.58361,331121.09
1512515.0,26.12,101552.61,111.05,-2.346,6.132,-7.511,0.22,-0.363,-0.163,139.966,17.156,1477.681,54.306213,-5.58361,331121.09
1512758.0,26.11,101550.91,111.19,-3.986,5.99,-6.764,0.422,-0.506,0.151,142.428,13.419,1477.634,54.306221,-5.583615,331121.59
1513007.0,26.1,101551.41,111.15,-3.845,6.115,-6.694,-0.071,-0.044,0.503,140.195,18.74,1484.011,54.306221,-5.583615,331121.59
1513256.0,26.1,101552.77,111.04,-4.398,5.756,-6.713,0.64,-0.658,0.281,142.965,18.192,1489.294,54.306221,-5.583615,331121.59
1513521.0,26.09,101553.39,110.99,-5.787,4.611,-7.329,0.425,-0.585,-0.1,150.147,16.898,1489.037,54.306221,-5.583615,331121.59
1513757.0,26.07,101553.72,110.96,-5.329,2.605,-7.451,0.434,-0.293,0.115,161.418,21.749,1489.861,54.306221,-5.583622,331121.31
1514006.0,26.06,101554.34,110.91,-5.746,1.803,-6.752,0.375,-0.329,0.503,176.172,28.051,1494.742,54.306221,-5.583622,331121.31
1514256.0,26.05,101555.16,110.83,-5.906,0.357,-8.878,-0.083,0.707,0.17,133.177,33.133,1500.562,54.306221,-5.583622,331121.31
1514521.0,26.03,101554.73,110.88,-4.123,4.626,-8.911,0.287,0.555,0.332,148.907,41.915,1506.39,54.306221,-5.583622,331121.31
1514758.0,26.02,101554.48,110.9,-1.575,4.247,-8.396,-0.304,0.525,0.772,150.389,32.33,1511.508,54.306221,-5.583623,331121.25
1515007.0,26.0,101553.98,110.94,-0.352,5.334,-8.906,-1.554,-0.275,0.288,148.581,15.823,1520.994,54.306221,-5.583623,331121.25
1515256.0,25.99,101554.28,110.91,-1.082,5.576,-7.98,0.006,-0.5,0.326,138.93,5.254,1525.239,54.306221,-5.583623,331121.25
1515563.0,25.97,101554.36,110.91,-3.852,6.826,-6.675,0.331,-0.973,0.098,139.837,-1.237,1526.809,54.306221,-5.583623,331121.25
1515755.0,25.96,101554.4,110.9,-4.808,6.97,-6.706,0.125,-0.371,0.129,140.192,6.13,1528.845,54.306221,-5.583625,331121.19
1516004.0,25.95,101554.72,110.88,-4.966,3.759,-6.333,0.329,0.191,-0.703,147.688,19.663,1525.667,54.306221,-5.583625,331121.19
1516253.0,25.92,101553.11,111.01,-4.697,1.389,-8.068,-0.564,0.093,-0.254,153.168,26.592,1515.919,54.306221,-5.583625,331121.19
1516510.0,25.9,101553.39,110.99,-5.286,3.443,-7.197,-0.434,-0.284,0.326,153.801,25.556,1518.562,54.306221,-5.583625,331121.19
1516757.0,25.89,101553.39,110.99,-3.527,7.889,-6.369,-0.693,-0.377,0.322,140.108,27.978,1523.131,54.306229,-5.583628,331121.72
1517006.0,25.87,101552.72,111.04,-5.442,7.786,-3.053,-0.695,-0.434,-0.994,121.296,19.851,1517.844,54.306229,-5.583628,331121.72
1517255.0,25.85,101551.06,111.18,-7.784,3.754,-4.082,-1.182,0.364,-0.843,115.047,36.401,1501.347,54.306229,-5.583628,331121.72
1517551.0,25.84,101549.17,111.32,-8.368,5.624,-3.527,-0.361,-0.179,-0.105,118.974,44.763,1497.363,54.306229,-5.583628,331121.72
1517759.0,25.83,101548.52,111.39,-7.93,4.872,-2.725,-0.173,-0.167,-0.336,116.895,48.92,1494.364,54.306229,-5.583632,331121.59
1518003.0,25.83,101547.56,111.47,-8.298,4.82,-2.057,0.014,-0.06,0.355,117.019,55.226,1494.773,54.306229,-5.583632,331121.59
1518258.0,25.82,101547.11,111.51,-8.83,5.502,-1.712,0.062,0.101,0.017,111.053,55.935,1497.996,54.306229,-5.583632,331121.59
1518520.0,25.82,101546.78,111.54,-8.622,6.397,-3.67,0.032,0.555,0.659,112.18,60.94,1501.212,54.306229,-5.583632,331121.59
1518757.0,25.81,101546.65,111.55,-6.689,5.995,-4.288,0.961,0.71,0.512,124.089,56.908,1510.275,54.306232,-5.583626,331122.16
1519006.0,25.81,101547.39,111.49,-3.802,4.197,-5.868,1.013,0.884,0.254,142.118,50.514,1515.265,54.306232,-5.583626,331122.16
1519255.0,25.81,101547.92,111.44,-1.918,2.602,-8.533,0.438,0.962,0.271,158.188,40.601,1518.773,54.306232,-5.583626,331122.16
1519523.0,25.8,101548.26,111.41,-1.585,2.473,-9.402,0.26,0.138,0.246,164.433,27.98,1523.547,54.306232,-5.583626,331122.16
1519759.0,25.8,101548.78,111.37,-1.135,2.435,-9.407,-0.269,-0.006,-0.162,164.862,17.022,1523.293,54.306232,-5.583628,331122.06
1520008.0,25.79,101548.66,111.38,-0.912,3.831,-8.552,0.327,-0.107,-0.189,162.079,9.319,1521.142,54.306232,-5.583628,331122.06
1520257.0,25.78,101549.06,111.35,-0.527,2.37,-9.704,-0.58,0.169,-0.26,162.082,8.308,1516.076,54.306232,-5.583628,331122.06
1520530.0,25.77,101548.5,111.39,-2.322,0.998,-9.419,0.123,-0.509,0.209,167.336,4.8,1516.389,54.306232,-5.583628,331122.06
1520755.0,25.76,101549.36,111.32,-2.222,-0.29,-8.253,0.08,0.255,0.717,153.037,8.393,1519.354,54.30624,-5.583632,331122.62
1521004.0,25.76,101549.97,111.27,-2.112,3.17,-9.713,-0.039,0.291,0.463,148.436,13.917,1532.274,54.30624,-5.583632,331122.62
1521254.0,25.75,101550.38,111.24,-0.096,2.945,-10.721,0.018,0.018,-0.716,155.819,11.315,1528.989,54.30624,-5.583632,331122.62
1521533.0,25.75,101549.77,111.29,-0.35,2.365,-9.486,-0.115,0.276,-0.811,159.786,7.608,1517.911,54.30624,-5.583632,331122.62
1521758.0,25.74,101549.27,111.33,0.254,2.078,-9.919,-0.017,0.234,-0.648,163.497,6.31,1509.224,54.306248,-5.58363,331123.34
1522007.0,25.74,101549.55,111.31,0.16,2.016,-10.116,-0.113,0.252,-0.042,164.635,5.118,1505.039,54.306248,-5.58363,331123.34
1522256.0,25.74,101549.3,111.33,0.247,2.878,-8.909,0.234,-0.048,-0.135,166.025,1.509,1504.971,54.306248,-5.58363,331123.34
1522539.0,25.74,101547.98,111.44,0.584,2.234,-10.099,-0.13,0.199,0.159,163.951,0.948,1505.46,54.306248,-5.58363,331123.34
1522758.0,25.74,101547.73,111.46,1.501,2.863,-9.946,-0.133,-0.273,0.531,163.182,-4.373,1510.598,54.306252,-5.58363,331123.69
1523008.0,25.74,101548.23,111.42,-0.479,3.17,-9.596,0.094,-0.471,1.108,162.503,-7.413,1523.056,54.306252,-5.58363,331123.69
1523257.0,25.74,101548.61,111.38,0.426,3.759,-10.314,-0.094,-0.092,0.265,161.929,-5.584,1533.399,54.306252,-5.58363,331123.69
1523577.0,25.74,101548.77,111.37,-1.003,2.825,-9.61,-0.328,-0.302,0.545,164.489,-7.935,1539.163,54.306252,-5.58363,331123.69
1523757.0,25.74,101548.56,111.39,-1.08,2.78,-10.566,0.099,-0.387,0.553,164.395,-4.589,1544.545,54.306252,-5.583638,331123.38
1524006.0,25.74,101548.41,111.4,-1.008,1.844,-10.001,0.134,0.372,-0.092,167.326,5.955,1548.937,54.306252,-5.583638,331123.38
1524255.0,25.73,101548.8,111.37,-1.36,0.812,-9.165,0.498,-0.724,0.201,154.259,1.693,1551.115,54.306252,-5.583638,331123.38
1524528.0,25.72,101549.25,111.33,-0.972,3.4,-9.45,0.063,0.039,0.426,163.687,2.593,1557.927,54.306252,-5.583638,331123.38
1524759.0,25.71,101548.43,111.4,0.091,2.327,-8.744,-0.451,0.031,0.081,164.215,3.586,1559.812,54.306259,-5.583643,331123.84
1525003.0,25.71,101548.02,111.41,-0.201,3.304,-9.68,0.048,-0.043,-0.029,161.967,2.277,1559.263,54.306259,-5.583643,331123.84
1525257.0,25.71,101547.64,111.46,-0.395,2.344,-9.888,0.051,0.039,-0.119,163.776,2.066,1557.609,54.306259,-5.583643,331123.84
1525570.0,25.7,101547.11,111.51,-0.476,2.574,-9.876,-0.198,0.093,0.075,162.681,3.328,1557.474,54.306259,-5.583643,331123.84
1525756.0,25.7,101546.42,111.57,-0.026,2.725,-9.953,0.479,-0.203,0.059,164.864,2.105,1558.302,54.306259,-5.583642,331123.91
1526005.0,25.69,101545.88,111.61,-1.089,1.041,-9.814,0.269,-0.128,0.068,172.402,1.386,1558.885,54.306259,-5.583642,331123.91
1526254.0,25.68,101545.59,111.63,-0.52,0.699,-9.855,0.781,-0.104,-0.031,177.211,2.448,1559.298,54.306259,-5.583642,331123.91
1526537.0,25.68,101544.84,111.7,-1.365,-0.95,-9.677,-0.042,-0.003,0.071,36.678,4.608,1558.726,54.306259,-5.583642,331123.91
1526756.0,25.68,101544.39,111.73,-0.982,-0.797,-10.01,0.189,-0.112,-0.094,-75.906,5.892,1558.471,54.306267,-5.583643,331124.53
1527005.0,25.67,101543.98,111.77,-1.532,-1.166,-10.142,-0.138,0.029,0.053,-134.096,6.914,1558.588,54.306267,-5.583643,331124.53
1527255.0,25.67,101543.98,111.77,-1.817,-1.199,-9.292,0.018,-0.082,-0.002,-158.028,7.332,1558.639,54.306267,-5.583643,331124.53
1527540.0,25.67,101543.73,111.79,-1.374,-0.464,-10.221,-0.05,-0.133,-0.001,-169.401,7.304,1558.98,54.306267,-5.583643,331124.53
1527760.0,25.67,101543.19,111.83,-1.738,-0.627,-9.735,-0.128,0.015,0.1,-173.079,7.382,1559.591,54.306267,-5.583646,331124.41
1528003.0,25.66,101543.03,111.85,-1.966,-0.158,-9.919,0.223,-0.069,-0.078,-115.215,9.714,1560.154,54.306267,-5.583646,331124.41
1528258.0,25.65,101542.2,111.91,-1.793,-0.888,-10.005,-0.013,-0.031,-0.116,-151.178,9.871,1558.836,54.306267,-5.583646,331124.41
1528546.0,25.64,101542.81,111.86,-1.63,-0.934,-9.759,-0.103,-0.011,-0.017,-164.918,9.685,1557.698,54.306267,-5.583646,331124.41
1528754.0,25.63,101542.28,111.91,-1.937,-1.554,-9.699,0.55,-0.081,-0.142,-169.876,9.978,1556.862,54.306278,-5.583646,331125.44
1529003.0,25.62,101541.73,111.95,-2.363,-2.471,-10.362,0.755,-0.202,0.044,-165.438,9.346,1556.337,54.306278,-5.583646,331125.44
1529258.0,25.62,101541.61,111.96,-2.863,-4.623,-7.81,1.608,-0.228,-0.235,-150.171,10.262,1556.492,54.306278,-5.583646,331125.44
1529549.0,25.61,101541.9,111.94,-2.868,-6.795,-5.801,0.764,-0.159,-0.115,-132.96,11.526,1554.856,54.306278,-5.583646,331125.44
1529757.0,25.6,101542.02,111.93,-2.598,-6.457,-6.491,-0.563,0.051,0.112,-130.734,14.502,1555.493,54.306286,-5.583645,331126.16
1530006.0,25.59,101541.97,111.93,-3.132,-7.039,-6.455,-0.273,0.069,0.019,-134.779,16.336,1555.81,54.306286,-5.583645,331126.16
1530255.0,25.58,101541.03,112.01,-2.6,-6.254,-7.506,-0.183,0.18,0.116,-139.358,18.329,1557.38,54.306286,-5.583645,331126.16
1530554.0,25.58,101541.47,111.98,-3.206,-5.222,-7.865,0.058,-0.033,0.026,-146.019,18.668,1559.355,54.306286,-5.583645,331126.16
1530757.0,25.58,101541.55,111.97,-2.667,-5.303,-8.382,-0.046,-0.039,0.002,-145.859,17.65,1559.717,54.306278,-5.583642,331125.62
1531006.0,25.57,101542.47,111.89,-3.12,-5.114,-8.071,-0.046,-0.06,-0.067,-147.447,16.613,1559.558,54.306278,-5.583642,331125.62
1531256.0,25.57,101541.75,111.95,-3.259,-5.028,-8.298,-0.047,-0.08,0.05,-149.955,16.626,1559.375,54.306278,-5.583642,331125.62
1531558.0,25.57,101541.84,111.94,-3.424,-5.231,-8.061,0.18,-0.159,0.154,-147.244,16.314,1561.016,54.306278,-5.583642,331125.62
1531755.0,25.56,101542.83,111.86,-3.783,-5.332,-7.084,-0.144,0.017,0.103,-145.437,17.776,1562.276,54.306278,-5.583638,331125.75
1532004.0,25.56,101545.01,111.67,-3.591,-5.148,-7.652,0.192,0.021,0.221,-147.048,19.808,1564.639,54.306278,-5.583638,331125.75
1532253.0,25.55,101545.87,111.61,-3.292,-5.15,-8.04,0.036,0.155,0.009,-148.86,22.593,1566.787,54.306278,-5.583638,331125.75
1532596.0,25.55,101546.61,111.55,-3.759,-5.14,-8.073,-0.1,-0.005,0.124,-148.743,21.445,1567.774,54.306278,-5.583638,331125.75
1532759.0,25.55,101546.98,111.52,-3.371,-5.071,-7.963,-0.169,0.082,-0.155,-149.823,21.765,1567.553,54.306278,-5.58363,331126.06
1533008.0,25.54,101546.73,111.54,-3.187,-4.223,-7.235,-0.289,0.272,-0.248,-150.171,21.408,1566.49,54.306278,-5.58363,331126.06
1533257.0,25.53,101545.48,111.64,-1.724,-4.034,-8.504,0.277,0.187,-0.122,-156.128,21.778,1562.593,54.306278,-5.58363,331126.06
1533587.0,25.52,101544.38,111.74,-1.683,-3.709,-9.062,-0.046,0.079,-0.093,-157.052,17.451,1559.945,54.306278,-5.58363,331126.06
1533756.0,25.51,101543.5,111.81,-1.144,-4.106,-8.964,0.044,-0.043,-0.089,-156.957,13.862,1559.154,54.306286,-5.583628,331126.81
1534005.0,25.5,101542.64,111.88,-0.828,-3.972,-9.254,-0.115,0.12,0.05,-157.186,9.122,1558.784,54.306286,-5.583628,331126.81
1534254.0,25.5,101542.27,111.91,-1.63,-3.436,-9.349,0.063,-0.096,0.097,-157.29,7.976,1560.089,54.306286,-5.583628,331126.81
1534503.0,25.49,101544.82,111.7,-1.36,-3.67,-9.232,-0.372,0.102,-0.14,-157.755,8.233,1559.436,54.306286,-5.583628,331126.81
1534756.0,25.49,101547.38,111.49,-0.735,-2.682,-9.376,-1.112,0.391,-0.129,-166.773,9.532,1557.137,54.306286,-5.583632,331126.69
1535005.0,25.48,101548.35,111.41,0.46,-0.211,-9.713,-0.997,0.642,0.12,-151.199,8.07,1557.287,54.306286,-5.583632,331126.69
1535254.0,25.47,101548.14,111.42,2.576,2.085,-8.756,-0.64,0.598,0.039,17.434,3.8,1558.278,54.306286,-5.583632,331126.69
1535503.0,25.45,101547.56,111.47,3.476,2.454,-9.041,-0.023,0.717,0.065,101.233,-3.13,1559.699,54.306286,-5.583632,331126.69
1535758.0,25.44,101547.8,111.45,4.899,2.806,-8.025,0.29,-0.194,-0.087,134.639,-12.737,1557.567,54.30629,-5.583632,331127.03
1536008.0,25.43,101548.33,111.41,4.918,3.373,-8.38,-0.569,0.634,-0.146,147.67,-19.5,1555.736,54.30629,-5.583632,331127.03
1536257.0,25.42,101548.48,111.39,5.054,3.682,-6.991,0.047,0.023,-0.146,149.869,-23.313,1553.147,54.30629,-5.583632,331127.03
1536506.0,25.41,101548.48,111.39,5.258,4.226,-7.755,-0.125,0.084,-0.061,150.344,-26.273,1552.148,54.30629,-5.583632,331127.03
1536757.0,25.41,101547.78,111.45,4.968,4.022,-7.436,0.004,-0.034,-0.053,150.657,-28.616,1551.666,54.30629,-5.583642,331126.62
1537006.0,25.41,101548.27,111.41,5.128,3.828,-7.757,-0.065,-0.023,0.196,151.082,-29.716,1552.208,54.30629,-5.583642,331126.62
1537256.0,25.41,101548.73,111.37,4.487,3.608,-7.319,-0.087,-0.054,0.084,152.271,-31.698,1555.966,54.30629,-5.583642,331126.62
1537505.0,25.41,101547.58,111.47,5.205,4.465,-7.721,-0.296,0.22,0.163,149.628,-29.128,1557.881,54.30629,-5.583642,331126.62
1537759.0,25.41,101546.59,111.55,5.186,4.077,-6.677,-0.028,0.157,0.111,148.837,-30.911,1559.749,54.306305,-5.583653,331127.53
1538008.0,25.41,101544.87,111.69,6.0,4.164,-7.089,-0.086,0.165,0.115,149.098,-30.97,1561.441,54.306305,-5.583653,331127.53
1538257.0,25.41,101544.48,111.73,6.371,4.271,-6.404,-0.067,0.378,0.169,147.266,-33.648,1563.675,54.306305,-5.583653,331127.53
1538506.0,25.41,101544.33,111.74,6.905,4.056,-5.763,0.436,0.084,-0.128,147.311,-36.2,1563.952,54.306305,-5.583653,331127.53
1538758.0,25.41,101544.05,111.76,6.493,3.218,-6.122,0.013,0.233,-0.266,147.747,-37.578,1561.258,54.306305,-5.583638,331128.12
1539007.0,25.41,101544.12,111.76,7.341,4.69,-6.347,-0.026,-0.01,-0.43,145.735,-38.944,1557.302,54.306305,-5.583638,331128.12
1539257.0,25.42,101543.88,111.78,6.187,4.266,-6.424,0.089,-0.16,-0.189,146.667,-41.414,1552.31,54.306305,-5.583638,331128.12
1539506.0,25.41,101544.12,111.76,4.508,4.855,-6.167,-0.05,-0.405,-0.547,144.538,-38.649,1548.034,54.306305,-5.583638,331128.12
1539755.0,25.42,101544.37,111.75,4.326,5.464,-7.118,0.237,-0.066,-0.589,138.9,-35.764,1539.271,54.306316,-5.58365,331128.66
1540004.0,25.41,101543.96,111.77,3.201,3.84,-6.986,-0.261,-0.102,0.313,142.237,-31.334,1536.557,54.306316,-5.58365,331128.66
1540253.0,25.41,101543.72,111.79,4.152,6.084,-7.166,-0.128,-0.14,-0.004,136.108,-27.123,1540.412,54.306316,-5.58365,331128.66
1540508.0,25.41,101543.67,111.79,3.496,5.239,-7.207,0.469,-0.612,-0.076,139.569,-28.534,1539.931,54.306316,-5.58365,331128.66
1540758.0,25.41,101543.67,111.79,2.67,5.351,-6.685,0.092,-0.246,0.247,141.985,-27.996,1541.805,54.306335,-5.583646,331130.5
1541007.0,25.41,101541.85,111.94,2.646,6.132,-8.42,-0.313,-0.163,-0.065,143.514,-22.082,1544.335,54.306335,-5.583646,331130.5
1541256.0,25.41,101541.24,111.99,2.224,5.533,-8.219,0.261,-0.419,0.116,145.659,-21.809,1543.91,54.306335,-5.583646,331130.5
1541505.0,25.41,101540.99,112.02,1.59,5.442,-8.298,0.107,-0.142,0.178,146.688,-17.113,1546.4,54.306335,-5.583646,331130.5
1541757.0,25.42,101541.29,111.99,1.269,4.551,-8.703,0.086,-0.278,-0.214,150.54,-15.322,1546.292,54.306347,-5.583645,331131.56
1542006.0,25.42,101540.88,112.03,0.445,4.515,-8.61,-0.304,-0.018,-0.024,150.396,-9.877,1543.469,54.306347,-5.583645,331131.56
1542256.0,25.42,101540.95,112.02,0.503,4.695,-9.194,0.218,-0.406,0.362,151.682,-7.745,1545.839,54.306347,-5.583645,331131.56
1542505.0,25.43,101541.7,111.96,0.136,3.575,-9.179,0.427,-0.266,0.197,158.185,-7.821,1550.371,54.306347,-5.583645,331131.56
1542757.0,25.43,101541.91,111.94,-0.582,3.426,-9.088,0.395,-0.166,0.172,160.885,-4.201,1553.722,54.306355,-5.583648,331132.12
1543006.0,25.43,101542.23,111.91,-1.264,3.558,-11.346,0.01,-0.677,-0.036,163.393,-2.528,1555.002,54.306355,-5.583648,331132.12
1543256.0,25.43,101542.52,111.89,-3.419,1.125,-7.822,0.892,-1.072,0.339,174.785,-3.205,1556.084,54.306355,-5.583648,331132.12
1543505.0,25.42,101544.05,111.76,-4.875,0.515,-8.657,0.331,-0.316,-0.189,179.094,9.635,1557.467,54.306355,-5.583648,331132.12
1543760.0,25.41,101544.9,111.73,-5.473,-0.685,-8.119,-0.257,0.132,-0.407,5.317,20.901,1552.335,54.306362,-5.583653,331132.62
1544004.0,25.4,101544.52,111.72,-4.111,0.163,-9.031,-0.684,0.524,-0.395,2.348,28.533,1547.072,54.306362,-5.583653,331132.62
1544253.0,25.4,101544.12,111.76,-2.954,1.343,-9.321,-0.581,0.404,-0.116,97.723,28.218,1542.981,54.306362,-5.583653,331132.62
1544508.0,25.39,101543.41,111.82,-2.727,1.93,-9.615,-0.419,0.029,-0.038,136.284,22.526,1541.697,54.306362,-5.583653,331132.62
1544755.0,25.38,101542.62,111.88,-3.124,2.835,-8.753,-0.102,-0.045,0.191,147.545,19.547,1543.071,54.306362,-5.583656,331132.47
1545004.0,25.37,101541.27,111.99,-2.717,2.859,-9.143,-0.398,-0.16,0.176,154.369,17.177,1545.112,54.306362,-5.583656,331132.47
1545253.0,25.36,101540.89,112.02,-3.019,3.141,-8.365,-0.24,-0.136,0.062,154.725,16.177,1546.313,54.306362,-5.583656,331132.47
1545508.0,25.36,101541.17,112.0,-3.39,3.826,-8.413,0.176,0.115,0.117,154.679,18.292,1548.142,54.306362,-5.583656,331132.47
1545757.0,25.35,101540.55,112.05,-2.868,4.518,-9.033,0.12,-0.088,0.161,155.448,17.846,1551.386,54.306381,-5.583658,331134.09
1546006.0,25.34,101540.67,112.04,-3.62,3.534,-8.152,0.054,-0.17,-0.012,156.474,17.116,1551.674,54.306381,-5.583658,331134.09
1546255.0,25.34,101540.92,112.02,-3.543,3.61,-8.392,0.015,0.106,0.049,156.819,19.744,1552.219,54.306381,-5.583658,331134.09
1546504.0,25.34,101540.46,112.06,-3.256,3.752,-8.933,0.001,0.028,0.0,156.564,20.386,1552.769,54.306381,-5.583658,331134.09
1546756.0,25.33,101541.37,111.98,-3.582,3.297,-8.94,0.553,-0.264,-0.188,159.467,18.457,1551.232,54.306389,-5.583668,331134.38
1547005.0,25.33,101541.66,111.96,-4.116,1.389,-8.578,0.302,-0.243,-0.138,168.804,19.176,1548.569,54.306389,-5.583668,331134.38
1547255.0,25.32,101542.43,111.9,-4.542,1.283,-8.545,-0.032,-0.053,0.02,172.107,22.118,1547.819,54.306389,-5.583668,331134.38
1547504.0,25.31,101543.05,111.85,-4.666,1.463,-8.523,-0.096,0.066,0.02,170.872,26.101,1548.554,54.306389,-5.583668,331134.38
1547759.0,25.3,101543.62,111.8,-4.468,1.353,-8.792,0.103,-0.055,-0.025,171.433,26.396,1548.518,54.306393,-5.583675,331134.47
1548008.0,25.29,101543.7,111.79,-4.697,0.776,-8.782,0.108,-0.049,-0.074,174.721,26.922,1548.038,54.306393,-5.583675,331134.47
1548257.0,25.27,101543.61,111.8,-4.846,0.529,-8.44,-0.055,-0.014,-0.048,175.633,27.865,1547.542,54.306393,-5.583675,331134.47
1548506.0,25.26,101543.34,111.82,-4.75,0.306,-8.495,-0.03,0.047,-0.02,176.004,29.202,1547.116,54.306393,-5.583675,331134.47
1548756.0,25.24,101543.25,111.83,-4.65,0.632,-8.93,-0.207,0.063,-0.013,174.864,29.584,1547.093,54.306393,-5.583675,331134.47
1549005.0,25.23,101542.59,111.88,-4.652,1.18,-8.602,-0.287,-0.04,-0.035,171.225,28.531,1547.015,54.306393,-5.583675,331134.47
1549254.0,25.21,101542.88,111.86,-4.712,1.372,-8.253,-0.073,0.034,-0.067,169.21,29.087,1546.147,54.306393,-5.583675,331134.47
1549503.0,25.2,101542.05,111.93,-4.934,1.551,-8.777,-0.113,0.054,0.097,169.498,29.89,1546.36,54.306393,-5.583675,331134.47
1549756.0,25.2,101542.73,111.87,-4.992,2.059,-8.667,0.131,-0.104,0.164,169.35,27.275,1550.048,54.306393,-5.583673,331134.53
1550006.0,25.19,101542.48,111.89,-4.501,0.867,-8.636,0.151,0.081,0.003,173.103,29.686,1549.249,54.306393,-5.583673,331134.53
1550255.0,25.19,101541.95,111.94,-4.556,0.828,-8.76,-0.116,-0.149,-0.069,173.43,27.263,1549.196,54.306393,-5.583673,331134.53
1550504.0,25.18,101542.07,111.93,-4.86,0.453,-8.322,-0.065,0.076,-0.202,173.642,27.174,1546.907,54.306393,-5.583673,331134.53
1550757.0,25.17,101542.03,111.92,-3.946,0.922,-8.483,-0.499,0.506,0.078,172.615,31.118,1546.398,54.3064,-5.583675,331135.12
1551006.0,25.17,101542.19,111.92,-3.292,2.401,-9.847,0.001,0.07,0.039,168.049,27.75,1547.766,54.3064,-5.583675,331135.12
1551255.0,25.16,101542.06,111.93,-3.481,0.788,-8.641,0.124,-0.134,0.027,171.72,22.249,1547.436,54.3064,-5.583675,331135.12
1551505.0,25.15,101542.3,111.91,-3.589,1.247,-9.242,-0.065,-0.011,-0.183,172.076,21.259,1546.824,54.3064,-5.583675,331135.12
1551760.0,25.14,101541.84,111.94,-4.132,1.75,-8.775,-0.055,-0.299,-0.184,171.733,20.395,1544.517,54.306408,-5.583675,331135.81
1552003.0,25.13,101541.14,112.0,-5.016,0.306,-8.174,-0.02,-0.081,-0.285,173.565,23.11,1539.995,54.306408,-5.583675,331135.81
1552258.0,25.12,101541.21,112.0,-4.925,0.967,-8.349,-0.041,-0.158,0.133,98.83,26.777,1540.316,54.306408,-5.583675,331135.81
1552507.0,25.11,101540.88,112.02,-5.765,0.35,-8.741,-0.076,-0.399,-0.063,144.57,27.036,1539.833,54.306408,-5.583675,331135.81
1552759.0,25.11,101540.34,112.07,-6.488,0.486,-7.851,-0.134,-0.772,-0.116,160.246,25.759,1538.944,54.3064,-5.58366,331135.72
1553008.0,25.11,101540.02,112.1,-7.74,0.766,-5.152,-0.657,-0.972,-0.259,162.955,29.987,1535.76,54.3064,-5.58366,331135.72
1553257.0,25.11,101539.84,112.11,-9.589,0.864,-1.441,-0.093,-0.668,-0.289,158.758,44.365,1531.318,54.3064,-5.58366,331135.72
1553506.0,25.11,101538.94,112.19,-9.345,0.201,-2.696,-0.522,-0.351,-0.031,144.359,58.43,1529.299,54.3064,-5.58366,331135.72
1553755.0,25.1,101538.38,112.23,-9.673,-0.141,-1.657,-0.296,-0.025,-0.051,79.552,67.171,1529.184,54.306412,-5.583693,331135.44
1554005.0,25.1,101538.38,112.23,-9.656,-0.223,-1.482,-0.134,0.054,0.016,-10.17,75.869,1528.322,54.306412,-5.583693,331135.44
1554254.0,25.1,101538.53,112.22,-9.735,1.877,-3.254,0.044,0.225,-0.18,32.813,76.36,1529.726,54.306412,-5.583693,331135.44
1554503.0,25.11,101537.95,112.27,-9.811,0.285,-3.067,0.44,0.006,0.057,37.006,74.744,1529.551,54.306412,-5.583693,331135.44
1554760.0,25.11,101538.75,112.23,-8.598,2.229,-2.207,0.017,-0.01,0.351,92.482,71.865,1533.142,54.306419,-5.583713,331135.34
1555003.0,25.11,101538.17,112.25,-9.148,0.153,-3.929,0.042,0.02,-0.059,109.66,73.937,1532.837,54.306419,-5.583713,331135.34
1555258.0,25.12,101537.75,112.28,-9.091,1.817,-1.963,-0.051,-0.011,0.426,120.607,74.39,1537.269,54.306419,-5.583713,331135.34
1555507.0,25.12,101538.13,112.25,-9.737,2.392,-2.923,0.035,-0.112,-0.07,130.758,71.236,1539.297,54.306419,-5.583713,331135.34
1555756.0,25.12,101537.8,112.28,-9.086,1.209,-2.239,-0.12,-0.161,-0.27,137.68,70.271,1536.219,54.306427,-5.583723,331135.62
1556005.0,25.12,101537.72,112.29,-10.549,0.491,-2.246,0.048,0.152,-0.142,141.784,77.215,1533.503,54.306427,-5.583723,331135.62
1556255.0,25.12,101537.96,112.27,-9.708,-0.031,-2.184,0.178,-0.457,0.013,154.832,74.134,1531.92,54.306427,-5.583723,331135.62
1556504.0,25.12,101537.47,112.31,-9.72,0.409,-1.235,0.067,-0.078,-0.006,142.111,76.544,1532.039,54.306427,-5.583723,331135.62
1556754.0,25.13,101537.35,112.32,-9.711,0.263,-0.292,0.147,0.043,-0.076,143.881,80.956,1532.097,54.30645,-5.583725,331137.59
1557003.0,25.13,101537.44,112.31,-9.33,-0.675,-0.287,0.248,-0.217,-0.151,0.853,82.028,1528.786,54.30645,-5.583725,331137.59
1557253.0,25.13,101536.86,112.36,-9.888,-0.603,-0.79,0.033,0.13,-0.046,-50.429,85.3,1529.402,54.30645,-5.583725,331137.59
1557508.0,25.13,101537.27,112.32,-9.522,-0.184,-0.441,0.306,-0.338,0.15,-106.932,82.847,1530.504,54.30645,-5.583725,331137.59
1557759.0,25.14,101537.16,112.33,-9.345,1.276,1.846,0.26,-0.172,-0.244,-60.018,78.238,1531.737,54.306477,-5.58372,331140.12
1558008.0,25.14,101536.5,112.39,-9.359,0.407,1.571,0.479,-0.038,-0.186,-53.441,80.879,1529.453,54.306477,-5.58372,331140.12
1558257.0,25.14,101536.08,112.42,-9.934,-0.242,0.69,0.421,0.142,0.024,-39.039,83.972,1529.913,54.306477,-5.58372,331140.12
1558507.0,25.14,101536.16,112.42,-9.383,-0.646,0.436,0.052,0.447,-0.123,-28.889,85.66,1529.015,54.306477,-5.58372,331140.12
1558758.0,25.14,101536.38,112.4,-9.347,0.742,-0.541,-0.105,0.037,0.055,-39.5,85.533,1530.383,54.306503,-5.583706,331143.03
1559007.0,25.15,101536.38,112.4,-9.756,-2.002,0.421,-0.095,-0.098,-0.184,-14.751,83.854,1527.354,54.306503,-5.583706,331143.03
1559256.0,25.15,101536.17,112.41,-9.641,-0.431,-0.615,-0.322,0.021,-0.028,-71.485,83.807,1527.23,54.306503,-5.583706,331143.03
1559506.0,25.16,101536.63,112.38,-9.548,-1.161,-0.639,-0.936,0.083,-0.29,-119.976,84.97,1524.977,54.306503,-5.583706,331143.03
1559759.0,25.16,101536.55,112.38,-9.548,-2.485,-1.008,-0.828,-0.033,-0.135,-124.165,81.072,1521.57,54.306507,-5.583706,331143.38
1560003.0,25.16,101535.97,112.43,-9.412,-2.507,-0.431,-0.561,0.015,0.053,-121.752,76.646,1521.134,54.306507,-5.583706,331143.38
1560258.0,25.17,101535.72,112.45,-9.548,-1.882,-1.176,-0.002,0.059,0.0,-117.395,76.875,1521.943,54.306507,-5.583706,331143.38
1560507.0,25.17,101536.52,112.39,-9.735,-1.408,-1.571,0.108,0.016,0.01,-124.343,77.374,1522.551,54.306507,-5.583706,331143.38
1560758.0,25.17,101536.76,112.37,-9.225,-1.846,-1.018,-0.042,-0.037,0.048,-126.661,76.721,1522.42,54.306534,-5.583703,331145.88
1561008.0,25.18,101537.22,112.33,-9.392,-1.75,-1.348,0.126,0.177,0.015,-121.794,78.096,1523.268,54.306534,-5.583703,331145.88
1561257.0,25.18,101537.84,112.28,-9.673,-1.575,-1.401,0.029,0.036,-0.059,-127.245,78.546,1522.679,54.306534,-5.583703,331145.88
1561506.0,25.19,101538.33,112.24,-9.737,-1.528,-0.924,-0.151,0.059,-0.102,-128.575,78.356,1521.613,54.306534,-5.583703,331145.88
1561759.0,25.19,101538.62,112.21,-9.579,-2.258,-1.791,-0.175,-0.278,-0.008,-130.452,75.501,1520.994,54.306553,-5.583696,331147.84
1562003.0,25.19,101538.38,112.23,-9.474,-2.004,-1.571,-0.309,-0.055,-0.04,-129.306,74.045,1521.14,54.306553,-5.583696,331147.84
1562258.0,25.2,101538.34,112.23,-9.361,-1.939,-1.638,0.162,0.143,-0.101,-130.067,75.695,1519.634,54.306553,-5.583696,331147.84
1562507.0,25.2,101538.67,112.21,-9.72,-2.416,-2.188,0.328,0.137,-0.004,-128.864,75.127,1518.931,54.306553,-5.583696,331147.84
1562758.0,25.21,101539.29,112.16,-8.971,-3.282,-2.018,-0.13,0.192,0.174,-126.223,73.974,1519.972,54.306572,-5.58371,331149.0
1563007.0,25.21,101539.42,112.15,-9.452,-2.586,-1.846,0.214,0.141,0.183,-121.83,73.47,1522.717,54.306572,-5.58371,331149.0
1563256.0,25.21,101539.75,112.12,-9.352,-2.277,-2.306,0.401,-0.034,0.024,-124.81,72.435,1524.001,54.306572,-5.58371,331149.0
1563505.0,25.22,101540.16,112.08,-8.95,-2.459,-1.903,0.145,0.029,0.037,-126.052,71.507,1524.194,54.306572,-5.58371,331149.0
1563758.0,25.22,101540.98,112.02,-8.988,-2.231,-1.872,0.151,0.067,0.095,-126.915,71.848,1525.315,54.306572,-5.58371,331149.0
1564008.0,25.21,101540.91,112.02,-9.426,-1.932,-1.844,-0.052,0.091,0.08,-130.449,73.307,1526.81,54.306572,-5.58371,331149.0
1564257.0,25.21,101540.61,112.05,-9.637,-2.107,-2.373,0.058,0.074,-0.04,-134.426,73.9,1526.788,54.306572,-5.58371,331149.0
1564506.0,25.21,101540.53,112.05,-9.354,-2.274,-2.291,-0.041,-0.039,0.075,-135.172,72.327,1526.739,54.306572,-5.58371,331149.0
1564755.0,25.21,101540.53,112.05,-9.287,-2.064,-2.152,-0.026,0.053,0.083,-135.276,72.329,1527.877,54.306572,-5.58371,331149.0
1565004.0,25.2,101540.15,112.09,-9.347,-1.851,-2.057,-0.01,0.013,0.083,-138.174,72.472,1529.323,54.306572,-5.58371,331149.0
1565253.0,25.2,101539.82,112.11,-9.455,-1.48,-2.473,-0.09,0.073,0.075,-142.246,73.8,1530.64,54.306572,-5.58371,331149.0
1565508.0,25.19,101538.58,112.22,-9.388,-1.695,-2.444,-0.014,-0.03,-0.064,-146.177,73.231,1530.507,54.306572,-5.58371,331149.0
1565760.0,25.18,101538.17,112.25,-9.225,-1.903,-2.195,0.003,-0.136,0.024,-143.592,71.74,1530.142,54.306572,-5.58371,331149.0
1566003.0,25.18,101537.95,112.27,-9.397,-1.798,-1.69,-0.013,0.035,0.029,-139.402,72.58,1530.541,54.306572,-5.58371,331149.0
1566258.0,25.17,101537.42,112.31,-9.572,-1.59,-2.495,-0.124,0.053,0.078,-141.109,73.484,1531.216,54.306572,-5.58371,331149.0
1566507.0,25.16,101538.28,112.24,-9.213,-1.389,-2.598,-0.307,0.145,0.148,-147.123,74.134,1532.872,54.306572,-5.58371,331149.0
1566758.0,25.16,101538.03,112.26,-9.419,-0.812,-3.163,-0.459,0.047,0.071,-157.851,73.564,1534.797,54.306618,-5.583723,331152.56
1567007.0,25.16,101537.45,112.31,-9.661,-0.35,-3.282,-0.768,0.061,-0.09,-171.154,72.435,1534.457,54.306618,-5.583723,331152.56
1567257.0,25.15,101536.34,112.4,-8.94,-0.192,-3.536,-0.992,0.204,-0.045,-180.06,70.434,1532.991,54.306618,-5.583723,331152.56
1567506.0,25.15,101536.67,112.37,-8.789,0.043,-3.891,-0.226,0.099,-0.238,-11.303,71.38,1531.196,54.306618,-5.583723,331152.56
1567759.0,25.16,101536.63,112.38,-8.911,-0.476,-3.955,-0.22,-0.126,-0.172,-90.121,66.871,1528.288,54.306629,-5.58373,331153.28
1568003.0,25.16,101535.97,112.43,-9.38,-0.998,-2.99,-0.033,0.11,-0.24,-101.382,69.567,1525.455,54.306629,-5.58373,331153.28
1568257.0,25.17,101536.1,112.42,-8.921,-1.164,-2.94,-0.021,0.05,-0.005,-134.638,70.283,1523.369,54.306629,-5.58373,331153.28
1568506.0,25.17,101537.58,112.3,-9.421,-1.274,-3.615,0.047,0.137,-0.035,-149.127,70.594,1523.445,54.306629,-5.58373,331153.28
1568757.0,25.18,101538.2,112.25,-8.576,-0.965,-4.094,-0.243,0.143,0.045,-157.821,69.08,1523.265,54.306637,-5.58374,331153.56
1569006.0,25.18,101538.61,112.21,-8.708,-0.486,-4.604,-0.963,0.422,0.284,-170.11,68.652,1525.385,54.306637,-5.58374,331153.56
1569255.0,25.18,101539.48,112.14,-8.071,0.919,-5.526,-0.345,0.286,0.263,-44.69,65.388,1529.453,54.306637,-5.58374,331153.56
1569504.0,25.19,101539.97,112.1,-7.762,2.27,-5.823,-0.735,0.201,0.428,71.817,60.696,1534.394,54.306637,-5.58374,331153.56
1569757.0,25.19,101540.55,112.05,-7.07,3.625,-5.765,-0.075,0.011,0.425,108.539,55.17,1540.832,54.306637,-5.58374,331153.56
1570006.0,25.19,101540.44,112.06,-6.725,4.336,-5.89,0.282,-0.007,0.391,132.32,48.156,1546.333,54.306637,-5.58374,331153.56
1570255.0,25.19,101539.94,112.1,-5.787,4.477,-6.129,0.169,0.065,0.413,140.821,43.369,1552.471,54.306637,-5.58374,331153.56
1570504.0,25.19,101540.35,112.07,-4.671,5.025,-6.603,0.058,0.189,0.392,142.537,39.108,1557.63,54.306637,-5.58374,331153.56
1570759.0,25.19,101540.19,112.08,-4.571,6.292,-6.249,-0.428,0.519,0.807,137.713,36.727,1567.057,54.306656,-5.583746,331155.03
1571003.0,25.2,101540.92,112.02,-4.439,7.915,-6.761,-0.291,0.094,0.252,132.347,31.164,1575.667,54.306656,-5.583746,331155.03
1571258.0,25.2,101541.25,111.99,-2.421,7.8,-6.615,-0.024,-0.267,-0.18,130.019,23.577,1578.138,54.306656,-5.583746,331155.03
1571507.0,25.2,101540.59,112.05,-2.576,8.205,-5.643,-0.493,-0.027,0.274,125.044,16.236,1579.056,54.306656,-5.583746,331155.03
1571755.0,25.2,101540.73,112.04,-2.737,7.685,-4.951,0.037,-0.018,0.006,122.667,16.775,1581.166,54.306656,-5.583755,331154.69
1572004.0,25.2,101540.31,112.09,-2.155,8.399,-5.607,0.032,0.003,0.067,124.555,15.198,1580.995,54.306656,-5.583755,331154.69
1572253.0,25.21,101540.2,112.08,-2.248,7.717,-5.499,-0.136,-0.025,-0.013,123.737,15.217,1581.148,54.306656,-5.583755,331154.69
1572508.0,25.21,101540.69,112.04,-2.272,7.781,-5.236,-0.019,0.004,-0.021,123.131,14.562,1581.049,54.306656,-5.583755,331154.69
1572758.0,25.22,101540.81,112.03,-2.251,7.867,-5.499,0.053,0.088,0.038,123.021,14.894,1581.221,54.306656,-5.583755,331154.69
1573007.0,25.22,101540.48,112.06,-2.318,8.739,-4.12,-0.347,0.022,0.199,122.466,15.178,1582.058,54.306656,-5.583755,331154.69
1573256.0,25.22,101541.64,111.96,-2.327,8.195,-5.064,0.046,0.045,0.003,119.632,14.215,1582.857,54.306656,-5.583755,331154.69
1573505.0,25.22,101542.02,111.93,-1.963,7.977,-4.772,-0.002,0.035,0.02,119.374,13.101,1583.415,54.306656,-5.583755,331154.69
1573755.0,25.23,101542.92,111.86,-2.033,8.406,-5.205,-0.07,0.039,-0.017,121.181,13.077,1583.323,54.306656,-5.583755,331154.69
1574004.0,25.23,101543.0,111.85,-2.222,8.296,-4.944,-0.088,0.03,0.099,121.207,13.181,1583.805,54.306656,-5.583755,331154.69
1574253.0,25.23,101541.84,111.94,-2.133,8.332,-4.994,0.079,0.029,-0.079,121.411,12.016,1583.862,54.306656,-5.583755,331154.69
1574503.0,25.23,101541.41,111.98,-4.209,7.235,-4.666,0.163,-0.473,0.035,121.725,14.819,1583.975,54.306656,-5.583755,331154.69
1574759.0,25.23,101541.81,111.95,-4.561,5.686,-6.938,1.433,-1.287,0.103,136.602,10.27,1582.922,54.306667,-5.583773,331155.0
1575008.0,25.24,101542.88,111.86,-4.08,2.655,-8.365,2.277,-1.214,0.468,161.371,7.328,1585.744,54.306667,-5.583773,331155.0
1575257.0,25.24,101543.55,111.8,-5.16,2.143,-8.282,0.826,-0.213,0.871,172.489,15.281,1599.319,54.306667,-5.583773,331155.0
1575506.0,25.23,101543.3,111.82,-5.483,2.435,-8.023,0.637,0.047,0.365,173.834,23.408,1608.043,54.306667,-5.583773,331155.0
1575759.0,25.23,101543.95,111.77,-6.029,1.487,-8.186,0.709,-0.089,-0.133,177.064,28.723,1609.257,54.306667,-5.583773,331155.0
1576007.0,25.23,101543.66,111.77,-6.723,0.828,-7.195,0.08,-0.15,-0.165,175.329,33.936,1606.967,54.306667,-5.583773,331155.0
1576257.0,25.22,101544.02,111.76,-6.211,0.103,-7.039,-0.256,-0.155,-0.179,175.724,36.588,1604.461,54.306667,-5.583773,331155.0
1576506.0,25.21,101545.3,111.66,-6.955,-0.417,-6.891,0.153,0.297,0.005,-5.264,43.386,1602.384,54.306667,-5.583773,331155.0
1576757.0,25.19,101544.96,111.69,-4.93,0.263,-9.124,0.247,0.307,0.272,-32.311,43.595,1604.72,54.306667,-5.58378,331154.72
1577006.0,25.18,101545.33,111.66,-4.748,1.13,-8.724,0.231,0.018,0.124,91.061,33.308,1608.076,54.306667,-5.58378,331154.72
1577255.0,25.17,101545.64,111.63,-4.721,0.431,-7.602,-0.028,0.205,0.487,139.461,32.816,1612.176,54.306667,-5.58378,331154.72
1577504.0,25.16,101546.02,111.57,-4.408,-1.338,-10.106,0.994,0.381,0.468,55.498,33.121,1619.365,54.306667,-5.58378,331154.72
1577756.0,25.15,101546.88,111.53,-3.285,-2.102,-9.397,0.641,0.328,0.516,-50.481,32.281,1625.988,54.306667,-5.58378,331154.72
1578005.0,25.14,101547.02,111.52,-3.895,-2.887,-9.115,0.235,0.189,0.478,-114.75,27.281,1633.783,54.306667,-5.58378,331154.72
1578254.0,25.13,101548.3,111.41,-3.594,-3.098,-8.626,0.382,0.207,0.521,-138.98,24.778,1640.753,54.306667,-5.58378,331154.72
1578503.0,25.13,101549.2,111.34,-4.295,-2.892,-8.71,0.035,0.157,0.368,-149.515,25.937,1647.24,54.306667,-5.58378,331154.72
1578759.0,25.13,101550.93,111.19,-3.96,-2.023,-8.878,-0.457,0.01,0.101,-160.189,25.15,1650.767,54.306667,-5.58378,331154.72
1579008.0,25.14,101551.48,111.15,-1.602,-1.815,-9.838,0.007,0.412,-0.008,-166.338,25.113,1650.013,54.306667,-5.58378,331154.72
1579257.0,25.14,101552.21,111.09,-1.889,-1.887,-8.782,0.199,0.089,0.406,-166.76,15.688,1654.28,54.306667,-5.58378,331154.72
1579506.0,25.14,101552.95,111.02,-2.744,-2.229,-8.272,0.461,0.297,0.098,-161.277,16.095,1658.02,54.306667,-5.58378,331154.72
1579757.0,25.14,101554.1,110.93,-2.093,-5.04,-12.5,-0.433,0.197,0.275,-161.111,17.224,1661.602,54.306667,-5.58378,331154.72
1580007.0,25.14,101554.52,110.89,-1.109,-3.024,-7.479,0.171,0.207,0.217,-157.785,13.284,1664.565,54.306667,-5.58378,331154.72
1580256.0,25.13,101554.72,110.88,-2.071,-3.517,-9.349,-0.149,0.164,-0.108,-157.834,14.257,1666.036,54.306667,-5.58378,331154.72
1580505.0,25.13,101554.72,110.88,-0.718,-2.847,-9.955,0.462,0.016,-0.464,-158.715,12.347,1661.059,54.306667,-5.58378,331154.72
1580759.0,25.12,101554.18,110.92,-0.895,-2.698,-7.604,-0.018,-0.269,-0.222,-159.328,4.426,1656.608,54.306667,-5.58378,331154.72
1581003.0,25.12,101554.05,110.93,-0.218,-5.638,-11.384,-0.736,0.261,0.027,-159.382,7.667,1654.461,54.306667,-5.58378,331154.72
1581258.0,25.11,101553.52,110.98,-0.962,-4.269,-7.274,-0.029,-0.047,0.13,-155.042,7.719,1656.096,54.306667,-5.58378,331154.72
1581507.0,25.11,101554.09,110.93,0.63,-5.061,-11.789,-1.095,1.06,0.325,-148.275,4.86,1659.188,54.306667,-5.58378,331154.72
1581756.0,25.1,101553.46,110.98,-0.385,-1.884,-9.759,-0.086,-0.232,0.15,-155.445,4.495,1662.266,54.306686,-5.583783,331156.28
1582006.0,25.1,101552.8,111.04,-1.192,-2.758,-8.411,-0.735,-0.396,-0.035,-162.861,0.049,1661.729,54.306686,-5.583783,331156.28
1582255.0,25.09,101552.67,111.05,0.493,-3.287,-9.586,-0.1,0.518,-0.012,-165.388,2.984,1660.766,54.306686,-5.583783,331156.28
1582504.0,25.08,101551.64,111.13,0.362,-2.109,-8.617,-0.69,0.087,0.008,-166.407,-0.066,1661.56,54.306686,-5.583783,331156.28
1582759.0,25.08,101551.16,111.17,0.539,-1.628,-13.369,-0.425,0.289,-0.081,-170.005,0.955,1659.664,54.306686,-5.583783,331156.28
1583008.0,25.07,101548.88,111.36,0.8,-1.817,-8.447,-0.267,-0.388,0.186,-173.047,-1.109,1660.368,54.306686,-5.583783,331156.28
1583257.0,25.07,101547.89,111.44,-0.577,-1.109,-10.764,0.021,0.178,0.109,-171.095,-2.944,1662.399,54.306686,-5.583783,331156.28
1583507.0,25.07,101547.4,111.48,1.709,-2.365,-9.641,0.155,0.058,0.141,-169.157,-3.391,1662.726,54.306686,-5.583783,331156.28
1583755.0,25.08,101548.52,111.38,1.226,-3.103,-7.949,0.116,-0.195,-0.458,-163.135,-7.192,1658.447,54.306667,-5.583795,331154.16
1584004.0,25.08,101549.59,111.3,-0.012,-4.123,-11.748,-0.347,0.843,-0.278,-165.382,-2.152,1653.039,54.306667,-5.583795,331154.16
1584253.0,25.08,101548.02,111.43,1.616,-2.454,-7.894,0.216,-0.457,0.279,-164.292,-7.468,1653.745,54.306667,-5.583795,331154.16
1584508.0,25.09,101547.58,111.47,2.006,-2.816,-11.993,0.289,0.344,0.248,-163.126,-6.089,1657.948,54.306667,-5.583795,331154.16
1584756.0,25.09,101546.59,111.55,1.211,-2.629,-9.34,-0.726,0.195,0.294,-166.618,-5.038,1661.826,54.306664,-5.583802,331153.53
1585005.0,25.09,101547.25,111.5,1.106,-2.77,-8.878,-0.593,-0.328,0.078,-167.654,-9.478,1664.951,54.306664,-5.583802,331153.53
1585255.0,25.09,101548.32,111.41,0.101,-1.559,-8.756,0.328,0.528,-0.394,-169.245,-3.855,1661.148,54.306664,-5.583802,331153.53
1585504.0,25.09,101547.98,111.44,0.699,-1.135,-8.531,0.27,-0.617,-0.094,-168.226,-12.004,1659.18,54.306664,-5.583802,331153.53
1585757.0,25.09,101549.05,111.35,0.984,-3.414,-13.082,-0.288,0.386,0.045,-165.648,-7.837,1658.583,54.306656,-5.583803,331152.81
1586006.0,25.09,101548.56,111.39,1.346,-2.512,-7.331,-0.332,-0.016,0.336,-166.281,-4.425,1661.269,54.306656,-5.583803,331152.81
1586255.0,25.09,101548.89,111.36,2.251,-4.104,-11.679,-0.267,-0.066,0.116,-164.114,-6.977,1664.957,54.306656,-5.583803,331152.81
1586504.0,25.09,101549.39,111.32,1.523,-1.231,-8.588,-0.176,0.096,-0.242,-164.645,-4.795,1662.498,54.306656,-5.583803,331152.81
1586758.0,25.09,101548.48,111.39,-0.632,-1.975,-9.263,0.144,-0.215,0.091,-167.107,-6.238,1661.154,54.306648,-5.58381,331151.88
1587008.0,25.09,101548.81,111.37,1.717,-2.909,-9.443,0.31,0.424,-0.012,-164.243,-3.265,1661.66,54.306648,-5.58381,331151.88
1587257.0,25.09,101549.14,111.34,1.178,-2.753,-8.25,-0.15,-0.211,-0.025,-162.891,-6.669,1662.048,54.306648,-5.58381,331151.88
1587506.0,25.09,101548.4,111.4,1.403,-3.326,-11.878,0.147,0.194,-0.514,-164.021,-7.29,1658.547,54.306648,-5.58381,331151.88
1587758.0,25.09,101548.32,111.41,1.341,-2.746,-7.963,0.142,-0.71,-0.086,-162.518,-9.385,1654.181,54.306644,-5.583817,331151.25
1588007.0,25.09,101549.14,111.34,1.647,-3.826,-12.081,0.535,0.457,-0.189,-162.456,-5.507,1653.7,54.306644,-5.583817,331151.25
1588257.0,25.09,101550.21,111.25,1.662,-3.29,-8.191,-0.369,0.066,0.097,-161.325,-4.655,1652.145,54.306644,-5.583817,331151.25
1588506.0,25.09,101549.88,111.28,2.382,-3.991,-8.985,-0.125,-0.024,-0.125,-159.803,-8.158,1652.244,54.306644,-5.583817,331151.25
1588754.0,25.09,101549.27,111.33,1.451,-2.969,-8.629,0.458,0.09,-0.387,-154.697,-6.949,1646.362,54.306637,-5.583823,331150.31
1589003.0,25.09,101547.78,111.45,0.323,-3.737,-8.875,-0.224,-0.215,0.092,-157.074,-11.007,1645.312,54.306637,-5.583823,331150.31
1589258.0,25.1,101547.7,111.46,1.997,-4.219,-9.412,-0.682,0.496,0.317,-162.198,-7.569,1648.781,54.306637,-5.583823,331150.31
1589507.0,25.1,101547.95,111.44,1.267,-2.768,-7.855,-0.122,0.021,0.332,-163.68,-9.579,1654.061,54.306637,-5.583823,331150.31
1589776.0,25.1,101548.11,111.43,2.246,-4.128,-11.507,-0.015,0.198,-0.506,-163.118,-9.585,1651.025,54.306637,-5.583842,331149.59
1590003.0,25.1,101547.78,111.45,2.081,-2.389,-7.123,0.263,-0.752,-0.136,-160.545,-13.891,1647.286,54.306637,-5.583842,331149.59
1590258.0,25.1,101548.69,111.38,1.791,-3.95,-12.179,0.304,0.369,-0.13,-158.038,-10.704,1645.931,54.306637,-5.583842,331149.59
1590507.0,25.1,101548.69,111.38,1.494,-3.859,-8.337,-0.394,-0.141,0.065,-158.308,-8.493,1644.26,54.306637,-5.583842,331149.59
1590756.0,25.1,101549.02,111.35,1.848,-4.262,-9.213,-0.045,-0.525,0.043,-157.056,-12.494,1645.557,54.306637,-5.583842,331149.59
1591005.0,25.1,101550.01,111.27,1.513,-3.517,-9.831,0.164,0.008,-0.171,-156.164,-9.879,1642.962,54.306637,-5.583842,331149.59
1591255.0,25.1,101549.67,111.3,-0.649,-3.606,-8.243,-0.143,-0.308,0.182,-157.105,-7.465,1643.835,54.306637,-5.583842,331149.59
1591504.0,25.1,101550.66,111.21,0.486,-4.729,-9.347,-0.078,0.434,-0.03,-155.608,-2.108,1645.419,54.306637,-5.583842,331149.59
1591756.0,25.1,101550.67,111.21,0.378,-4.506,-6.522,0.074,-0.226,-0.746,-150.152,-6.398,1639.377,54.306625,-5.583855,331148.09
1592005.0,25.09,101551.28,111.16,1.793,-6.802,-12.215,-0.516,0.493,-0.131,-152.854,-3.721,1635.255,54.306625,-5.583855,331148.09
1592255.0,25.08,101550.08,111.26,1.192,-3.699,-6.833,-0.302,-0.349,0.423,-152.488,-4.276,1635.116,54.306625,-5.583855,331148.09
1592504.0,25.08,101549.51,111.31,0.994,-4.25,-9.768,0.208,0.425,0.327,-153.235,-4.742,1641.185,54.306625,-5.583855,331148.09
1592759.0,25.08,101549.67,111.3,2.44,-4.317,-9.048,-0.431,0.053,0.515,-156.181,-3.772,1646.472,54.30661,-5.583867,331146.25
1593008.0,25.08,101549.59,111.3,0.85,-3.821,-8.416,-0.157,-0.341,0.256,-157.022,-9.584,1653.95,54.30661,-5.583867,331146.25
1593257.0,25.08,101549.17,111.34,0.366,-3.91,-9.402,-0.037,0.061,-0.462,-158.385,-9.013,1650.573,54.30661,-5.583867,331146.25
1593506.0,25.08,101547.7,111.46,-0.747,-2.399,-7.147,0.44,-0.58,-0.24,-158.124,-8.293,1647.079,54.30661,-5.583867,331146.25
1593759.0,25.09,101548.64,111.38,0.383,-5.217,-11.523,-0.319,0.411,-0.052,-157.225,-4.104,1645.41,54.306606,-5.583887,331145.12
1594003.0,25.09,101548.98,111.35,0.764,-3.302,-7.161,0.029,-0.077,0.149,-156.956,-2.596,1645.767,54.306606,-5.583887,331145.12
1594258.0,25.09,101549.3,111.33,3.172,-5.064,-12.254,-0.186,0.044,-0.353,-158.5,-7.053,1645.706,54.306606,-5.583887,331145.12
1594507.0,25.09,101549.3,111.33,0.558,-3.036,-6.972,-0.582,-0.217,-0.129,-159.335,-5.489,1640.224,54.306606,-5.583887,331145.12
1594756.0,25.09,101548.98,111.35,0.352,-4.216,-9.977,0.397,0.139,-0.071,-156.867,-4.134,1638.495,54.306591,-5.583888,331143.72
1595005.0,25.09,101548.89,111.36,1.444,-3.433,-8.581,-0.031,-0.163,0.132,-157.597,-4.793,1638.358,54.306591,-5.583888,331143.72
1595254.0,25.09,101549.88,111.28,1.781,-3.699,-8.303,-0.377,-0.029,0.04,-157.31,-7.678,1640.911,54.306591,-5.583888,331143.72
1595503.0,25.09,101548.81,111.37,0.385,-2.883,-8.047,0.525,-0.049,-0.459,-157.662,-9.922,1637.179,54.306591,-5.583888,331143.72
1595755.0,25.09,101548.39,111.4,-0.807,-3.67,-8.384,-0.176,-0.307,-0.055,-157.482,-5.877,1632.558,54.306587,-5.58389,331143.31
1596004.0,25.09,101546.5,111.56,0.309,-4.664,-10.75,-0.191,0.308,0.538,-158.234,-1.854,1636.444,54.306587,-5.58389,331143.31
1596254.0,25.09,101546.84,111.53,0.306,-2.114,-6.941,-0.022,-0.342,0.436,-160.258,-5.731,1645.039,54.306587,-5.58389,331143.31
1596503.0,25.09,101547.66,111.46,0.287,-5.136,-11.317,-0.299,0.413,-0.667,-163.16,-7.241,1643.847,54.306587,-5.58389,331143.31
1596757.0,25.09,101547.16,111.5,-0.467,-2.82,-6.618,-0.033,-0.121,-0.196,-160.414,-4.204,1637.676,54.306572,-5.58389,331141.97
1597006.0,25.09,101545.84,111.61,-0.048,-5.595,-15.048,0.14,-0.207,0.28,-159.308,-1.412,1638.585,54.306572,-5.58389,331141.97
1597255.0,25.09,101546.26,111.58,0.86,-3.098,-6.297,0.08,-0.165,0.191,-155.705,-5.978,1642.786,54.306572,-5.58389,331141.97
1597504.0,25.09,101547.58,111.47,1.07,-5.272,-12.57,-0.427,0.913,0.357,-151.937,-6.273,1648.66,54.306572,-5.58389,331141.97
1597784.0,25.09,101548.28,111.41,0.089,-1.841,-6.627,-0.745,-0.406,0.244,-161.913,-2.919,1650.303,54.306568,-5.583887,331141.75
1598005.0,25.09,101545.77,111.62,-1.568,-2.174,-11.492,0.471,0.021,0.234,-165.51,-1.211,1653.465,54.306568,-5.583887,331141.75
1598254.0,25.09,101545.52,111.64,2.456,-4.077,-7.841,0.023,0.004,-0.614,-163.79,-6.897,1650.382,54.306568,-5.583887,331141.75
1598503.0,25.09,101545.84,111.61,1.848,-3.773,-9.469,-0.157,0.245,-0.331,-159.913,-9.878,1643.71,54.306568,-5.583887,331141.75
1598759.0,25.09,101544.53,111.72,2.452,-2.772,-9.826,0.061,-0.185,-0.131,-156.562,-6.007,1638.154,54.306568,-5.583887,331141.75
1599008.0,25.09,101542.39,111.9,-0.048,-3.302,-9.73,-0.24,-0.162,0.299,-160.02,-7.983,1639.632,54.306568,-5.583887,331141.75
1599257.0,25.09,101541.23,112.0,1.259,-2.856,-9.627,-0.485,0.099,0.69,-162.977,-7.379,1646.733,54.306568,-5.583887,331141.75
1599506.0,25.09,101540.98,112.02,1.207,-3.196,-8.947,-0.106,-0.057,0.232,-163.4,-7.174,1653.874,54.306568,-5.583887,331141.75
1599758.0,25.09,101541.86,111.94,1.08,-2.002,-10.25,0.823,0.359,-0.186,-162.084,-2.23,1653.003,54.306541,-5.583875,331139.84
1600007.0,25.09,101540.88,112.03,-0.771,-2.083,-8.262,0.098,-0.418,0.104,-165.111,-5.991,1654.089,54.306541,-5.583875,331139.84
1600256.0,25.09,101541.53,111.97,1.614,-3.045,-9.754,0.051,0.335,0.06,-164.141,-4.007,1654.89,54.306541,-5.583875,331139.84
1600505.0,25.1,101542.94,111.85,0.622,-2.409,-7.958,0.059,-0.247,-0.143,-161.806,-6.754,1655.1,54.306541,-5.583875,331139.84
1600760.0,25.1,101544.08,111.76,0.146,-5.495,-11.626,-0.36,-0.39,-0.238,-159.653,-5.461,1651.82,54.306526,-5.583867,331138.81
1601003.0,25.1,101545.4,111.65,-0.081,-2.502,-6.263,-0.375,-0.556,0.163,-157.942,-10.771,1651.35,54.306526,-5.583867,331138.81
1601258.0,25.1,101546.55,111.55,0.898,-5.562,-12.218,-0.238,0.456,-0.059,-156.752,-0.368,1651.465,54.306526,-5.583867,331138.81
1601507.0,25.1,101546.88,111.53,0.553,-3.419,-7.369,-0.107,0.182,0.226,-154.685,0.612,1651.544,54.306526,-5.583867,331138.81
1601758.0,25.09,101546.97,111.52,0.048,-5.234,-11.916,-0.014,0.091,-0.11,-155.795,1.668,1653.727,54.306522,-5.583862,331138.66
1602007.0,25.09,101546.8,111.53,0.991,-3.139,-7.676,-0.067,-0.457,0.152,-157.08,-4.28,1651.892,54.306522,-5.583862,331138.66
1602256.0,25.09,101546.8,111.53,-0.895,-4.642,-10.374,0.088,0.18,0.342,-159.3,-0.433,1656.216,54.306522,-5.583862,331138.66
1602505.0,25.09,101546.97,111.52,0.833,-4.456,-8.274,-0.529,0.054,0.568,-158.312,0.741,1662.217,54.306522,-5.583862,331138.66
1602755.0,25.09,101546.97,111.52,-0.575,-3.682,-9.816,-0.265,-0.014,-0.032,-160.137,-0.224,1667.073,54.306507,-5.58385,331137.78
1603004.0,25.09,101546.09,111.59,1.161,-2.703,-9.285,0.243,-0.179,-0.4,-158.511,0.162,1660.792,54.306507,-5.58385,331137.78
1603253.0,25.09,101545.02,111.68,-1.544,-3.005,-8.851,-0.027,-0.233,0.097,-159.523,0.544,1659.343,54.306507,-5.58385,331137.78
1603508.0,25.09,101545.69,111.63,0.371,-4.544,-9.131,0.394,0.544,0.099,-156.024,4.792,1661.318,54.306507,-5.58385,331137.78
1603758.0,25.09,101544.94,111.69,-0.527,-3.85,-7.412,-0.216,-0.071,0.007,-155.069,2.597,1662.865,54.306507,-5.58385,331137.78
1604007.0,25.09,101544.45,111.73,0.012,-4.762,-9.847,0.734,0.117,-0.649,-156.209,1.728,1657.142,54.306507,-5.58385,331137.78
1604256.0,25.09,101542.97,111.85,-1.104,-2.928,-6.792,0.091,-0.3,-0.262,-154.335,-1.975,1651.628,54.306507,-5.58385,331137.78
1604505.0,25.09,101542.39,111.9,-0.041,-6.239,-11.516,-0.359,0.356,0.094,-155.753,2.521,1650.305,54.306507,-5.58385,331137.78
1604759.0,25.09,101542.72,111.87,0.63,-3.721,-6.776,-0.157,-0.143,0.26,-153.365,-0.259,1652.626,54.306507,-5.58385,331137.78
1605008.0,25.09,101543.88,111.78,1.602,-5.322,-11.598,-0.357,0.344,-0.283,-156.499,-3.461,1651.448,54.306507,-5.58385,331137.78
1605257.0,25.09,101542.8,111.87,0.124,-2.284,-7.937,0.003,-0.258,0.129,-156.797,-3.528,1649.116,54.306507,-5.58385,331137.78
1605506.0,25.08,101541.94,111.94,2.734,-5.753,-12.479,-0.062,0.275,0.018,-156.142,-3.289,1650.745,54.306507,-5.58385,331137.78
1605806.0,25.09,101542.8,111.87,0.484,-3.333,-6.381,-0.009,0.113,0.034,-155.016,-4.216,1651.131,54.306507,-5.58385,331137.78
1606004.0,25.09,101542.15,111.92,3.67,-6.098,-11.844,-0.048,0.235,-0.416,-154.766,-4.639,1648.597,54.306507,-5.58385,331137.78
1606253.0,25.09,101541.98,111.93,1.927,-3.651,-7.197,0.012,-0.457,0.068,-154.437,-7.63,1645.005,54.306507,-5.58385,331137.78
1606508.0,25.08,101542.59,111.88,1.468,-5.25,-10.496,0.132,0.055,0.134,-154.08,-10.08,1645.961,54.306507,-5.58385,331137.78
1606755.0,25.09,101543.13,111.84,1.863,-4.276,-7.489,-0.126,0.16,0.095,-153.696,-6.95,1647.458,54.306507,-5.58385,331137.78
1607004.0,25.08,101544.73,111.71,1.82,-5.387,-9.347,-0.507,0.108,0.145,-155.589,-9.688,1650.007,54.306507,-5.58385,331137.78
1607254.0,25.08,101545.22,111.66,1.839,-3.304,-9.761,0.197,-0.176,0.094,-158.092,-7.671,1651.066,54.306507,-5.58385,331137.78
1607503.0,25.08,101544.89,111.69,-0.469,-3.675,-8.859,-0.168,-0.141,0.057,-158.311,-7.618,1652.401,54.306507,-5.58385,331137.78
1607759.0,25.08,101544.48,111.73,1.609,-3.644,-8.952,0.099,0.398,0.448,-160.385,-3.283,1656.892,54.30645,-5.583822,331133.78
1608008.0,25.08,101545.14,111.67,1.446,-2.964,-8.44,-0.249,-0.308,0.365,-160.592,-5.357,1662.292,54.30645,-5.583822,331133.78
1608257.0,25.08,101544.41,111.73,-0.917,-3.771,-12.289,-0.211,-0.303,0.164,-163.931,-2.984,1664.455,54.30645,-5.583822,331133.78
1608507.0,25.08,101543.42,111.81,-2.485,-2.691,-10.525,-0.61,-1.19,0.881,-167.808,-4.159,1671.582,54.30645,-5.583822,331133.78
1608754.0,25.08,101541.44,111.98,-2.895,-2.37,-9.95,-0.093,-0.734,1.235,-168.901,-7.665,1687.275,54.306446,-5.583817,331133.66
1609003.0,25.08,101539.3,112.16,-4.281,1.721,-6.97,-0.864,-0.59,0.764,-90.094,7.518,1702.124,54.306446,-5.583817,331133.66
1609258.0,25.08,101536.83,112.36,-5.148,3.658,-4.738,-0.595,-0.191,0.194,47.119,20.594,1707.626,54.306446,-5.583817,331133.66
1609507.0,25.08,101533.98,112.6,-4.982,4.094,-4.76,-0.493,0.009,0.118,100.06,31.56,1710.785,54.306446,-5.583817,331133.66
1609759.0,25.08,101533.54,112.63,-5.765,6.134,-5.808,0.566,-0.593,0.029,119.092,30.45,1711.026,54.306446,-5.583817,331133.66
1610008.0,25.08,101531.52,112.8,-4.731,2.739,-4.401,0.304,-0.217,0.055,137.536,35.659,1711.011,54.306446,-5.583817,331133.66
1610257.0,25.08,101530.74,112.86,-5.866,4.683,-7.523,-0.127,0.281,0.313,141.763,38.889,1714.171,54.306446,-5.583817,331133.66
1610506.0,25.08,101531.23,112.82,-5.789,5.157,-4.721,0.45,0.376,-0.183,142.321,38.229,1715.073,54.306446,-5.583817,331133.66
1610759.0,25.08,101531.56,112.8,-6.792,4.345,-8.77,0.231,0.31,-0.209,144.411,42.934,1712.189,54.306446,-5.583817,331133.66
1611003.0,25.08,101532.55,112.72,-5.387,2.512,-8.169,-0.104,0.357,-0.203,155.756,40.509,1707.686,54.306446,-5.583817,331133.66
1611257.0,25.08,101533.22,112.66,-5.528,4.156,-6.261,-0.393,0.254,0.056,149.366,40.352,1708.65,54.306446,-5.583817,331133.66
1611506.0,25.08,101533.7,112.62,-3.721,4.693,-7.633,0.267,0.169,-0.059,151.274,35.063,1706.752,54.306446,-5.583817,331133.66
1611758.0,25.08,101532.97,112.68,-4.518,3.021,-7.774,0.344,-0.238,0.138,152.639,29.952,1708.403,54.306446,-5.583817,331133.66
1612007.0,25.08,101532.55,112.72,-4.937,3.055,-8.801,-0.131,0.217,0.526,162.26,29.295,1712.531,54.306446,-5.583817,331133.66
1612256.0,25.09,101532.44,112.72,-3.596,1.554,-7.81,-0.596,-0.131,0.401,160.276,25.611,1719.577,54.306446,-5.583817,331133.66
1612505.0,25.09,101532.92,112.68,-2.861,3.474,-10.333,0.026,0.523,-0.018,158.828,24.292,1723.217,54.306446,-5.583817,331133.66
1612758.0,25.09,101533.01,112.68,-3.622,3.73,-7.111,0.027,-0.435,-0.052,157.217,20.915,1723.079,54.306446,-5.583817,331133.66
1613007.0,25.09,101531.86,112.77,-5.595,2.911,-9.321,0.325,-0.027,0.113,160.688,21.802,1723.145,54.306446,-5.583817,331133.66
1613256.0,25.09,101532.43,112.72,-3.666,1.645,-7.377,0.544,0.031,0.159,166.159,26.584,1726.126,54.306446,-5.583817,331133.66
1613505.0,25.09,101531.77,112.78,-4.051,2.662,-10.214,-0.085,-0.073,-0.175,167.6,24.546,1726.961,54.306446,-5.583817,331133.66
1613822.0,25.09,101532.98,112.68,-4.056,2.394,-6.8,-0.087,-0.304,-0.957,166.674,18.745,1714.103,54.306446,-5.583817,331133.66
1614003.0,25.09,101533.47,112.64,-5.974,0.584,-9.029,0.184,-0.122,-0.731,169.11,24.229,1704.606,54.306446,-5.583817,331133.66
1614258.0,25.09,101535.94,112.43,-3.752,-1.578,-9.108,-0.369,0.18,0.082,-24.316,26.198,1699.707,54.306446,-5.583817,331133.66
1614507.0,25.09,101536.77,112.37,-5.217,1.762,-7.494,-0.729,-0.213,0.116,32.045,27.498,1701.503,54.306446,-5.583817,331133.66
1614756.0,25.1,101536.67,112.37,-5.279,1.484,-9.51,0.022,0.554,-0.157,101.331,30.866,1700.989,54.30645,-5.583773,331135.69
1615005.0,25.09,101536.77,112.37,-4.851,1.97,-6.33,0.071,-0.502,0.005,139.789,28.274,1700.553,54.30645,-5.583773,331135.69
1615254.0,25.1,101538.48,112.22,-5.871,0.057,-12.06,0.144,0.182,0.118,161.296,28.486,1701.127,54.30645,-5.583773,331135.69
1615503.0,25.1,101539.97,112.1,-3.704,0.527,-6.907,-0.289,0.046,0.633,112.354,30.932,1706.132,54.30645,-5.583773,331135.69
1615760.0,25.1,101539.06,112.18,-4.903,2.569,-9.493,0.311,0.062,0.469,141.361,29.868,1716.032,54.306446,-5.583765,331135.69
1616003.0,25.1,101537.83,112.28,-2.614,2.241,-8.61,0.109,0.231,-0.447,153.664,26.811,1716.237,54.306446,-5.583765,331135.69
1616258.0,25.1,101537.33,112.32,-5.914,1.147,-9.859,0.256,-0.063,-0.411,163.807,27.078,1708.559,54.306446,-5.583765,331135.69
1616507.0,25.1,101537.83,112.28,-4.365,-0.347,-9.641,-0.34,-0.009,0.009,131.642,27.956,1705.539,54.306446,-5.583765,331135.69
1616756.0,25.1,101538.2,112.25,-5.136,0.201,-7.791,0.524,-0.33,-0.086,-10.523,22.555,1706.059,54.306438,-5.583758,331135.25
1617005.0,25.1,101537.05,112.34,-2.844,0.139,-8.593,-0.172,0.94,-0.374,55.208,28.628,1701.875,54.306438,-5.583758,331135.25
1617755.0,25.11,101536.61,112.38,-3.366,-0.637,-7.144,0.304,-0.091,0.21,-93.789,26.57,1699.401,54.306431,-5.583755,331134.72
1618004.0,25.11,101537.88,112.27,-5.411,-1.401,-13.099,0.217,0.433,0.16,-141.29,23.299,1701.448,54.306431,-5.583755,331134.72
1618254.0,25.11,101539.84,112.11,-2.741,0.235,-6.795,-0.298,-0.544,0.046,-11.874,19.687,1704.278,54.306431,-5.583755,331134.72
1618503.0,25.11,101540.5,112.06,-6.941,-0.836,-9.242,-0.371,-1.063,-0.015,38.276,17.956,1702.874,54.306431,-5.583755,331134.72
1618756.0,25.11,101540.22,112.08,-3.857,-0.05,-6.469,0.05,0.325,0.604,-67.769,27.12,1710.343,54.306419,-5.583752,331133.81
1619005.0,25.11,101539.65,112.13,-5.375,0.711,-9.819,-0.185,0.051,-0.058,72.672,30.027,1714.587,54.306419,-5.583752,331133.81
1619255.0,25.11,101539.48,112.14,-2.646,0.74,-7.707,-0.536,0.131,-0.351,131.94,28.53,1709.012,54.306419,-5.583752,331133.81
1619504.0,25.11,101539.16,112.17,-6.043,1.52,-9.232,0.133,0.276,0.173,153.713,32.959,1709.338,54.306419,-5.583752,331133.81
1619761.0,25.11,101539.16,112.17,-3.266,0.29,-8.873,0.011,0.031,-0.017,167.616,29.599,1709.391,54.306412,-5.583748,331133.31
1620005.0,25.12,101538.91,112.19,-4.211,0.366,-8.844,-0.313,-0.039,0.26,50.687,26.001,1710.523,54.306412,-5.583748,331133.31
1620254.0,25.12,101536.44,112.39,-3.737,1.607,-9.105,0.424,0.019,-0.31,121.943,23.565,1711.318,54.306412,-5.583748,331133.31
1620503.0,25.12,101533.69,112.62,-4.858,1.336,-6.314,0.314,-0.363,-0.395,148.133,22.902,1707.214,54.306412,-5.583748,331133.31
1620768.0,25.12,101533.61,112.63,-4.949,-0.79,-9.792,0.089,0.229,-0.172,105.342,28.24,1702.218,54.3064,-5.583743,331132.47
1621005.0,25.12,101533.11,112.67,-5.734,0.491,-6.96,-0.302,-0.186,0.236,7.35,28.912,1703.634,54.3064,-5.583743,331132.47
1621255.0,25.13,101533.41,112.64,-5.995,1.642,-10.779,0.089,0.043,0.015,105.187,28.774,1706.386,54.3064,-5.583743,331132.47
1621504.0,25.13,101533.73,112.62,-4.094,0.79,-5.646,-0.437,-0.143,0.127,141.42,27.931,1706.145,54.3064,-5.583743,331132.47
1621808.0,25.13,101532.58,112.71,-6.668,-0.031,-11.593,0.115,0.043,-0.046,150.974,33.683,1707.137,54.306389,-5.58374,331131.56
1622006.0,25.13,101533.08,112.67,-4.24,0.275,-6.433,0.072,-0.13,0.009,122.467,32.744,1706.333,54.306389,-5.58374,331131.56
1622255.0,25.13,101532.25,112.74,-6.158,-0.304,-10.834,0.005,-0.111,-0.155,24.0,29.649,1706.027,54.306389,-5.58374,331131.56
1622504.0,25.13,101532.34,112.73,-4.585,-0.208,-6.263,-0.365,-0.044,-0.069,59.35,31.168,1703.41,54.306389,-5.58374,331131.56
1622807.0,25.13,101532.91,112.69,-7.98,0.122,-11.298,-0.107,-0.04,0.222,109.038,35.726,1704.688,54.306374,-5.583735,331130.41
1623005.0,25.13,101532.74,112.7,-4.245,-0.184,-6.929,0.155,0.252,0.302,-11.982,35.481,1707.613,54.306374,-5.583735,331130.41
1623254.0,25.13,101533.23,112.66,-5.054,-0.175,-9.598,0.059,0.01,0.13,-82.754,32.47,1712.409,54.306374,-5.583735,331130.41
1623503.0,25.13,101534.88,112.52,-3.845,1.391,-7.956,-0.341,0.158,-0.156,63.22,30.872,1710.384,54.306374,-5.583735,331130.41
1623759.0,25.13,101536.03,112.43,-6.412,0.414,-9.251,0.456,-0.07,-0.015,119.278,32.148,1710.323,54.30637,-5.58373,331130.28
1624008.0,25.13,101537.44,112.31,-4.199,-0.836,-8.492,-0.414,0.378,0.284,-34.974,32.29,1711.918,54.30637,-5.58373,331130.28
1624257.0,25.13,101537.44,112.31,-5.013,0.855,-8.152,-0.104,-0.085,0.18,48.669,30.642,1716.332,54.30637,-5.58373,331130.28
1624506.0,25.13,101537.77,112.28,-2.732,1.659,-8.653,0.846,0.63,-0.394,124.175,31.502,1714.556,54.30637,-5.58373,331130.28
1624766.0,25.14,101539.12,112.17,-5.514,1.448,-8.662,0.178,-0.112,-0.28,146.36,27.857,1710.51,54.306355,-5.583723,331129.19
1625004.0,25.14,101540.78,112.03,-3.879,-1.729,-11.813,0.029,0.343,-0.011,58.021,28.076,1708.023,54.306355,-5.583723,331129.19
1625253.0,25.14,101542.09,111.92,-3.673,0.101,-6.397,0.509,-0.081,0.317,-59.53,25.254,1711.727,54.306355,-5.583723,331129.19
1625508.0,25.14,101541.92,111.94,-4.755,1.037,-11.475,-0.135,0.323,-0.003,10.5,24.77,1715.388,54.306355,-5.583723,331129.19
1625769.0,25.14,101541.92,111.94,-3.129,0.86,-6.917,-0.203,-0.057,-0.017,90.79,22.725,1715.157,54.306347,-5.583715,331128.84
1626006.0,25.14,101541.34,111.99,-5.047,1.104,-11.911,0.079,-0.327,0.113,137.016,22.322,1715.282,54.306347,-5.583715,331128.84
1626256.0,25.14,101540.11,112.09,-2.416,0.754,-7.104,0.069,-0.049,0.126,159.846,20.887,1715.999,54.306347,-5.583715,331128.84
1626505.0,25.14,101538.14,112.25,-3.812,1.671,-11.674,-0.281,-0.194,0.214,164.968,19.051,1718.982,54.306347,-5.583715,331128.84
1626773.0,25.14,101535.92,112.44,-2.157,1.824,-7.132,-0.216,0.055,-0.512,163.536,20.16,1715.396,54.306343,-5.583708,331128.75
1627006.0,25.14,101533.53,112.63,-5.507,1.202,-12.136,0.311,0.023,-0.273,166.454,22.979,1709.326,54.306343,-5.583708,331128.75
1627255.0,25.14,101531.05,112.84,-3.62,-0.134,-8.746,-0.412,0.225,0.13,137.657,26.014,1708.543,54.306343,-5.583708,331128.75
1627504.0,25.14,101529.3,112.98,-4.104,0.716,-8.796,0.067,-0.318,0.042,144.922,22.537,1711.166,54.306343,-5.583708,331128.75
1627782.0,25.14,101530.12,112.92,-2.557,1.683,-8.322,-0.555,0.385,-0.089,160.743,26.049,1709.595,54.306335,-5.583702,331128.34
1628003.0,25.14,101528.92,113.02,-5.344,1.262,-8.578,0.443,-0.038,-0.258,165.766,26.186,1707.508,54.306335,-5.583702,331128.34
1628258.0,25.14,101532.12,112.75,-3.859,-0.567,-9.766,0.408,0.231,0.384,30.405,25.961,1709.182,54.306335,-5.583702,331128.34
1628507.0,25.14,101533.37,112.65,-3.421,0.014,-9.371,0.1,-0.246,0.208,5.226,23.461,1714.559,54.306335,-5.583702,331128.34
1628789.0,25.13,101531.84,112.77,-2.392,0.081,-8.976,-0.438,-0.011,-0.179,-18.921,20.081,1709.529,54.306328,-5.583693,331128.0
1629005.0,25.13,101533.64,112.62,-3.496,0.56,-6.862,0.034,-0.108,-0.119,-25.477,20.62,1709.686,54.306328,-5.583693,331128.0
1629254.0,25.13,101535.95,112.43,-5.262,-1.942,-11.281,0.066,0.371,-0.085,24.7,25.888,1707.143,54.306328,-5.583693,331128.0
1629503.0,25.13,101537.1,112.34,-2.887,-0.153,-7.343,-0.082,-0.371,0.161,-72.597,22.771,1708.027,54.306328,-5.583693,331128.0
1629828.0,25.14,101537.81,112.28,-1.954,1.178,-6.804,0.495,0.325,-0.288,-122.448,21.822,1705.931,54.306324,-5.583685,331127.97
1630004.0,25.14,101537.31,112.32,-3.687,0.515,-7.539,0.231,-0.099,-0.173,-87.495,22.569,1704.371,54.306324,-5.583685,331127.97
1630253.0,25.14,101538.8,112.2,-5.303,-1.626,-11.073,0.151,0.097,-0.026,-36.842,23.902,1702.695,54.306324,-5.583685,331127.97
1630508.0,25.14,101540.53,112.05,-3.144,-0.206,-6.577,-0.035,-0.196,0.354,-119.448,23.498,1705.51,54.306324,-5.583685,331127.97
1630833.0,25.14,101539.7,112.12,-2.227,-0.304,-9.201,0.233,0.352,-0.357,-95.587,24.215,1702.98,54.306316,-5.583675,331127.69
1631003.0,25.14,101539.54,112.14,-3.871,-0.184,-5.976,-0.301,-0.056,0.006,-92.213,24.819,1701.771,54.306316,-5.583675,331127.69
1631258.0,25.14,101540.53,112.05,-4.908,-0.984,-12.649,0.181,0.563,0.073,-142.002,27.222,1703.025,54.306316,-5.583675,331127.69
1631507.0,25.14,101541.02,112.01,-2.535,-0.797,-7.846,0.03,-0.495,0.306,-160.978,21.637,1705.443,54.306316,-5.583675,331127.69
1631779.0,25.13,101541.38,111.98,-4.903,-0.369,-10.918,0.16,0.277,-0.229,-169.853,17.452,1707.976,54.306309,-5.583666,331127.34
1632005.0,25.13,101541.3,111.99,-2.562,0.165,-7.013,-0.07,-0.338,-0.15,-12.923,16.362,1704.91,54.306309,-5.583666,331127.34
1632255.0,25.13,101540.64,112.04,-5.583,-1.676,-11.99,0.193,0.019,0.262,-55.002,20.444,1706.265,54.306309,-5.583666,331127.34
1632504.0,25.13,101540.89,112.02,-2.696,0.062,-6.668,0.346,-0.074,0.257,-110.408,22.396,1709.946,54.306309,-5.583666,331127.34
1632785.0,25.13,101540.07,112.09,-4.678,-0.287,-11.957,-0.057,0.245,-0.013,-54.379,20.117,1713.671,54.306305,-5.583658,331127.31
1633006.0,25.13,101539.98,112.1,-2.923,0.529,-5.849,-0.192,-0.002,-0.47,63.276,22.126,1710.303,54.306305,-5.583658,331127.31
1633256.0,25.13,101539.66,112.13,-4.946,-1.393,-10.527,0.264,-0.47,0.073,-35.586,23.638,1705.866,54.306305,-5.583658,331127.31
1633505.0,25.13,101539.16,112.17,-2.547,-0.709,-7.29,-0.425,0.132,0.482,-117.233,25.306,1710.207,54.306305,-5.583658,331127.31
1633789.0,25.13,101538.17,112.25,-4.049,0.754,-10.666,0.234,-0.037,-0.094,-145.613,21.219,1715.297,54.306286,-5.58367,331125.16
1634253.0,25.13,101537.44,112.31,-5.856,0.316,-11.315,-0.141,-0.193,-0.25,109.461,28.391,1705.373,54.306286,-5.58367,331125.16
1634508.0,25.13,101538.09,112.26,-3.531,-1.018,-7.666,-0.321,0.044,0.108,-31.822,26.569,1703.372,54.306286,-5.58367,331125.16
1634797.0,25.13,101537.35,112.32,-4.221,-0.189,-9.876,0.266,0.006,0.015,-115.16,21.53,1707.145,54.306271,-5.58366,331124.22
1635007.0,25.13,101537.84,112.28,-2.528,1.24,-8.147,-0.076,0.637,-0.127,41.188,27.898,1705.414,54.306271,-5.58366,331124.22
1635256.0,25.13,101537.77,112.28,-6.026,0.115,-9.34,0.407,0.014,-0.343,120.358,27.387,1702.759,54.306271,-5.58366,331124.22
1635505.0,25.13,101537.93,112.27,-2.911,-1.903,-9.653,0.139,-0.176,0.453,-46.335,25.124,1703.679,54.306271,-5.58366,331124.22
1635800.0,25.13,101537.35,112.32,-3.127,-0.785,-9.61,0.017,0.135,0.285,-118.288,22.224,1711.76,54.306259,-5.583652,331123.53
1636004.0,25.13,101537.35,112.32,-1.788,-0.024,-8.973,1.169,0.725,-0.575,-145.129,22.502,1709.542,54.306259,-5.583652,331123.53
1636254.0,25.13,101538.02,112.26,-2.902,-0.936,-9.11,0.217,0.053,-0.297,-117.25,22.154,1704.021,54.306259,-5.583652,331123.53
1636503.0,25.13,101539.08,112.17,-3.139,-3.151,-12.775,0.338,0.3,-0.074,-147.135,20.873,1701.686,54.306259,-5.583652,331123.53
1636806.0,25.13,101538.17,112.25,-0.953,-2.21,-8.538,-0.203,-0.277,0.151,-160.024,10.026,1703.777,54.306252,-5.583642,331123.25
1637004.0,25.13,101536.86,112.36,-2.698,-1.587,-10.97,0.444,0.612,-0.299,-164.702,11.64,1702.714,54.306252,-5.583642,331123.25
1637253.0,25.13,101535.55,112.47,-2.703,-0.464,-7.817,0.217,-0.264,-0.408,-123.347,13.76,1699.468,54.306252,-5.583642,331123.25
1637508.0,25.13,101535.38,112.48,-2.454,-3.905,-12.052,-0.269,0.388,-0.003,-149.409,16.716,1695.341,54.306252,-5.583642,331123.25
1637846.0,25.13,101536.7,112.37,-0.934,-3.172,-10.202,-0.796,-0.074,0.015,-161.485,11.869,1694.685,54.306248,-5.583633,331123.22
1638005.0,25.13,101536.7,112.37,-2.842,-3.522,-11.779,-0.339,0.167,-0.092,-164.676,9.217,1694.724,54.306248,-5.583633,331123.22
1638255.0,25.13,101535.7,112.45,-2.682,-1.451,-6.558,-0.272,-0.332,-0.052,-168.327,11.892,1692.34,54.306248,-5.583633,331123.22
1638504.0,25.13,101535.05,112.51,-2.545,-3.488,-11.119,0.224,0.309,0.206,-165.765,14.48,1693.998,54.306248,-5.583633,331123.22
1638846.0,25.13,101536.2,112.41,-2.744,-3.156,-10.221,-0.481,-0.083,0.4,-166.641,14.148,1699.549,54.30624,-5.583623,331122.94
1639005.0,25.13,101536.37,112.39,-3.524,-1.882,-11.902,-0.552,0.182,0.211,-170.183,13.369,1702.397,54.30624,-5.583623,331122.94
1639254.0,25.13,101536.37,112.4,-1.472,-0.469,-6.697,0.241,-0.204,-0.077,-173.407,11.332,1703.816,54.30624,-5.583623,331122.94
1639503.0,25.13,101536.2,112.41,-2.416,-3.306,-12.625,-0.249,0.188,-0.027,-168.617,13.344,1701.228,54.30624,-5.583623,331122.94
1639799.0,25.13,101536.7,112.37,-1.784,-1.803,-7.274,0.071,-0.327,0.169,-164.894,11.154,1702.392,54.306232,-5.583611,331122.72
1640008.0,25.13,101536.53,112.39,-1.044,-2.502,-11.061,-0.17,-0.064,-0.063,-165.295,7.67,1702.927,54.306232,-5.583611,331122.72
1640257.0,25.12,101534.84,112.53,-0.895,-1.748,-7.408,-0.294,-0.074,-0.302,-168.621,10.259,1698.992,54.306232,-5.583611,331122.72
1640507.0,25.13,101533.41,112.64,-2.871,-3.132,-11.035,0.845,0.229,-0.401,-164.205,12.242,1693.893,54.306232,-5.583611,331122.72
1640804.0,25.13,101533.41,112.64,-1.281,-2.921,-7.53,-0.241,-0.219,0.256,-161.782,10.353,1693.24,54.306229,-5.583601,331122.78
1641003.0,25.13,101533.73,112.62,-0.709,-3.486,-9.096,-0.492,0.051,-0.031,-163.19,6.899,1695.295,54.306229,-5.583601,331122.78
1641257.0,25.12,101534.67,112.54,-0.464,-1.659,-9.254,0.061,-0.288,-0.188,-161.653,9.033,1690.976,54.306229,-5.583601,331122.78
1641507.0,25.12,101533.52,112.64,-2.995,-3.041,-9.67,-0.169,-0.114,-0.035,-166.963,8.12,1689.166,54.306229,-5.583601,331122.78
1641811.0,25.12,101533.93,112.6,-1.733,-3.709,-9.194,-0.579,0.128,0.25,-162.711,11.861,1690.444,54.306221,-5.583593,331122.41
1642003.0,25.12,101535.25,112.49,-1.341,-2.78,-7.743,-0.169,-0.127,0.235,-161.77,9.242,1694.082,54.306221,-5.583593,331122.41
1642253.0,25.12,101535.0,112.51,-1.358,-2.952,-10.767,0.43,0.297,-0.385,-162.54,10.135,1692.265,54.306221,-5.583593,331122.41
1642508.0,25.12,101533.85,112.61,-2.389,-2.33,-7.132,-0.132,-0.207,-0.147,-163.676,8.202,1688.978,54.306221,-5.583593,331122.41
1642755.0,25.12,101532.81,112.69,-1.848,-4.571,-12.658,-0.022,0.376,0.213,-161.512,12.332,1689.16,54.306213,-5.583581,331122.22
1643003.0,25.12,101533.64,112.62,-1.125,-2.167,-6.637,0.054,-0.378,0.399,-162.088,8.458,1695.637,54.306213,-5.583581,331122.22
1643253.0,25.11,101532.24,112.74,-0.828,-3.041,-11.77,-0.177,0.013,-0.066,-162.903,5.188,1696.699,54.306213,-5.583581,331122.22
1643508.0,25.11,101532.0,112.76,-1.226,-2.739,-7.116,-0.457,-0.171,-0.027,-165.62,8.035,1694.603,54.306213,-5.583581,331122.22
1643755.0,25.11,101529.48,112.97,-2.021,-2.83,-11.94,0.694,0.25,0.027,-161.922,13.8,1694.369,54.30621,-5.58357,331122.31
1644006.0,25.11,101529.73,112.95,-1.563,-3.132,-8.535,-0.206,-0.2,0.227,-163.964,11.621,1696.567,54.30621,-5.58357,331122.31
1644256.0,25.11,101530.06,112.92,-0.294,-3.587,-10.745,-0.514,-0.115,0.136,-164.08,5.833,1699.592,54.30621,-5.58357,331122.31
1644505.0,25.11,101532.36,112.73,-1.013,-0.637,-8.394,0.05,0.034,-0.088,-165.746,8.5,1699.074,54.30621,-5.58357,331122.31
1644758.0,25.1,101532.28,112.74,-4.829,-1.848,-10.159,0.221,0.065,-0.269,-169.943,11.664,1696.443,54.306202,-5.583556,331122.19
1645007.0,25.1,101531.62,112.79,-0.453,-2.464,-10.333,0.004,0.439,0.144,-169.502,14.121,1696.824,54.306202,-5.583556,331122.19
1645257.0,25.1,101531.45,112.81,-0.266,-2.093,-9.189,-0.203,-0.215,0.158,-168.693,8.779,1700.752,54.306202,-5.583556,331122.19
1645506.0,25.1,101531.24,112.82,-0.644,0.045,-8.698,0.564,0.347,-0.132,-160.701,7.824,1698.985,54.306202,-5.583556,331122.19
1645759.0,25.1,101532.06,112.76,-2.653,-1.645,-9.541,0.072,-0.107,-0.193,-160.075,7.901,1696.898,54.306194,-5.583541,331122.09
1646007.0,25.1,101532.77,112.7,-0.637,-2.646,-10.781,0.471,0.077,0.099,-160.388,7.956,1696.335,54.306194,-5.583541,331122.09
1646256.0,25.1,101532.23,112.74,-1.274,-2.377,-7.786,-0.139,-0.338,0.285,-163.258,3.961,1700.496,54.306194,-5.583541,331122.09
1646505.0,25.1,101530.59,112.88,-2.689,-3.816,-10.329,0.374,0.438,-0.261,-160.312,7.298,1700.699,54.306194,-5.583541,331122.09
1646759.0,25.1,101529.84,112.94,-2.976,-3.917,-7.477,0.651,0.296,0.19,-146.713,13.233,1695.459,54.306194,-5.583528,331122.59
1647007.0,25.1,101529.92,112.93,-0.412,-10.283,-8.914,0.365,-0.193,-0.028,-139.024,10.399,1695.688,54.306194,-5.583528,331122.59
1647257.0,25.1,101529.02,113.01,0.69,-6.943,-4.58,0.431,-0.413,-0.205,-125.456,-1.204,1692.666,54.306194,-5.583528,331122.59
1647506.0,25.1,101528.2,113.08,0.742,-7.985,-4.63,0.538,-0.278,-0.775,-120.2,-3.273,1684.676,54.306194,-5.583528,331122.59
1647759.0,25.1,101527.05,113.17,0.685,-7.578,-4.022,1.262,-0.246,-0.797,-116.093,-11.317,1673.683,54.306183,-5.583519,331121.97
1648005.0,25.1,101526.97,113.18,2.705,-9.941,-3.323,0.184,-0.069,-0.302,-109.428,-13.773,1665.513,54.306183,-5.583519,331121.97
1648254.0,25.09,101527.7,113.12,4.8,-9.749,-3.158,0.182,0.185,-0.262,-109.078,-16.676,1661.399,54.306183,-5.583519,331121.97
1648503.0,25.09,101527.55,113.13,3.086,-8.566,-3.438,-0.144,-0.274,-0.095,-110.7,-19.298,1659.138,54.306183,-5.583519,331121.97
1648756.0,25.09,101527.55,113.13,4.47,-9.39,-5.495,-0.548,0.034,-0.249,-115.626,-23.794,1657.088,54.306175,-5.583503,331121.88
1649005.0,25.09,101527.7,113.12,3.321,-7.582,-2.873,0.209,-0.297,-0.121,-114.504,-22.882,1653.796,54.306175,-5.583503,331121.88
1649254.0,25.09,101526.18,113.24,6.462,-7.53,-4.393,-0.028,0.208,0.185,-112.923,-23.929,1654.647,54.306175,-5.583503,331121.88
1649504.0,25.09,101526.75,113.2,3.218,-8.423,-3.718,0.272,0.113,0.058,-115.408,-23.585,1654.519,54.306175,-5.583503,331121.88
1649757.0,25.09,101528.89,113.02,4.451,-8.923,-4.769,-0.096,-0.085,0.343,-115.827,-22.75,1658.567,54.306175,-5.58349,331122.41
1650003.0,25.09,101530.54,112.88,1.757,-7.307,-4.537,-0.82,-0.356,0.355,-122.157,-23.777,1662.362,54.306175,-5.58349,331122.41
1650258.0,25.09,101531.45,112.81,0.9,-8.648,-5.332,-0.13,-0.269,0.027,-123.797,-17.264,1665.161,54.306175,-5.58349,331122.41
1650507.0,25.08,101532.05,112.76,3.675,-7.355,-5.89,-0.449,-0.064,0.253,-126.536,-16.577,1667.25,54.306175,-5.58349,331122.41
1650755.0,25.08,101532.05,112.76,0.891,-7.582,-6.455,-0.649,-0.261,0.315,-133.059,-12.068,1670.219,54.306171,-5.583477,331122.59
1651003.0,25.08,101531.89,112.77,0.687,-5.861,-7.345,-0.38,-0.135,-0.026,-140.35,-10.155,1673.011,54.306171,-5.583477,331122.59
1651258.0,25.08,101529.5,112.97,-0.385,-5.672,-6.991,-0.006,0.066,0.057,-143.871,-4.204,1672.615,54.306171,-5.583477,331122.59
1651507.0,25.08,101529.27,112.99,2.851,-6.419,-6.558,1.557,0.37,-0.181,-132.44,-2.368,1669.718,54.306171,-5.583477,331122.59
1651754.0,25.08,101529.59,112.96,2.176,-8.739,-5.839,0.446,0.27,0.187,-122.876,-3.7,1670.997,54.306164,-5.583465,331122.38
1652005.0,25.08,101528.88,113.02,2.217,-9.515,-4.745,0.608,-0.054,0.491,-114.457,-4.603,1674.205,54.306164,-5.583465,331122.38
1652255.0,25.08,101528.72,113.03,0.249,-8.188,-4.475,0.131,-0.032,0.449,-114.633,-5.907,1682.751,54.306164,-5.583465,331122.38
1652504.0,25.07,101527.16,113.16,0.898,-8.602,-3.596,-0.215,0.4,-0.081,-114.391,-2.658,1684.772,54.306164,-5.583465,331122.38
1652757.0,25.07,101526.91,113.18,1.271,-9.783,-4.429,0.189,0.238,-0.38,-113.592,-1.049,1680.678,54.306164,-5.583453,331122.81
1653006.0,25.07,101528.14,113.08,1.492,-10.015,-2.784,-0.021,-0.028,-0.11,-108.743,-4.71,1675.899,54.306164,-5.583453,331122.81
1653255.0,25.07,101528.59,113.04,1.686,-9.773,-2.672,0.055,-0.03,0.058,-106.199,-7.317,1675.04,54.306164,-5.583453,331122.81
1653504.0,25.07,101528.09,113.08,1.477,-9.574,-2.65,-0.064,-0.008,-0.045,-105.067,-8.042,1675.451,54.306164,-5.583453,331122.81
1653757.0,25.07,101529.25,112.99,1.398,-9.505,-2.689,-0.054,0.023,-0.033,-105.957,-8.6,1675.328,54.306156,-5.583448,331122.34
1654007.0,25.07,101530.28,112.9,1.571,-9.996,-2.72,-0.103,0.059,0.069,-107.287,-8.549,1675.464,54.306156,-5.583448,331122.34
1654257.0,25.07,101530.23,112.91,1.346,-9.337,-3.237,-0.018,0.076,0.104,-108.398,-7.3,1676.756,54.306156,-5.583448,331122.34
1654506.0,25.07,101530.08,112.92,1.07,-8.789,-3.335,-0.15,-0.241,-0.045,-111.937,-8.169,1677.188,54.306156,-5.583448,331122.34
1654759.0,25.07,101529.91,112.92,1.408,-9.057,-3.421,-0.203,-0.065,-0.194,-112.206,-9.155,1675.279,54.306149,-5.583448,331121.69
1655007.0,25.06,101530.65,112.87,1.669,-9.139,-3.907,-0.107,-0.068,-0.098,-113.24,-9.889,1673.249,54.306149,-5.583448,331121.69
1655257.0,25.06,101531.39,112.81,1.683,-9.225,-4.25,-0.2,-0.092,-0.104,-114.841,-10.443,1671.804,54.306149,-5.583448,331121.69
1655506.0,25.06,101531.92,112.77,1.221,-9.187,-4.116,-0.037,-0.151,-0.12,-116.384,-12.54,1670.588,54.306149,-5.583448,331121.69
1655759.0,25.05,101531.88,112.77,0.263,-7.882,-3.247,-0.06,0.12,-0.11,-113.938,-7.729,1669.139,54.306156,-5.583445,331122.47
1656004.0,25.04,101532.62,112.71,5.605,-8.933,-3.742,1.137,-0.06,-0.813,-107.163,-9.093,1662.828,54.306156,-5.583445,331122.47
1656254.0,25.04,101532.78,112.69,3.912,-8.219,-1.264,1.077,-0.686,-0.867,-98.128,-24.124,1648.891,54.306156,-5.583445,331122.47
1656503.0,25.03,101534.63,112.54,5.696,-9.014,-1.714,0.079,-1.16,-0.093,-96.724,-38.237,1641.581,54.306156,-5.583445,331122.47
1656756.0,25.02,101535.08,112.51,4.889,-6.816,-3.254,-0.141,-0.68,0.085,-102.247,-43.121,1642.302,54.306149,-5.583438,331122.06
1657007.0,25.01,101534.62,112.54,5.049,-7.336,-1.573,0.116,-0.366,-0.511,-101.273,-41.561,1638.351,54.306149,-5.583438,331122.06
1657256.0,25.0,101532.52,112.72,6.917,-8.068,-3.701,0.612,-0.059,-0.401,-105.618,-38.653,1629.197,54.306149,-5.583438,331122.06
1657505.0,25.0,101531.98,112.76,5.171,-6.481,-1.911,0.093,-0.225,0.107,-108.213,-40.247,1630.167,54.306149,-5.583438,331122.06
1657758.0,24.99,101530.45,112.89,7.616,-7.86,-3.646,0.051,-0.144,-0.251,-107.62,-40.864,1628.385,54.306149,-5.583433,331122.25
1658003.0,24.99,101530.28,112.9,6.026,-7.817,-2.591,0.278,-0.23,0.473,-110.859,-42.642,1629.917,54.306149,-5.583433,331122.25
1658253.0,24.99,101530.12,112.92,5.258,-9.804,-1.805,0.743,0.315,0.691,-100.514,-35.251,1638.12,54.306149,-5.583433,331122.25
1658508.0,24.99,101530.2,112.91,3.148,-8.691,-1.413,-0.333,0.82,2.084,-99.874,-21.137,1657.74,54.306149,-5.583433,331122.25
1658755.0,24.99,101530.62,112.88,-2.107,-8.612,-0.421,0.195,0.131,1.591,-102.326,-7.466,1685.76,54.306145,-5.583423,331122.31
1659004.0,24.98,101530.57,112.88,-5.986,-10.094,-2.437,-0.405,-0.073,1.385,-98.581,10.03,1706.234,54.306145,-5.583423,331122.31
1659253.0,24.97,101529.73,112.95,-5.602,-3.278,0.069,-0.093,0.371,0.8,-100.003,31.478,1721.825,54.306145,-5.583423,331122.31
1659508.0,24.96,101527.96,113.1,-8.32,-4.834,-3.156,-0.342,0.363,0.565,-107.418,51.077,1731.983,54.306145,-5.583423,331122.31
1659755.0,24.95,101525.7,113.28,-7.015,-3.898,-4.992,-0.485,0.844,0.48,-127.121,57.385,1737.945,54.306129,-5.583423,331120.94
1660008.0,24.94,101524.98,113.34,-8.701,-1.788,-6.936,-0.939,0.269,0.862,-148.991,59.849,1748.034,54.306129,-5.583423,331120.94
1660257.0,24.94,101526.02,113.24,-8.056,-0.903,-6.953,-0.153,0.716,0.626,-164.353,58.429,1758.476,54.306129,-5.583423,331120.94
1660506.0,24.93,101526.51,113.22,-6.481,1.441,-4.235,0.134,-0.422,0.467,8.956,49.156,1765.712,54.306129,-5.583423,331120.94
1660760.0,24.93,101526.62,113.21,-9.409,0.644,-8.339,0.049,0.126,0.174,105.477,50.007,1770.352,54.306126,-5.583422,331120.66
1661007.0,24.92,101526.62,113.21,-5.207,-0.227,-6.371,0.306,-0.235,0.003,69.407,46.302,1769.935,54.306126,-5.583422,331120.66
1661257.0,24.92,101526.62,113.21,-8.562,-0.045,-7.25,-0.104,0.143,0.085,-35.184,43.928,1771.248,54.306126,-5.583422,331120.66
1661506.0,24.92,101527.28,113.15,-4.46,0.977,-7.142,-0.37,0.128,0.134,86.981,46.018,1772.459,54.306126,-5.583422,331120.66
1661759.0,24.92,101527.53,113.13,-8.708,0.634,-7.168,0.723,0.052,-0.087,136.58,45.0,1773.238,54.30611,-5.58342,331119.41
1662007.0,24.92,101528.52,113.05,-6.223,0.266,-9.055,-0.101,0.331,0.153,157.157,48.834,1774.413,54.30611,-5.58342,331119.41
1662256.0,24.92,101529.02,113.01,-4.963,0.237,-6.323,-0.216,-0.336,-0.095,129.797,38.23,1775.134,54.30611,-5.58342,331119.41
1662505.0,24.92,101528.72,113.03,-6.941,0.757,-9.359,0.118,0.884,-0.345,152.135,42.803,1771.677,54.30611,-5.58342,331119.41
1662759.0,24.91,101529.3,112.98,-5.722,1.168,-6.196,-0.268,-0.241,-0.295,160.154,37.122,1766.619,54.306107,-5.583415,331119.25
1663004.0,24.91,101531.11,112.83,-7.022,-1.053,-10.293,-0.161,-0.031,0.037,107.011,34.714,1764.354,54.306107,-5.583415,331119.25
1663254.0,24.91,101532.59,112.71,-3.996,0.34,-5.349,-0.249,-0.304,0.225,33.48,32.198,1766.845,54.306107,-5.583415,331119.25
1663503.0,24.91,101532.87,112.69,-7.762,1.207,-9.546,0.017,0.604,-0.103,115.841,37.898,1767.393,54.306107,-5.583415,331119.25
1663756.0,24.91,101532.62,112.71,-3.764,0.512,-6.11,0.042,-0.36,-0.255,149.928,35.324,1763.847,54.306091,-5.583405,331118.28
1664007.0,24.91,101533.12,112.67,-6.78,-1.468,-9.347,0.388,-0.06,0.155,40.718,35.686,1761.845,54.306091,-5.583405,331118.28
1664256.0,24.91,101532.54,112.72,-3.215,-1.18,-6.874,0.111,0.118,0.557,-81.516,34.911,1766.619,54.306091,-5.583405,331118.28
1664505.0,24.91,101531.55,112.8,-5.131,-0.168,-9.299,0.19,0.058,0.188,-135.676,32.588,1773.062,54.306091,-5.583405,331118.28
1664759.0,24.9,101530.02,112.92,-3.158,-0.783,-9.189,-0.244,0.292,0.496,-118.667,33.158,1772.851,54.30608,-5.583392,331117.78
1665008.0,24.9,101529.36,112.98,-5.765,0.517,-6.946,0.099,0.009,0.173,-1.838,30.861,1775.586,54.30608,-5.583392,331117.78
1665257.0,24.9,101528.7,113.03,-3.44,-1.513,-10.211,0.547,-0.027,-0.037,-68.025,30.225,1777.097,54.30608,-5.583392,331117.78
1665507.0,24.9,101528.22,113.07,-4.733,-0.395,-7.906,-0.346,-0.217,-0.022,-131.343,25.484,1778.212,54.30608,-5.583392,331117.78
1665760.0,24.9,101528.88,113.02,-4.322,-1.42,-11.526,-0.594,0.417,-0.164,-158.689,29.507,1775.91,54.306072,-5.583388,331117.25
1666006.0,24.9,101530.19,112.91,-3.919,0.431,-5.42,-0.094,-0.096,-0.216,-72.435,25.071,1773.127,54.306072,-5.583388,331117.25
1666256.0,24.9,101530.68,112.87,-4.786,-1.068,-13.226,-0.152,0.227,-0.201,-81.544,29.365,1769.551,54.306072,-5.583388,331117.25
1666505.0,24.9,101530.92,112.84,-2.562,-0.924,-7.161,-0.301,-0.228,0.252,-137.981,22.074,1768.638,54.306072,-5.583388,331117.25
1666758.0,24.9,101531.09,112.84,-2.571,0.627,-11.131,0.179,0.091,-0.262,-83.566,19.921,1770.933,54.306061,-5.583378,331116.62
1667007.0,24.9,101531.17,112.83,-1.506,-0.711,-9.567,-1.236,0.126,-0.173,-11.802,19.399,1764.404,54.306061,-5.583378,331116.62
1667256.0,24.9,101530.8,112.86,-5.236,0.893,-9.268,0.199,-0.041,-0.139,53.36,19.402,1762.821,54.306061,-5.583378,331116.62
1667506.0,24.9,101531.62,112.79,-2.339,-0.91,-10.494,-0.34,-0.165,0.084,-23.256,19.104,1761.541,54.306061,-5.583378,331116.62
1667759.0,24.9,101532.28,112.74,-2.761,-0.002,-7.499,-0.197,-0.084,0.13,-116.613,14.994,1764.494,54.306053,-5.583442,331113.47
1668005.0,24.89,101532.2,112.74,-6.141,-0.01,-13.738,0.016,0.289,-0.314,-129.65,20.28,1762.735,54.306053,-5.583442,331113.47
1668254.0,24.89,101532.03,112.76,-3.11,0.127,-5.725,-0.055,-0.321,0.012,-58.588,18.304,1760.231,54.306053,-5.583442,331113.47
1668503.0,24.89,101532.03,112.76,-5.006,-1.221,-11.064,-0.175,-0.237,0.23,17.999,22.055,1762.051,54.306053,-5.583442,331113.47
1668756.0,24.89,101530.47,112.89,-2.045,-0.986,-5.756,0.318,0.18,0.552,-91.099,23.098,1767.587,54.306049,-5.583425,331113.78
1669004.0,24.89,101531.05,112.84,-3.692,-0.529,-11.394,0.34,0.257,-0.076,-130.306,22.807,1772.353,54.306049,-5.583425,331113.78
1669253.0,24.89,101532.2,112.74,-2.255,-0.79,-8.447,-0.556,-0.422,-0.184,-139.703,19.908,1767.594,54.306049,-5.583425,331113.78
1669508.0,24.89,101531.3,112.82,-4.446,-1.504,-9.414,0.422,0.335,0.003,-158.385,23.099,1765.611,54.306049,-5.583425,331113.78
1669756.0,24.89,101531.62,112.79,-3.39,-2.38,-10.063,0.436,-0.064,0.13,-161.097,23.507,1766.38,54.306042,-5.583406,331113.81
1670004.0,24.89,101531.79,112.78,-3.381,-2.009,-8.61,-0.75,-0.247,0.221,-165.396,18.751,1769.918,54.306042,-5.583406,331113.81
1670253.0,24.89,101531.55,112.8,-2.567,-0.309,-10.563,0.196,0.151,-0.051,-175.913,19.843,1770.697,54.306042,-5.583406,331113.81
1670508.0,24.89,101530.39,112.91,-5.179,-0.18,-7.599,0.046,-0.181,0.135,-30.034,22.268,1772.055,54.306042,-5.583406,331113.81
1670755.0,24.89,101530.72,112.87,-3.388,-1.549,-9.469,-0.105,-0.1,0.44,-113.282,22.337,1776.444,54.306034,-5.58339,331113.78
1671006.0,24.89,101530.17,112.91,-3.012,2.895,-6.615,0.413,-0.245,0.212,-48.095,17.937,1782.138,54.306034,-5.58339,331113.78
1671256.0,24.88,101529.27,112.99,-3.627,2.722,-10.879,-0.204,0.381,-0.165,72.386,23.547,1780.743,54.306034,-5.58339,331113.78
1671505.0,24.88,101529.11,113.0,-3.431,1.283,-6.812,0.093,-0.07,-0.203,129.076,25.138,1778.129,54.306034,-5.58339,331113.78
1671758.0,24.88,101529.6,112.96,-3.553,2.227,-11.71,0.099,-0.133,-0.066,155.999,19.247,1775.375,54.306034,-5.583375,331114.38
1672003.0,24.88,101529.6,112.96,-2.344,0.388,-7.537,-0.281,0.001,-0.061,135.532,21.312,1774.631,54.306034,-5.583375,331114.38
1672258.0,24.88,101529.11,113.0,-4.446,2.164,-10.762,0.567,0.087,-0.61,155.976,22.908,1769.509,54.306034,-5.583375,331114.38
1672507.0,24.88,101529.6,112.96,-3.469,1.681,-7.254,-0.995,0.119,-0.371,158.383,19.828,1763.085,54.306034,-5.583375,331114.38
1672755.0,24.88,101530.27,112.9,-5.061,1.516,-9.737,0.754,-0.152,-0.371,162.977,24.754,1757.505,54.30603,-5.583358,331114.69
1673005.0,24.88,101530.67,112.87,-2.131,0.177,-8.092,0.154,0.405,0.128,69.35,24.626,1756.146,54.30603,-5.583358,331114.69
1673254.0,24.88,101530.62,112.87,-3.915,1.319,-9.936,-0.163,0.156,0.018,128.168,24.619,1758.639,54.30603,-5.583358,331114.69
1673504.0,24.87,101529.97,112.93,-2.926,-1.413,-8.478,-0.297,0.557,0.171,96.682,24.106,1760.144,54.30603,-5.583358,331114.69
1673757.0,24.87,101530.47,112.89,-2.186,-0.67,-9.936,0.524,0.113,0.926,6.54,21.047,1766.472,54.306034,-5.583335,331115.94
1674007.0,24.87,101530.74,112.86,-1.551,-0.524,-9.632,0.187,0.466,1.297,-83.275,18.382,1784.58,54.306034,-5.583335,331115.94
1674256.0,24.87,101530.75,112.86,-0.634,0.05,-10.034,0.326,-0.34,0.442,-13.158,9.563,1797.364,54.306034,-5.583335,331115.94
1674505.0,24.87,101531.02,112.84,-0.381,-0.625,-9.064,-0.258,0.253,-0.421,-75.059,5.194,1796.705,54.306034,-5.583335,331115.94
1674759.0,24.87,101531.84,112.77,-0.915,-0.335,-8.236,-0.099,-0.031,-0.891,-126.469,4.884,1785.815,54.30603,-5.583315,331116.38
1675006.0,24.86,101531.27,112.82,-1.08,-1.489,-11.442,0.049,0.243,0.027,-150.783,5.452,1781.793,54.30603,-5.583315,331116.38
1675255.0,24.86,101530.12,112.92,-0.69,-0.527,-6.812,0.144,-0.377,-0.142,-162.44,4.199,1779.99,54.30603,-5.583315,331116.38
1675505.0,24.86,101528.89,113.02,-1.223,-2.746,-13.882,0.305,0.088,-0.436,-169.441,4.634,1776.527,54.30603,-5.583315,331116.38
1675758.0,24.86,101527.66,113.12,-0.709,-0.608,-7.195,-0.115,-0.171,-0.149,-170.999,-0.52,1771.957,54.30603,-5.583298,331117.03
1676004.0,24.87,101528.06,113.09,-0.074,-1.446,-11.923,-0.191,0.05,0.182,-172.144,3.138,1770.935,54.30603,-5.583298,331117.03
1676254.0,24.87,101528.61,113.04,-0.383,-0.883,-8.04,0.131,0.169,0.111,-172.4,6.24,1773.015,54.30603,-5.583298,331117.03
1676503.0,24.87,101528.52,113.05,-0.91,-0.433,-11.679,0.317,-0.067,-0.21,-140.002,4.391,1772.803,54.30603,-5.583298,331117.03
1676756.0,24.87,101529.19,112.99,0.038,-0.316,-6.876,-0.12,-0.156,-0.176,-162.231,0.899,1769.517,54.306023,-5.583282,331117.0
1677004.0,24.87,101529.34,112.98,-0.199,-1.666,-12.309,0.508,0.366,-0.16,-163.545,3.258,1765.983,54.306023,-5.583282,331117.0
1677253.0,24.87,101529.34,112.98,1.144,-1.815,-9.299,-0.713,0.161,-0.08,-168.416,-0.896,1766.498,54.306023,-5.583282,331117.0
1677508.0,24.87,101528.61,113.04,-1.889,-2.057,-11.487,0.396,0.154,-0.55,-171.548,3.57,1762.696,54.306023,-5.583282,331117.0
1677755.0,24.87,101528.23,113.07,1.93,-1.472,-10.096,-1.087,0.172,-0.021,-170.587,-1.661,1758.093,54.306015,-5.583261,331117.12
1678008.0,24.87,101528.56,113.05,-0.328,-1.022,-8.758,0.414,-0.363,-0.009,-172.932,-4.055,1757.836,54.306015,-5.583261,331117.12
1678258.0,24.87,101529.38,112.98,-0.527,-1.784,-8.483,-0.175,0.096,0.298,-168.479,-2.563,1760.486,54.306015,-5.583261,331117.12
1678507.0,24.86,101529.13,113.0,-1.511,-0.716,-8.219,-0.485,-0.305,0.099,-172.216,0.655,1762.798,54.306015,-5.583261,331117.12
1678755.0,24.86,101529.88,112.94,0.165,-2.248,-13.491,0.038,0.298,-0.449,-177.565,1.95,1760.259,54.306015,-5.583241,331117.91
1679008.0,24.86,101530.2,112.91,-1.065,-0.481,-7.281,0.22,-0.487,-0.302,-175.775,-0.46,1754.33,54.306015,-5.583241,331117.91
1679257.0,24.86,101531.03,112.84,0.785,-2.933,-13.075,-0.101,0.217,0.444,-172.9,0.922,1754.683,54.306015,-5.583241,331117.91
1679506.0,24.86,101532.27,112.74,-0.898,-0.18,-8.485,0.267,0.125,0.416,-170.734,4.923,1760.847,54.306015,-5.583241,331117.91
1679760.0,24.86,101533.2,112.66,0.043,0.383,-11.171,-1.184,-0.314,0.063,-56.374,0.619,1766.41,54.306011,-5.583221,331118.34
1680004.0,24.85,101532.83,112.69,-1.484,1.927,-7.623,-0.163,0.42,-0.769,-1.036,2.766,1759.44,54.306011,-5.583221,331118.34
1680253.0,24.84,101530.97,112.85,-4.429,1.946,-12.021,0.372,-0.44,-0.25,96.563,13.787,1750.1,54.306011,-5.583221,331118.34
1680508.0,24.83,101528.75,113.03,-1.03,1.132,-8.428,-0.046,-0.082,0.274,142.375,7.475,1752.992,54.306011,-5.583221,331118.34
1680755.0,24.83,101528.2,113.08,-1.324,1.753,-10.465,1.025,0.2,-0.141,161.907,5.623,1756.115,54.306004,-5.583198,331118.59
1681008.0,24.83,101528.12,113.08,-1.192,2.435,-8.847,-1.674,0.144,-0.218,160.263,9.863,1750.898,54.306004,-5.583198,331118.59
1681257.0,24.83,101527.72,113.12,-4.24,2.703,-11.21,0.592,-0.34,-0.188,159.931,15.376,1747.924,54.306004,-5.583198,331118.59
1681507.0,24.82,101528.16,113.08,-3.263,0.713,-8.571,-0.021,-0.058,0.382,171.082,13.076,1751.017,54.306004,-5.583198,331118.59
1681760.0,24.82,101528.98,113.01,-1.207,1.846,-10.058,-0.154,0.0,0.318,171.904,13.196,1757.422,54.306004,-5.583175,331119.5
1682004.0,24.82,101529.39,112.98,-1.645,3.311,-10.463,0.013,0.686,0.021,169.713,17.137,1757.383,54.306004,-5.583175,331119.5
1682253.0,24.82,101529.97,112.96,-3.845,2.368,-7.944,0.335,-0.189,0.172,162.859,16.974,1760.123,54.306004,-5.583175,331119.5
1682508.0,24.81,101530.0,112.93,-1.616,1.118,-10.637,0.448,-0.031,0.737,171.147,12.349,1767.375,54.306004,-5.583175,331119.5
1682755.0,24.81,101530.2,112.91,-0.881,3.124,-8.571,0.11,-0.284,0.455,165.967,8.394,1775.961,54.305996,-5.583151,331119.75
1683008.0,24.81,101530.45,112.89,-0.783,3.919,-11.128,0.983,0.792,0.289,164.62,11.625,1780.467,54.305996,-5.583151,331119.75
1683257.0,24.81,101530.62,112.88,-1.944,1.626,-7.781,-0.019,-0.08,0.789,163.423,12.642,1790.301,54.305996,-5.583151,331119.75
1683506.0,24.81,101531.69,112.79,1.48,1.966,-10.64,0.469,-0.273,0.548,169.934,1.719,1799.658,54.305996,-5.583151,331119.75
1683759.0,24.81,101531.44,112.81,1.077,3.27,-8.511,-0.319,0.128,0.082,168.31,-3.036,1804.497,54.305992,-5.583128,331120.31
1684008.0,24.81,101532.09,112.75,0.297,1.049,-13.106,0.018,0.801,-0.801,163.928,0.233,1799.231,54.305992,-5.583128,331120.31
1684258.0,24.8,101530.04,112.92,-0.46,2.246,-7.803,0.574,-0.117,-0.735,167.933,2.817,1787.107,54.305992,-5.583128,331120.31
1684507.0,24.8,101528.15,113.08,0.845,0.376,-12.627,0.027,-0.236,-0.189,176.448,-2.615,1779.081,54.305992,-5.583128,331120.31
1684754.0,24.8,101527.45,113.14,0.199,1.729,-5.933,-0.672,-0.181,0.335,48.34,-4.549,1780.199,54.305984,-5.583107,331120.47
1685006.0,24.8,101526.87,113.19,1.219,2.358,-11.741,0.192,0.335,-0.322,106.492,-2.888,1780.055,54.305984,-5.583107,331120.47
1685255.0,24.8,101528.02,113.09,-0.469,2.327,-7.386,0.292,0.053,-0.468,144.387,-0.277,1773.727,54.305984,-5.583107,331120.47
1685505.0,24.79,101528.11,113.08,0.596,0.364,-11.894,0.04,-0.209,-0.181,165.214,0.247,1768.053,54.305984,-5.583107,331120.47
1685758.0,24.79,101529.25,112.99,1.616,0.304,-8.016,0.161,0.439,0.014,-7.235,-4.458,1766.913,54.306011,-5.583068,331124.34
1686008.0,24.79,101530.58,112.88,1.599,-0.934,-10.841,-0.162,0.153,-0.75,20.522,-4.199,1761.803,54.306011,-5.583068,331124.34
1686258.0,24.79,101530.9,112.85,1.487,-0.323,-10.302,0.93,0.152,-0.621,-88.75,-1.256,1750.473,54.306011,-5.583068,331124.34
1686507.0,24.79,101531.02,112.84,-0.12,-1.381,-12.443,-0.002,-0.605,-0.116,-72.184,-4.227,1745.537,54.306011,-5.583068,331124.34
1686754.0,24.79,101531.18,112.83,0.192,-1.099,-9.902,-0.521,-0.628,0.263,-131.392,-10.091,1747.632,54.306011,-5.583045,331125.25
1687006.0,24.79,101530.69,112.87,-0.311,-1.444,-6.529,-0.76,0.097,0.167,-158.413,-9.157,1751.692,54.306011,-5.583045,331125.25
1687255.0,24.79,101529.04,113.01,3.208,0.045,-9.692,0.959,1.227,-0.363,-62.317,-1.278,1750.496,54.306011,-5.583045,331125.25
1687504.0,24.79,101530.24,112.91,0.091,-2.468,-11.971,0.911,0.496,-0.436,-120.791,7.137,1742.51,54.306011,-5.583045,331125.25
1687757.0,24.79,101531.34,112.81,4.678,-3.594,-9.91,-0.424,-0.045,0.327,-143.242,-3.321,1742.63,54.306004,-5.58302,331125.56
1688006.0,24.79,101531.67,112.79,2.435,-3.187,-6.603,-0.576,-0.59,0.385,-156.335,-16.613,1748.516,54.306004,-5.58302,331125.56
1688256.0,24.79,101532.58,112.71,3.462,-4.329,-12.819,0.342,0.222,-0.286,-162.385,-16.608,1749.49,54.306004,-5.58302,331125.56
1688505.0,24.79,101532.83,112.69,0.876,-1.935,-8.277,-0.07,-0.182,-0.268,-164.307,-11.794,1745.037,54.306004,-5.58302,331125.56
1688758.0,24.79,101533.81,112.61,6.088,-6.256,-14.593,-0.763,-0.148,0.184,-164.371,-10.678,1745.607,54.305996,-5.582996,331125.81
1689006.0,24.78,101532.94,112.68,0.809,-1.305,-5.753,-0.432,-0.23,0.566,-162.004,-16.173,1750.093,54.305996,-5.582996,331125.81
1689256.0,24.78,101532.7,112.7,3.56,-2.277,-11.317,-0.239,-0.01,-0.173,-167.786,-12.543,1752.308,54.305996,-5.582996,331125.81
1689505.0,24.78,101533.44,112.64,-1.537,-0.373,-6.958,0.409,0.039,-0.335,-168.043,-6.087,1748.493,54.305996,-5.582996,331125.81
1689758.0,24.78,101534.76,112.53,6.045,-3.948,-12.646,-0.173,0.13,0.099,-165.996,-6.715,1745.81,54.305992,-5.582971,331126.44
1690007.0,24.78,101534.76,112.53,1.094,-1.779,-8.188,0.275,0.502,0.156,-167.312,-7.351,1748.29,54.305992,-5.582971,331126.44
1690256.0,24.78,101534.27,112.59,3.644,-3.017,-11.31,0.039,-0.132,-0.099,-168.748,-9.699,1750.247,54.305992,-5.582971,331126.44
1690506.0,24.78,101533.52,112.63,2.509,-1.803,-7.343,0.157,-0.275,0.102,-166.269,-17.083,1749.183,54.305992,-5.582971,331126.44
1690759.0,24.78,101533.52,112.63,1.535,-2.148,-9.414,-0.231,0.118,0.27,-167.29,-14.427,1750.58,54.305984,-5.58295,331126.62
1691005.0,24.78,101533.85,112.61,3.63,-3.156,-10.843,-0.117,0.248,0.346,-170.015,-12.139,1755.926,54.305984,-5.58295,331126.62
1691254.0,24.78,101533.69,112.62,0.175,-1.733,-10.034,-0.372,-0.362,0.042,-172.773,-11.56,1759.815,54.305984,-5.58295,331126.62
1691503.0,24.78,101533.85,112.61,0.455,-0.699,-12.766,-0.11,-0.79,0.256,-170.747,-12.309,1759.921,54.305984,-5.58295,331126.62
1691757.0,24.78,101533.36,112.65,-0.919,0.309,-9.141,-1.212,-1.915,0.305,-64.962,-15.245,1765.826,54.305977,-5.58293,331126.72
1692006.0,24.78,101532.45,112.72,-2.854,0.347,-2.373,0.757,-0.808,0.041,-58.207,-15.714,1768.709,54.305977,-5.58293,331126.72
1692255.0,24.78,101531.05,112.84,-5.088,1.963,-7.276,-0.039,0.974,0.235,76.793,24.033,1770.564,54.305977,-5.58293,331126.72
1692504.0,24.78,101531.38,112.81,-4.875,2.562,-11.396,-0.29,0.891,0.282,128.168,31.619,1773.409,54.305977,-5.58293,331126.72
1692757.0,24.77,101531.99,112.76,-5.121,4.377,-9.158,0.726,-0.402,0.11,148.202,28.669,1777.943,54.305973,-5.582908,331127.22
1693004.0,24.77,101531.75,112.78,-5.538,0.412,-12.239,0.394,-1.2,-0.06,158.972,17.954,1779.481,54.305973,-5.582908,331127.22
1693253.0,24.77,101531.25,112.82,-2.416,-0.39,-5.868,1.657,-2.414,-0.512,0.538,1.814,1771.874,54.305973,-5.582908,331127.22
1693508.0,24.77,101529.94,112.93,-9.548,-1.252,-0.024,-0.293,-1.562,-0.27,-61.401,19.527,1767.626,54.305973,-5.582908,331127.22
1693756.0,24.77,101527.72,113.12,-8.109,-2.6,0.297,-0.171,-0.609,-0.748,-76.805,45.597,1759.889,54.305965,-5.58289,331127.28
1694007.0,24.77,101527.06,113.17,-8.648,-5.904,4.494,1.11,-0.801,-0.963,-62.284,43.276,1747.47,54.305965,-5.58289,331127.28
1694256.0,24.76,101525.94,113.26,-5.215,-7.207,3.649,-0.037,0.165,-0.35,-57.916,37.093,1737.221,54.305965,-5.58289,331127.28
1694505.0,24.76,101525.7,113.28,-7.633,-6.766,4.266,0.011,0.09,0.268,-60.074,39.362,1738.112,54.305965,-5.58289,331127.28
1694758.0,24.76,101525.32,113.31,-7.429,-6.395,2.677,-1.225,0.273,0.872,-68.381,43.407,1746.291,54.305958,-5.582868,331127.44
1695008.0,24.76,101526.39,113.23,-8.329,-4.111,0.611,-1.041,-0.113,1.939,-86.397,51.27,1768.244,54.305958,-5.582868,331127.44
1695257.0,24.75,101526.97,113.18,-9.503,0.699,-0.311,-0.411,0.115,1.533,-44.14,69.853,1795.717,54.305958,-5.582868,331127.44
1695506.0,24.75,101527.66,113.12,-7.628,4.271,-0.184,0.592,0.092,0.428,41.248,68.448,1808.319,54.305958,-5.582868,331127.44
1695760.0,24.75,101528.73,113.03,-9.787,4.336,-2.631,0.242,0.522,-0.367,80.268,68.149,1808.49,54.30595,-5.582848,331127.53
1696003.0,24.74,101529.75,112.95,-9.371,1.618,-3.247,4.197,-0.412,-0.132,134.474,66.792,1805.02,54.30595,-5.582848,331127.53
1696258.0,24.73,101528.97,113.01,-9.732,-1.027,-2.859,-0.319,-0.226,0.339,127.155,68.795,1807.866,54.30595,-5.582848,331127.53
1696507.0,24.72,101527.69,113.12,-6.383,1.166,-3.431,-1.836,0.125,0.157,93.63,68.17,1810.438,54.30595,-5.582848,331127.53
1696754.0,24.71,101527.63,113.12,-11.892,3.4,-2.622,-2.536,0.571,-0.088,88.688,69.784,1811.591,54.305946,-5.582833,331127.78
1697006.0,24.71,101528.7,113.03,-6.73,1.523,-2.741,-1.204,0.841,-0.314,98.973,76.697,1806.682,54.305946,-5.582833,331127.78
1697255.0,24.71,101529.31,112.98,-11.111,0.611,-2.911,0.242,-0.394,0.067,131.467,74.919,1804.2,54.305946,-5.582833,331127.78
1697504.0,24.7,101529.48,112.97,-9.297,2.377,-2.461,0.428,-0.178,0.256,115.628,69.41,1808.037,54.305946,-5.582833,331127.78
1697757.0,24.7,101530.25,112.91,-8.734,3.697,-3.048,0.196,-0.212,-0.031,128.824,63.438,1810.0,54.305939,-5.582813,331127.88
1698005.0,24.69,101531.03,112.84,-9.285,3.438,-4.005,-0.096,0.53,-0.041,130.172,66.253,1808.181,54.305939,-5.582813,331127.88
1698255.0,24.68,101531.39,112.81,-8.808,2.272,-1.434,-0.133,-0.157,0.228,123.668,66.702,1810.151,54.305939,-5.582813,331127.88
1698504.0,24.67,101531.76,112.78,-8.234,2.456,-2.148,0.977,0.144,0.009,136.455,68.221,1812.23,54.305939,-5.582813,331127.88
1698757.0,24.67,101532.2,112.74,-6.23,2.682,-3.845,-0.088,0.164,0.083,146.603,63.9,1812.168,54.305931,-5.582793,331128.0
1699007.0,24.66,101531.75,112.78,-12.555,4.429,-5.873,-0.668,0.426,0.226,140.619,62.27,1815.109,54.305931,-5.582793,331128.0
1699257.0,24.66,101532.08,112.75,-7.482,2.935,-2.306,0.79,-0.258,0.313,139.839,60.327,1817.803,54.305931,-5.582793,331128.0
1699505.0,24.65,101532.27,112.74,-8.653,2.998,-5.318,0.618,0.06,1.697,145.347,59.599,1831.828,54.305931,-5.582793,331128.0
1699759.0,24.65,101531.62,112.79,-1.204,4.41,-6.419,1.341,0.281,1.782,160.135,46.754,1858.884,54.305931,-5.582775,331128.72
1700006.0,24.64,101531.16,112.83,-0.328,6.61,-8.842,0.424,0.146,1.284,158.642,26.882,1880.923,54.305931,-5.582775,331128.72
1700256.0,24.63,101530.95,112.85,0.373,5.092,-7.568,0.415,0.521,0.447,157.95,13.208,1892.588,54.305931,-5.582775,331128.72
1700505.0,24.63,101530.95,112.85,0.769,3.656,-9.05,-0.354,-0.186,0.126,157.425,2.881,1893.152,54.305931,-5.582775,331128.72
1700758.0,24.63,101531.39,112.81,-0.165,5.318,-8.916,0.136,-0.205,0.007,150.093,0.675,1900.847,54.305927,-5.582759,331128.97
1701007.0,24.62,101530.82,112.86,1.434,4.518,-7.199,0.385,0.411,-1.157,149.747,-2.926,1892.425,54.305927,-5.582759,331128.97
1701257.0,24.62,101530.73,112.87,-1.848,1.468,-11.011,-0.06,-0.181,-0.079,163.277,2.803,1884.783,54.305927,-5.582759,331128.97
1701506.0,24.62,101531.39,112.81,-1.183,1.281,-8.554,0.512,-0.178,-0.056,169.824,3.012,1882.804,54.305927,-5.582759,331128.97
1701759.0,24.62,101531.67,112.79,-1.578,1.587,-9.572,-0.243,-0.222,1.3,78.468,5.667,1891.804,54.305927,-5.582747,331129.47
1702005.0,24.62,101531.42,112.81,-0.017,1.051,-9.201,0.139,-0.092,0.442,117.844,5.556,1902.256,54.305927,-5.582747,331129.47
1702254.0,24.62,101530.61,112.88,-1.683,7.784,-8.033,-1.749,-0.335,-0.149,119.681,0.994,1909.766,54.305927,-5.582747,331129.47
1702503.0,24.61,101529.53,112.97,-1.721,6.191,-7.005,-0.389,0.132,-0.427,121.943,10.495,1901.807,54.305927,-5.582747,331129.47
1702756.0,24.61,101528.99,113.01,-3.311,6.093,-6.814,0.184,-0.567,-0.758,127.424,9.517,1893.646,54.305927,-5.582733,331130.0
1703004.0,24.61,101528.83,113.02,-4.147,4.899,-4.652,-0.316,-0.231,-0.277,132.582,13.838,1886.625,54.305927,-5.582733,331130.0
1703253.0,24.61,101527.77,113.11,-4.978,5.61,-4.633,0.113,0.356,-0.23,128.945,27.298,1882.971,54.305927,-5.582733,331130.0
1703508.0,24.61,101527.52,113.13,-5.861,6.675,-5.748,-0.164,0.275,-0.478,132.556,33.344,1877.697,54.305927,-5.582733,331130.0
1703755.0,24.6,101527.8,113.11,-6.215,4.669,-6.23,0.076,0.292,-0.275,136.057,39.246,1872.665,54.305927,-5.582725,331130.34
1704006.0,24.6,101527.72,113.12,-6.029,4.628,-6.802,0.188,-0.501,0.019,142.833,36.119,1871.188,54.305927,-5.582725,331130.34
1704255.0,24.6,101529.69,112.95,-6.946,4.851,-5.923,0.379,-0.503,0.062,144.534,33.25,1872.457,54.305927,-5.582725,331130.34
1704504.0,24.6,101529.61,112.96,-7.23,3.045,-5.092,0.013,-0.486,-0.282,146.184,35.339,1870.224,54.305927,-5.582725,331130.34
1704757.0,24.6,101528.95,113.01,-8.143,2.322,-4.841,0.179,-0.128,-0.325,148.515,44.497,1866.029,54.30592,-5.58273,331129.47
1705003.0,24.6,101529.28,112.99,-8.049,1.999,-4.554,-0.242,0.069,-0.078,152.21,50.672,1862.8,54.30592,-5.58273,331129.47
1705258.0,24.6,101528.87,113.02,-8.104,1.812,-4.743,0.034,0.404,0.034,153.472,59.144,1862.892,54.30592,-5.58273,331129.47
1705507.0,24.6,101529.2,112.99,-8.009,2.667,-5.914,0.093,0.11,-0.045,154.861,57.877,1862.867,54.30592,-5.58273,331129.47
1705754.0,24.6,101529.61,112.96,-7.894,1.836,-5.701,0.041,-0.028,0.015,158.2,54.738,1862.169,54.305927,-5.582722,331130.44
1706006.0,24.6,101529.45,112.97,-7.719,1.954,-5.277,-0.067,0.073,0.143,158.753,53.408,1863.543,54.305927,-5.582722,331130.44
1706256.0,24.6,101530.1,112.92,-6.979,2.191,-5.777,0.034,0.147,0.045,158.037,53.504,1864.979,54.305927,-5.582722,331130.44
1706505.0,24.6,101530.92,112.85,-7.717,2.401,-6.141,-0.128,0.169,0.002,158.146,51.081,1864.828,54.305927,-5.582722,331130.44
1706758.0,24.6,101531.25,112.82,-6.955,2.389,-6.843,-0.141,0.024,0.089,158.171,50.199,1865.829,54.305927,-5.582725,331130.34
1707007.0,24.6,101532.41,112.73,-7.707,2.26,-6.46,0.063,-0.058,0.059,159.356,46.991,1866.458,54.305927,-5.582725,331130.34
1707257.0,24.6,101533.3,112.65,-7.468,2.947,-6.151,0.139,0.085,0.224,160.822,47.984,1869.853,54.305927,-5.582725,331130.34
1707506.0,24.59,101533.91,112.6,-6.823,2.433,-6.452,0.035,0.097,0.145,159.646,46.963,1871.791,54.305927,-5.582725,331130.34
1707759.0,24.59,101533.51,112.64,-6.685,2.306,-6.622,0.031,0.036,0.0,159.048,45.333,1872.805,54.305927,-5.582725,331130.34
1708006.0,24.59,101533.02,112.68,-6.479,2.667,-6.709,0.104,-0.001,-0.076,158.919,44.117,1873.172,54.305927,-5.582725,331130.34
1708255.0,24.59,101532.36,112.73,-6.359,2.382,-6.718,-0.112,0.086,-0.106,159.991,43.068,1871.186,54.305927,-5.582725,331130.34
1708505.0,24.59,101531.2,112.86,-6.522,1.994,-7.223,-0.004,0.03,-0.018,160.709,43.041,1870.063,54.305927,-5.582725,331130.34
1708758.0,24.59,101530.22,112.91,-6.349,1.891,-7.278,0.031,0.018,-0.131,161.517,41.991,1869.279,54.305931,-5.58273,331130.47
1709008.0,24.59,101530.05,112.92,-6.732,1.844,-6.735,0.159,-0.148,-0.16,163.456,40.765,1868.089,54.305931,-5.58273,331130.47
1709257.0,24.59,101530.3,112.9,-6.675,1.135,-6.747,0.08,0.062,-0.187,166.645,42.224,1865.636,54.305931,-5.58273,331130.47
1709507.0,24.59,101530.3,112.9,-6.5,0.771,-7.197,0.037,-0.037,-0.245,170.718,42.83,1862.749,54.305931,-5.58273,331130.47
1709754.0,24.59,101529.76,112.95,-6.922,0.074,-6.962,0.06,-0.024,-0.128,122.092,43.316,1859.775,54.305931,-5.582731,331130.41
1710016.0,24.59,101529.48,112.97,-6.852,-0.168,-6.907,-0.088,-0.033,-0.037,140.451,43.402,1858.733,54.305931,-5.582731,331130.41
1710254.0,24.59,101529.64,112.96,-6.972,0.029,-7.104,-0.773,0.01,-0.033,111.385,44.187,1858.136,54.305931,-5.582731,331130.41
1710503.0,24.59,101528.82,113.02,-7.472,1.415,-7.321,-0.535,-0.109,-0.021,141.027,43.832,1858.419,54.305931,-5.582731,331130.41
1710756.0,24.59,101529.97,112.93,-7.793,3.127,-5.89,-0.637,0.029,-0.114,144.344,45.116,1857.376,54.305927,-5.582728,331130.22
1711005.0,24.59,101530.71,112.87,-6.63,4.094,-5.315,-1.015,-0.192,0.75,135.654,45.115,1861.824,54.305927,-5.582728,331130.22
1711255.0,24.59,101530.38,112.9,-5.064,6.479,-5.454,-0.828,0.298,0.879,127.982,44.572,1873.332,54.305927,-5.582728,331130.22
1711504.0,24.59,101530.91,112.85,-5.109,7.659,-3.677,-0.067,0.299,-0.002,119.044,36.722,1878.908,54.305927,-5.582728,331130.22
1711757.0,24.59,101532.23,112.74,-3.903,8.377,-4.685,-0.409,0.424,0.309,116.138,35.712,1881.054,54.305931,-5.582733,331130.34
1712021.0,24.58,101532.64,112.71,-3.369,8.349,-3.505,-0.359,0.444,0.16,110.634,35.158,1884.604,54.305931,-5.582733,331130.34
1712253.0,24.58,101532.17,112.75,-2.509,8.672,-3.807,0.008,0.239,0.157,112.429,27.153,1886.556,54.305931,-5.582733,331130.34
1712508.0,24.57,101531.97,112.76,-2.749,8.502,-4.377,0.129,0.098,0.031,115.228,20.714,1886.927,54.305931,-5.582733,331130.34
1712756.0,24.57,101532.38,112.73,-2.081,9.017,-4.786,0.047,-0.084,0.046,116.448,16.117,1889.171,54.305931,-5.582731,331130.41
1713006.0,24.57,101533.12,112.67,-2.468,9.194,-4.226,-0.208,-0.354,-0.359,116.764,11.838,1885.98,54.305931,-5.582731,331130.41
1713255.0,24.57,101532.88,112.69,-3.819,7.901,-2.868,-0.209,-0.311,-0.398,112.264,13.926,1879.948,54.305931,-5.582731,331130.41
1713504.0,24.57,101531.88,112.77,-4.587,7.542,-2.32,-0.282,-0.021,-0.145,108.017,20.946,1875.76,54.305931,-5.582731,331130.41
1713758.0,24.57,101531.88,112.77,-4.798,8.021,-2.081,-0.391,0.032,-0.025,105.451,26.425,1874.477,54.305931,-5.58273,331130.47
1714005.0,24.57,101532.95,112.68,-5.14,7.441,-1.676,0.036,-0.029,-0.048,103.083,29.756,1873.384,54.305931,-5.58273,331130.47
1714255.0,24.57,101533.69,112.62,-5.947,7.86,-1.985,0.103,-0.451,-0.464,105.135,28.971,1870.267,54.305931,-5.58273,331130.47
1714504.0,24.56,101534.8,112.53,-6.625,6.881,-1.386,0.187,-0.31,-0.343,104.556,33.672,1864.197,54.305931,-5.58273,331130.47
1714757.0,24.55,101534.83,112.53,-7.47,6.242,-1.549,0.196,-0.027,-0.184,105.436,39.772,1859.938,54.305931,-5.582731,331130.41
1715007.0,24.55,101534.91,112.52,-7.415,6.009,-1.798,-0.036,-0.085,-0.268,107.843,43.867,1856.954,54.305931,-5.582731,331130.41
1715256.0,24.54,101534.95,112.52,-8.083,4.879,-1.987,-0.066,-0.045,-0.256,108.262,50.867,1853.274,54.305931,-5.582731,331130.41
1715505.0,24.53,101534.69,112.54,-8.313,4.887,-2.093,0.048,0.25,-0.026,110.491,56.137,1851.452,54.305931,-5.582731,331130.41
1715758.0,24.52,101534.8,112.53,-8.107,4.621,-2.483,0.076,0.066,-0.055,113.962,58.361,1851.182,54.305931,-5.582735,331130.28
1716006.0,24.52,101534.75,112.53,-8.066,4.393,-2.863,0.187,0.011,-0.067,118.552,58.109,1850.062,54.305931,-5.582735,331130.28
1716255.0,24.51,101534.52,112.55,-8.349,4.231,-2.919,0.148,-0.011,-0.008,123.013,57.729,1849.453,54.305931,-5.582735,331130.28
1716504.0,24.51,101534.76,112.53,-8.27,4.123,-3.34,0.063,0.099,0.05,125.808,58.32,1849.899,54.305931,-5.582735,331130.28
1716757.0,24.51,101536.16,112.42,-8.279,3.989,-3.292,0.066,0.047,0.019,128.137,58.348,1850.325,54.305931,-5.582736,331130.22
1717006.0,24.5,101536.27,112.41,-8.133,4.077,-3.527,-0.041,0.028,-0.004,129.251,58.196,1850.514,54.305931,-5.582736,331130.22
1717256.0,24.5,101535.31,112.49,-8.317,3.991,-3.646,-0.038,0.043,-0.022,130.577,57.884,1850.315,54.305931,-5.582736,331130.22
1717505.0,24.49,101535.23,112.49,-8.013,3.699,-3.529,-0.151,0.072,-0.022,130.455,57.65,1849.735,54.305931,-5.582736,331130.22
1717758.0,24.49,101535.84,112.44,-8.152,3.74,-3.74,-0.229,0.044,-0.115,130.073,57.776,1849.027,54.305931,-5.582736,331130.22
1718038.0,24.48,101536.3,112.38,-8.183,3.625,-3.357,0.227,-0.039,0.112,134.6,58.228,1848.943,54.305931,-5.582736,331130.22
1718253.0,24.47,101536.41,112.4,-8.004,3.661,-3.778,0.055,0.004,0.133,135.594,57.502,1850.613,54.305931,-5.582736,331130.22
1718508.0,24.46,101535.78,112.45,-8.135,3.692,-3.587,0.066,0.167,0.043,135.17,57.447,1851.58,54.305931,-5.582736,331130.22
1718755.0,24.45,101535.16,112.5,-7.877,3.814,-4.281,0.028,0.024,0.081,136.454,56.785,1852.793,54.305931,-5.582738,331130.16
1719003.0,24.44,101535.23,112.49,-8.2,3.838,-3.776,0.09,-0.091,0.002,136.771,55.036,1853.065,54.305931,-5.582738,331130.16
1719258.0,24.43,101534.86,112.52,-7.989,3.747,-4.037,0.107,0.014,0.005,138.758,54.758,1853.362,54.305931,-5.582738,331130.16
1719507.0,24.43,101534.97,112.51,-7.999,3.62,-4.219,-0.053,0.019,-0.049,138.736,55.261,1853.176,54.305931,-5.582738,331130.16
1719760.0,24.43,101535.46,112.51,-8.179,3.687,-4.262,-0.064,0.052,-0.074,138.737,55.891,1852.323,54.305939,-5.58274,331130.75
1720010.0,24.42,101534.56,112.55,-8.38,3.294,-4.458,-0.096,-0.055,0.03,138.854,56.098,1851.974,54.305939,-5.58274,331130.75
1720254.0,24.42,101533.9,112.6,-8.284,3.649,-4.154,-0.002,0.116,0.044,138.767,56.805,1852.788,54.305939,-5.58274,331130.75
1720503.0,24.42,101533.57,112.63,-7.86,3.701,-4.357,-0.131,0.295,0.191,137.407,57.863,1854.826,54.305939,-5.58274,331130.75
1720756.0,24.42,101533.24,112.66,-7.254,3.907,-4.791,-0.007,0.136,0.057,138.453,55.627,1856.577,54.305939,-5.58274,331130.75
1721051.0,24.42,101533.24,112.66,-7.19,4.044,-4.939,0.079,0.086,0.063,139.75,52.94,1857.353,54.305939,-5.58274,331130.75
1721255.0,24.42,101533.41,112.64,-7.163,4.278,-5.437,0.104,0.137,0.106,140.529,51.936,1858.504,54.305939,-5.58274,331130.75
1721504.0,24.42,101532.75,112.7,-6.833,4.034,-5.756,-0.026,0.205,-0.109,141.345,49.518,1857.952,54.305939,-5.58274,331130.75
1721757.0,24.42,101532.02,112.76,-7.017,3.96,-5.997,0.051,0.131,0.209,145.005,48.442,1858.522,54.305939,-5.58274,331130.75
1722008.0,24.42,101532.34,112.73,-6.682,4.915,-5.825,-0.064,-0.147,-0.005,145.409,44.413,1860.96,54.305939,-5.58274,331130.75
1722257.0,24.42,101532.5,112.72,-6.366,4.202,-5.478,-0.035,0.004,-0.026,144.103,43.274,1860.331,54.305939,-5.58274,331130.75
1722506.0,24.42,101532.67,112.7,-6.555,4.085,-5.701,-0.023,-0.007,-0.017,144.299,43.297,1860.209,54.305939,-5.58274,331130.75
1722759.0,24.42,101532.34,112.73,-6.792,3.733,-5.643,0.035,-0.018,-0.042,144.834,43.547,1859.257,54.305939,-5.58274,331130.75
1723007.0,24.42,101532.42,112.73,-6.567,3.725,-5.856,0.004,0.014,0.082,145.984,43.721,1859.83,54.305939,-5.58274,331130.75
1723257.0,24.42,101532.09,112.75,-6.819,3.785,-6.043,0.148,0.072,0.091,147.079,44.181,1860.9,54.305939,-5.58274,331130.75
1723506.0,24.42,101532.05,112.76,-6.39,4.039,-6.191,0.034,0.046,0.023,147.13,43.33,1862.113,54.305939,-5.58274,331130.75
1723759.0,24.42,101532.05,112.74,-6.732,3.639,-6.275,-0.058,0.041,-0.06,146.766,42.883,1861.446,54.305946,-5.582742,331131.34
1724010.0,24.42,101532.91,112.68,-6.649,3.297,-5.93,0.026,-0.006,0.051,147.747,42.897,1861.256,54.305946,-5.582742,331131.34
1724254.0,24.42,101533.73,112.62,-6.67,3.886,-6.63,0.161,-0.074,0.019,150.99,42.305,1861.544,54.305946,-5.582742,331131.34
1724503.0,24.42,101533.36,112.65,-7.343,3.565,-6.639,0.186,-0.013,0.015,153.159,41.96,1862.411,54.305946,-5.582742,331131.34
1724756.0,24.42,101533.86,112.61,-6.649,3.646,-6.364,-0.189,-0.041,0.09,150.921,41.639,1863.049,54.305946,-5.582742,331131.34
1725018.0,24.42,101534.02,112.59,-6.079,3.4,-6.709,0.12,0.017,-0.054,151.822,44.24,1864.237,54.305946,-5.582742,331131.34
1725256.0,24.41,101533.61,112.63,-6.448,3.349,-6.661,0.052,-0.028,-0.011,153.757,42.313,1863.209,54.305946,-5.582742,331131.34
1725505.0,24.41,101533.94,112.6,-7.008,4.07,-7.635,0.182,0.005,0.078,155.744,43.396,1863.98,54.305946,-5.582742,331131.34
1725758.0,24.41,101534.1,112.59,-6.613,3.778,-6.175,-0.509,-0.144,0.105,150.127,39.767,1864.916,54.305946,-5.582742,331131.34
1726055.0,24.41,101534.59,112.55,-6.62,3.512,-6.105,-0.096,0.021,-0.013,148.606,42.104,1866.032,54.305946,-5.582742,331131.34
1726254.0,24.41,101534.76,112.53,-6.783,3.74,-6.072,0.003,0.018,-0.048,148.715,43.294,1865.5,54.305946,-5.582742,331131.34
1726503.0,24.41,101534.59,112.55,-6.867,3.697,-6.093,0.079,0.018,0.018,149.471,43.343,1865.205,54.305946,-5.582742,331131.34
1726756.0,24.41,101534.1,112.59,-6.713,3.457,-6.009,0.048,-0.017,0.072,149.559,43.547,1865.965,54.305939,-5.582742,331130.69
1727025.0,24.42,101534.18,112.58,-6.692,3.431,-6.153,0.103,0.007,0.066,150.909,43.489,1867.143,54.305939,-5.582742,331130.69
1727258.0,24.42,101533.36,112.65,-6.56,3.577,-6.443,0.021,0.065,0.048,151.107,43.164,1867.919,54.305939,-5.582742,331130.69
1727507.0,24.42,101532.87,112.69,-6.048,3.589,-6.385,-0.07,0.434,0.051,150.329,44.556,1868.399,54.305939,-5.582742,331130.69
1727760.0,24.42,101533.03,112.68,-5.258,3.594,-7.597,-0.028,0.396,0.036,151.426,43.442,1869.331,54.305939,-5.582742,331130.69
1728031.0,24.42,101533.25,112.66,-5.253,3.994,-7.745,-0.177,-0.072,-0.059,152.202,37.635,1869.138,54.305939,-5.582742,331130.69
1728258.0,24.42,101533.33,112.65,-4.954,3.634,-6.984,-0.176,0.168,-0.071,150.607,35.203,1868.019,54.305939,-5.582742,331130.69
1728507.0,24.42,101533.16,112.66,-5.03,3.651,-7.626,-0.154,0.264,-0.032,150.476,35.752,1867.334,54.305939,-5.582742,331130.69
1728755.0,24.42,101533.16,112.66,-4.348,3.85,-8.179,0.019,0.095,0.002,152.421,33.021,1867.182,54.305939,-5.58274,331130.75
1729068.0,24.42,101533.73,112.62,-4.578,3.527,-6.96,0.113,0.203,-0.07,155.374,30.277,1867.161,54.305939,-5.58274,331130.75
1729256.0,24.42,101533.24,112.66,-3.9,3.424,-8.511,-0.008,0.51,0.08,156.767,31.452,1866.715,54.305939,-5.58274,331130.75
1729505.0,24.42,101533.41,112.64,-3.39,3.096,-8.155,0.004,-0.004,-0.015,158.049,25.904,1867.289,54.305939,-5.58274,331130.75
1729758.0,24.42,101533.57,112.63,-3.357,3.414,-8.763,0.053,-0.043,0.039,160.088,22.397,1867.276,54.305939,-5.58274,331130.75
1730021.0,24.43,101533.66,112.62,-3.575,3.469,-8.801,0.044,0.041,0.052,160.639,21.39,1867.725,54.305939,-5.58274,331130.75
1730253.0,24.43,101533.0,112.68,-3.373,3.359,-9.467,-0.031,-0.003,-0.014,160.777,20.391,1868.001,54.305939,-5.58274,331130.75
1730508.0,24.43,101533.21,112.66,-3.132,2.94,-8.964,-0.12,0.077,0.101,160.64,20.265,1868.164,54.305939,-5.58274,331130.75
1730755.0,24.43,101533.21,112.66,-3.139,2.962,-8.906,0.003,0.039,-0.083,162.025,19.948,1867.368,54.305946,-5.582738,331131.5
1731026.0,24.43,101533.05,112.67,-3.359,2.758,-8.746,0.051,0.012,0.007,162.48,20.231,1867.193,54.305946,-5.582738,331131.5
1731253.0,24.43,101533.12,112.67,-3.359,2.181,-9.153,0.141,-0.04,0.018,163.77,19.757,1867.294,54.305946,-5.582738,331131.5
1731503.0,24.43,101533.21,112.66,-3.577,2.727,-8.526,0.031,-0.037,0.116,164.466,19.496,1867.556,54.305946,-5.582738,331131.5
1731756.0,24.43,101532.72,112.7,-2.931,2.291,-8.78,-0.126,-0.055,0.084,163.781,19.82,1868.828,54.305946,-5.582738,331131.5
-19953.0,21.59,101533.73,112.62,1.197,3.503,-9.076,-0.035,0.006,0.014,94.499,-4.031,0.214,0.0,0.0,0.0
-19705.0,21.61,101533.66,112.62,1.109,3.503,-9.074,-0.035,0.008,0.014,132.021,-5.542,0.409,0.0,0.0,0.0
-19456.0,21.62,101534.26,112.57,1.152,3.496,-9.072,-0.034,0.006,0.014,147.495,-6.279,0.614,0.0,0.0,0.0
-19201.0,21.63,101534.07,112.59,1.192,3.505,-9.115,-0.035,0.007,0.014,153.907,-6.529,0.823,0.0,0.0,0.0
-18956.0,21.64,101534.45,112.56,1.168,3.522,-9.091,-0.035,0.006,0.015,156.011,-6.589,1.016,0.0,0.0,0.0
-18702.0,21.65,101534.62,112.54,1.176,3.527,-9.11,-0.035,0.007,0.014,157.39,-6.691,1.227,0.0,0.0,0.0
-18453.0,21.65,101535.01,112.51,1.166,3.529,-9.122,-0.033,0.008,0.014,157.894,-6.663,1.429,0.0,0.0,0.0
-18203.0,21.66,101534.41,112.56,1.159,3.563,-9.129,-0.034,0.006,0.015,158.124,-6.691,1.63,0.0,0.0,0.0
-17953.0,21.66,101534.08,112.59,1.161,3.527,-9.139,-0.035,0.006,0.013,158.176,-6.712,1.836,0.0,0.0,0.0
-17704.0,21.66,101533.16,112.66,1.195,3.524,-9.093,-0.036,0.007,0.015,158.233,-6.708,2.045,0.0,0.0,0.0
-17456.0,21.67,101532.75,112.7,1.168,3.515,-9.117,-0.035,0.006,0.015,158.285,-6.722,2.24,0.0,0.0,0.0
-17200.0,21.67,101533.08,112.67,1.202,3.534,-9.093,-0.035,0.007,0.014,158.267,-6.718,2.454,0.0,0.0,0.0
-16952.0,21.67,101533.3,112.65,1.142,3.498,-9.127,-0.034,0.006,0.015,158.261,-6.668,2.648,0.0,0.0,0.0
-16704.0,21.68,101533.13,112.67,1.195,3.536,-9.112,-0.035,0.006,0.014,158.243,-6.732,2.857,0.0,0.0,0.0
-16455.0,21.68,101532.86,112.69,1.152,3.529,-9.103,-0.035,0.006,0.015,158.283,-6.674,3.058,0.0,0.0,0.0
-16205.0,21.68,101532.12,112.75,1.159,3.524,-9.076,-0.034,0.006,0.014,158.308,-6.691,3.259,0.0,0.0,0.0
-15956.0,21.68,101531.63,112.79,1.185,3.496,-9.091,-0.034,0.006,0.013,158.231,-6.723,3.465,0.0,0.0,0.0
-15702.0,21.69,101531.39,112.81,1.159,3.503,-9.088,-0.034,0.006,0.015,158.294,-6.681,3.67,0.0,0.0,0.0
-15453.0,21.69,101531.28,112.82,1.159,3.527,-9.108,-0.034,0.006,0.013,158.31,-6.726,3.876,0.0,0.0,0.0
-15203.0,21.69,101530.62,112.87,1.195,3.522,-9.115,-0.034,0.005,0.014,158.307,-6.736,4.082,0.0,0.0,0.0
-14951.0,21.69,101530.38,112.9,1.159,3.524,-9.108,-0.035,0.006,0.015,158.214,-6.671,4.288,0.0,0.0,0.0
-14703.0,21.69,101530.22,112.91,1.18,3.519,-9.112,-0.033,0.006,0.013,158.263,-6.737,4.492,0.0,0.0,0.0
-14454.0,21.69,101531.03,112.84,1.173,3.524,-9.096,-0.034,0.006,0.015,158.308,-6.694,4.699,0.0,0.0,0.0
-14204.0,21.69,101531.77,112.78,1.159,3.519,-9.103,-0.034,0.006,0.014,158.322,-6.715,4.899,0.0,0.0,0.0
-13954.0,21.69,101531.61,112.79,1.216,3.428,-9.055,-0.042,0.007,0.013,158.316,-6.751,5.107,0.0,0.0,0.0
-13706.0,21.69,101531.28,112.82,1.197,3.512,-9.108,-0.035,0.007,0.015,158.331,-6.74,5.312,0.0,0.0,0.0
-13451.0,21.69,101531.61,112.79,1.171,3.522,-9.146,-0.034,0.006,0.014,158.318,-6.735,5.522,0.0,0.0,0.0
-13201.0,21.69,101531.12,112.83,1.178,3.531,-9.103,-0.034,0.006,0.015,158.337,-6.74,5.731,0.0,0.0,0.0
-12956.0,21.69,101531.45,112.81,1.178,3.524,-9.122,-0.034,0.007,0.014,158.255,-6.711,5.937,0.0,0.0,0.0
-12702.0,21.69,101531.28,112.82,1.171,3.529,-9.12,-0.034,0.007,0.014,158.285,-6.737,6.145,0.0,0.0,0.0
-12454.0,21.69,101531.61,112.79,1.192,3.51,-9.146,-0.034,0.006,0.015,158.334,-6.734,6.355,0.0,0.0,0.0
-12203.0,21.69,101531.69,112.79,1.173,3.496,-9.103,-0.035,0.006,0.015,158.364,-6.722,6.561,0.0,0.0,0.0
-11956.0,21.69,101532.34,112.73,1.166,3.512,-9.115,-0.034,0.006,0.014,158.311,-6.712,6.769,0.0,0.0,0.0
-11702.0,21.69,101533.33,112.65,1.159,3.543,-9.074,-0.033,0.006,0.015,158.325,-6.689,6.98,0.0,0.0,0.0
-11453.0,21.69,101533.98,112.6,1.14,3.486,-9.127,-0.035,0.006,0.014,158.391,-6.729,7.181,0.0,0.0,0.0
-11203.0,21.69,101533.98,112.6,1.226,3.644,-9.359,-0.044,0.01,0.016,158.3,-6.709,7.398,0.0,0.0,0.0
-10952.0,21.69,101533.66,112.62,1.116,3.46,-9.052,-0.04,0.007,0.012,157.908,-6.802,7.589,0.0,0.0,0.0
-10703.0,21.69,101534.06,112.59,1.178,3.546,-8.971,-0.038,0.01,0.017,158.151,-6.622,7.799,0.0,0.0,0.0
-10455.0,21.69,101534.66,112.54,1.12,3.51,-9.124,-0.036,0.005,0.013,158.113,-6.849,8.003,0.0,0.0,0.0
-10204.0,21.69,101534.34,112.57,1.259,3.613,-9.158,-0.032,0.008,0.015,157.99,-6.774,8.218,0.0,0.0,0.0
-9957.0,21.68,101533.92,112.6,1.14,3.577,-9.1,-0.034,0.006,0.015,158.019,-6.731,8.412,0.0,0.0,0.0
-9703.0,21.68,101534.0,112.59,1.197,3.546,-9.103,-0.034,0.006,0.013,157.994,-6.863,8.629,0.0,0.0,0.0
-9454.0,21.68,101534.17,112.58,1.171,3.57,-9.067,-0.033,0.007,0.015,157.975,-6.757,8.836,0.0,0.0,0.0
-9204.0,21.68,101533.84,112.61,1.171,3.57,-9.105,-0.035,0.006,0.014,158.051,-6.82,9.04,0.0,0.0,0.0
-8954.0,21.68,101533.35,112.65,1.204,3.563,-9.103,-0.033,0.006,0.014,157.979,-6.814,9.257,0.0,0.0,0.0
-8705.0,21.68,101532.37,112.73,1.161,3.579,-9.084,-0.033,0.006,0.014,158.005,-6.804,9.459,0.0,0.0,0.0
-8451.0,21.68,101532.69,112.7,1.185,3.591,-9.127,-0.034,0.006,0.014,158.039,-6.843,9.673,0.0,0.0,0.0
-8201.0,21.68,101532.53,112.72,1.192,3.553,-9.081,-0.033,0.007,0.015,158.023,-6.809,9.884,0.0,0.0,0.0
-7955.0,21.68,101532.15,112.75,1.164,3.551,-9.093,-0.034,0.006,0.015,157.989,-6.781,10.09,0.0,0.0,0.0
-7707.0,21.68,101532.04,112.76,1.185,3.555,-9.079,-0.034,0.006,0.014,158.041,-6.816,10.301,0.0,0.0,0.0
-7452.0,21.68,101531.38,112.81,1.18,3.546,-9.096,-0.034,0.005,0.015,158.028,-6.785,10.514,0.0,0.0,0.0
-7202.0,21.68,101530.41,112.89,1.192,3.587,-9.084,-0.034,0.007,0.014,158.026,-6.85,10.722,0.0,0.0,0.0
-6953.0,21.68,101528.93,113.01,1.214,3.572,-9.11,-0.033,0.006,0.015,157.978,-6.85,10.933,0.0,0.0,0.0
-6705.0,21.68,101528.22,113.07,1.168,3.558,-9.1,-0.034,0.006,0.014,158.02,-6.824,11.143,0.0,0.0,0.0
-6456.0,21.68,101529.2,112.99,1.195,3.582,-9.115,-0.034,0.006,0.015,158.023,-6.874,11.355,0.0,0.0,0.0
-6200.0,21.68,101530.1,112.92,1.211,3.584,-9.112,-0.034,0.007,0.014,158.019,-6.823,11.573,0.0,0.0,0.0
-5955.0,21.68,101531.25,112.82,1.156,3.589,-9.11,-0.034,0.007,0.014,157.891,-6.775,11.776,0.0,0.0,0.0
-5701.0,21.67,101531.49,112.8,1.192,3.689,-8.794,-0.046,0.003,0.017,157.993,-6.853,11.999,0.0,0.0,0.0
-5453.0,21.67,101531.66,112.79,1.197,3.613,-9.009,-0.036,0.002,0.018,158.037,-6.856,12.254,0.0,0.0,0.0
-5202.0,21.67,101533.95,112.6,1.192,3.579,-9.187,-0.03,0.007,0.015,157.993,-6.815,12.497,0.0,0.0,0.0
-4953.0,21.67,101535.91,112.44,1.178,3.663,-9.021,-0.035,0.006,0.015,157.909,-6.828,12.73,0.0,0.0,0.0
-4705.0,21.67,101537.01,112.35,1.185,3.591,-9.069,-0.033,0.007,0.015,157.999,-6.768,12.943,0.0,0.0,0.0
-4456.0,21.67,101536.59,112.38,1.154,3.596,-9.131,-0.033,0.006,0.015,158.005,-6.786,13.151,0.0,0.0,0.0
-4200.0,21.67,101536.02,112.43,1.192,3.531,-9.115,-0.033,0.006,0.014,158.033,-6.797,13.378,0.0,0.0,0.0
-3956.0,21.66,101535.94,112.43,1.171,3.56,-9.124,-0.035,0.006,0.014,158.027,-6.79,13.587,0.0,0.0,0.0
-3702.0,21.66,101536.42,112.39,1.183,3.56,-9.081,-0.033,0.005,0.014,158.031,-6.795,13.806,0.0,0.0,0.0
-3453.0,21.66,101536.05,112.43,1.149,3.589,-9.074,-0.033,0.006,0.016,158.075,-6.746,14.02,0.0,0.0,0.0
-3203.0,21.66,101536.75,112.37,1.18,3.555,-9.184,-0.033,0.006,0.015,158.069,-6.797,14.241,0.0,0.0,0.0
-2954.0,21.66,101536.87,112.36,1.18,3.601,-9.151,-0.034,0.007,0.015,158.018,-6.75,14.458,0.0,0.0,0.0
-2706.0,21.66,101537.69,112.29,1.211,3.56,-9.141,-0.034,0.005,0.014,158.049,-6.795,14.67,0.0,0.0,0.0
-2452.0,21.66,101537.92,112.27,1.216,3.579,-9.151,-0.034,0.006,0.015,158.041,-6.752,14.892,0.0,0.0,0.0
-2201.0,21.66,101538.25,112.24,1.135,3.536,-9.134,-0.035,0.006,0.015,158.064,-6.736,15.1,0.0,0.0,0.0
-1951.0,21.66,101537.34,112.32,1.161,3.539,-9.11,-0.034,0.004,0.015,158.018,-6.766,15.309,0.0,0.0,0.0
-1703.0,21.65,101537.3,112.32,1.202,3.534,-9.177,-0.035,0.007,0.016,158.084,-6.737,15.519,0.0,0.0,0.0
-1455.0,21.65,101537.22,112.33,1.156,3.567,-9.179,-0.032,0.007,0.014,158.028,-6.771,15.727,0.0,0.0,0.0
-1202.0,21.65,101537.7,112.29,1.18,3.613,-9.165,-0.033,0.007,0.014,158.056,-6.816,15.944,54.303379,-5.582216,330924.22
-953.0,21.65,101537.45,112.31,1.159,3.553,-9.163,-0.031,0.006,0.015,158.015,-6.741,16.153,54.303379,-5.582216,330924.22
-703.0,21.65,101537.62,112.29,1.192,3.534,-9.117,-0.032,0.005,0.015,158.046,-6.818,16.367,54.303379,-5.582216,330924.22
-453.0,21.65,101537.73,112.29,1.231,3.579,-9.076,-0.033,0.006,0.016,158.082,-6.733,16.585,54.303379,-5.582216,330924.22
-200.0,21.64,101537.98,112.27,1.12,3.555,-9.158,-0.033,0.006,0.014,158.095,-6.762,16.791,54.303406,-5.58224,330925.69
46.0,21.64,101539.86,112.11,1.247,3.584,-9.163,-0.033,0.007,0.014,157.963,-6.827,17.006,54.303406,-5.58224,330925.69
295.0,21.64,101542.42,111.9,1.202,3.646,-9.146,-0.036,0.007,0.014,158.051,-6.723,17.214,54.303406,-5.58224,330925.69
545.0,21.64,101543.33,111.82,1.178,3.572,-9.158,-0.034,0.006,0.014,158.06,-6.843,17.419,54.303406,-5.58224,330925.69
798.0,21.64,101544.14,111.74,1.228,3.591,-9.096,-0.033,0.005,0.015,158.04,-6.789,17.636,54.303425,-5.58226,330926.59
1045.0,21.63,101544.71,111.71,1.156,3.584,-9.088,-0.034,0.007,0.016,157.99,-6.697,17.843,54.303425,-5.58226,330926.59
1295.0,21.63,101543.81,111.78,1.135,3.57,-9.096,-0.035,0.005,0.015,158.062,-6.81,18.053,54.303425,-5.58226,330926.59
1545.0,21.63,101542.36,111.9,1.202,3.563,-9.091,-0.033,0.007,0.016,158.042,-6.74,18.273,54.303425,-5.58226,330926.59
1797.0,21.62,101541.46,111.98,1.109,3.548,-9.084,-0.034,0.006,0.015,158.073,-6.773,18.48,54.303429,-5.58227,330926.53
2047.0,21.62,101539.94,112.1,1.19,3.529,-9.055,-0.033,0.005,0.013,158.011,-6.823,18.698,54.303429,-5.58227,330926.53
2297.0,21.62,101538.38,112.23,1.214,3.551,-9.115,-0.033,0.007,0.015,158.065,-6.749,18.909,54.303429,-5.58227,330926.53
2547.0,21.62,101537.64,112.29,1.135,3.558,-9.115,-0.035,0.006,0.014,158.086,-6.752,19.115,54.303429,-5.58227,330926.53
2800.0,21.61,101536.61,112.38,1.207,3.589,-9.124,-0.035,0.006,0.014,158.08,-6.817,19.331,54.303436,-5.58228,330926.81
3044.0,21.61,101535.95,112.43,1.199,3.577,-9.105,-0.034,0.007,0.016,157.9,-6.748,19.542,54.303436,-5.58228,330926.81
3293.0,21.61,101534.88,112.52,1.173,3.57,-9.112,-0.034,0.006,0.015,158.023,-6.797,19.755,54.303436,-5.58228,330926.81
3549.0,21.61,101534.3,112.57,1.195,3.558,-9.134,-0.034,0.006,0.015,158.085,-6.8,19.973,54.303436,-5.58228,330926.81
3796.0,21.61,101535.41,112.48,1.159,3.584,-9.153,-0.033,0.006,0.016,158.061,-6.741,20.177,54.303444,-5.58229,330927.09
4047.0,21.6,101535.31,112.49,1.156,3.56,-9.12,-0.034,0.005,0.014,158.041,-6.78,20.387,54.303444,-5.58229,330927.09
4296.0,21.6,101535.23,112.49,1.216,3.558,-9.098,-0.032,0.006,0.014,158.069,-6.788,20.601,54.303444,-5.58229,330927.09
4546.0,21.6,101534.91,112.52,1.171,3.57,-9.081,-0.033,0.007,0.015,158.084,-6.768,20.811,54.303444,-5.58229,330927.09
4799.0,21.6,101533.77,112.61,1.195,3.57,-9.12,-0.034,0.005,0.014,158.109,-6.808,21.026,54.303448,-5.582296,330927.19
5047.0,21.6,101532.12,112.75,1.207,3.558,-9.115,-0.033,0.006,0.015,158.045,-6.763,21.241,54.303448,-5.582296,330927.19
5296.0,21.6,101531.63,112.79,1.173,3.553,-9.127,-0.034,0.006,0.015,158.091,-6.767,21.448,54.303448,-5.582296,330927.19
5546.0,21.6,101532.04,112.76,1.204,3.582,-9.124,-0.034,0.007,0.014,158.105,-6.796,21.667,54.303448,-5.582296,330927.19
5799.0,21.6,101532.2,112.74,1.199,3.548,-9.134,-0.033,0.005,0.015,158.107,-6.755,21.875,54.303471,-5.582268,330930.31
6044.0,21.6,101532.37,112.73,1.171,3.531,-9.11,-0.035,0.006,0.015,158.056,-6.752,22.08,54.303471,-5.582268,330930.31
6299.0,21.6,101531.96,112.76,1.207,3.584,-9.1,-0.033,0.008,0.014,158.078,-6.752,22.288,54.303471,-5.582268,330930.31
6548.0,21.6,101532.61,112.71,1.183,3.603,-9.11,-0.031,0.01,0.012,158.064,-6.724,22.461,54.303471,-5.582268,330930.31
6796.0,21.6,101532.53,112.72,1.168,3.589,-9.12,-0.03,0.009,0.011,158.169,-6.729,22.61,54.303471,-5.58228,330929.88
7049.0,21.6,101532.86,112.69,1.211,3.575,-9.143,-0.034,0.008,0.015,158.148,-6.74,22.789,54.303471,-5.58228,330929.88
7298.0,21.6,101533.02,112.68,1.183,3.553,-9.129,-0.035,0.005,0.015,158.203,-6.825,22.989,54.303471,-5.58228,330929.88
7548.0,21.6,101533.52,112.64,1.209,3.536,-9.127,-0.033,0.007,0.015,158.199,-6.85,23.205,54.303471,-5.58228,330929.88
7796.0,21.6,101534.82,112.53,1.195,3.534,-9.112,-0.033,0.006,0.016,158.201,-6.85,23.413,54.303471,-5.582293,330929.34
8045.0,21.6,101535.64,112.46,1.183,3.584,-9.091,-0.034,0.007,0.015,158.165,-6.877,23.622,54.303471,-5.582293,330929.34
8296.0,21.6,101535.64,112.46,1.207,3.503,-9.17,-0.033,0.007,0.015,158.209,-6.879,23.834,54.303471,-5.582293,330929.34
8546.0,21.6,101535.8,112.45,1.154,3.577,-9.165,-0.032,0.008,0.011,158.174,-6.888,24.036,54.303471,-5.582293,330929.34
8799.0,21.6,101534.5,112.55,1.192,3.536,-9.098,-0.035,0.005,0.015,158.218,-6.921,24.241,54.303463,-5.582305,330928.19
9046.0,21.6,101533.59,112.63,1.214,3.539,-9.096,-0.033,0.005,0.015,158.129,-6.892,24.452,54.303463,-5.582305,330928.19
9296.0,21.6,101533.27,112.66,1.228,3.522,-9.122,-0.033,0.006,0.015,158.203,-6.915,24.666,54.303463,-5.582305,330928.19
9546.0,21.6,101532.94,112.68,1.204,3.531,-9.11,-0.032,0.005,0.016,158.215,-6.891,24.882,54.303463,-5.582305,330928.19
9800.0,21.6,101533.02,112.68,1.195,3.555,-9.103,-0.033,0.007,0.015,158.214,-6.904,25.101,54.303455,-5.582315,330927.12
